time,lat,lon,alt,SPS_PM1,SPS_PM2.5,SPS_PM10,SPS_nc0.5,SPS_nc1,SPS_nc2.5,SPS_nc4,SPS_nc10,5003_PM1,5003_PM2.5,5003_PM10,5003_nc0.3,5003_nc0.5,5003_nc1,5003_nc2.5,5003_nc5,5003_nc10,7003_PM1,7003_PM2.5,7003_PM10,7003_nc0.3,7003_nc0.5,7003_nc1,7003_nc2.5,7003_nc5,7003_nc10,Temperature,Relative_Humidity,Pressure,CO,NH3,NO2,atmotube_VOC[ppm],atmotube_AQS,atmotube_Temperature[˚C],atmotube_Humidity[%],atmotube_Pressure[hPa],atmotube_PM1[µg/m³],atmotube_PM2.5[µg/m³],atmotube_PM10[µg/m³],atmotube_Latitude,atmotube_Longitude
2022-10-25 16:38:02,52.394928333,13.040795,60.8,4.061126351356506,4.2944865226745605,4.2944865226745605,28.12673568725586,32.352538108825684,32.41122531890869,32.41801929473877,32.422602653503425,7.5,8.5,9.5,1159.5,371.5,37.0,1.5,1.0,1.0,5.0,6.0,8.0,1089.0,315.0,30.5,6.0,2.0,0.0,18.86056640625,70.95841405199931,1014.062395513303,1536.0,2624.0,320.0,0.245,85,16,74,1014.1,5.0,7.0,8.0,52.394902059964295,13.040535107164596
2022-10-25 16:38:03,52.394926667,13.040793333,61.7,4.045478820800781,4.277939796447754,4.277939796447754,28.01836395263672,32.227882385253906,32.286344528198235,32.29311180114746,32.29767799377441,7.0,8.0,9.0,1107.0,354.0,34.0,1.0,1.0,1.0,5.0,5.5,5.5,925.5,261.0,27.5,0.0,0.0,0.0,18.68498046875,73.06293268546752,1014.0711250011788,2016.0,3264.0,352.0,0.245,85,16,74,1014.1,5.0,7.0,8.0,52.394902059964295,13.040535107164596
2022-10-25 16:38:06,52.394918333,13.040796667,58.0,3.997265338897705,4.2269558906555185,4.2269558906555185,27.684444427490234,31.843796730041504,31.901559829711914,31.90824890136719,31.91275978088379,7.0,8.0,10.0,1158.0,370.0,40.0,2.0,2.0,1.0,4.0,5.0,5.0,978.0,270.5,34.0,0.0,0.0,0.0,18.588203125,72.67029644628937,1014.0795150819647,2080.0,3136.0,416.0,0.245,85,16,74,1014.1,5.0,7.0,8.0,52.394902059964295,13.040535107164596
2022-10-25 16:38:09,52.394915000000005,13.040798333,57.1,3.974300742149353,4.202671766281128,4.202671766281128,27.525395393371586,31.66085147857666,31.71828365325928,31.72493267059326,31.72941780090332,7.0,8.0,9.5,1161.0,368.0,36.5,2.0,2.0,1.0,5.0,6.0,6.0,972.0,259.5,30.0,0.0,0.0,0.0,18.57228515625,72.30145961900311,1014.0759492306096,2176.0,3040.0,352.0,0.245,85,16,74,1014.1,5.0,7.0,8.0,52.394902059964295,13.040535107164596
2022-10-25 16:38:09,52.394915000000005,13.040798333,57.1,4.015184998512268,4.24590539932251,4.24590539932251,27.80855369567871,31.986552238464355,32.04457378387451,32.051292419433594,32.05582427978516,7.0,8.0,9.0,1164.0,366.0,33.0,2.0,2.0,1.0,4.5,5.5,5.5,958.5,255.0,30.0,0.0,0.0,0.0,18.58205078125,71.98808224890018,1014.0685532927437,2208.0,3232.0,320.0,0.245,85,16,74,1014.1,5.0,7.0,8.0,52.394902059964295,13.040535107164596
2022-10-25 16:38:16,52.394915000000005,13.040798333,58.8,4.110053062438965,4.346224784851073,4.346224784851073,28.465596199035645,32.7423095703125,32.80170249938965,32.80858039855957,32.81321907043457,7.0,8.0,9.0,1170.0,366.0,33.0,2.0,2.0,1.0,4.0,5.0,5.0,961.5,262.0,44.0,0.0,0.0,0.0,18.59943359375,71.67296580491312,1014.0736908886174,1888.0,2688.0,352.0,0.245,85,16,74,1014.1,5.0,7.0,8.0,52.394902059964295,13.040535107164596
2022-10-25 16:38:20,52.394915000000005,13.040798333,58.8,4.130492448806764,4.367838382720946,4.367838382720946,28.60715484619141,32.905136108398445,32.96482467651367,32.97173500061035,32.97639846801758,7.5,8.0,9.5,1198.5,374.5,35.0,2.0,2.0,1.0,4.0,5.0,5.5,984.0,258.5,43.0,1.0,1.0,0.0,18.62423828125,71.44722251289342,1014.0776300729376,1344.0,2112.0,384.0,0.245,85,16,74,1014.1,5.0,7.0,8.0,52.394902059964295,13.040535107164596
2022-10-25 16:38:23,52.394915000000005,13.040798333,58.8,4.1069889068603525,4.342984199523927,4.342984199523927,28.444372177124023,32.7178955078125,32.77724838256836,32.784116744995124,32.78875160217285,8.0,8.0,10.0,1227.0,383.0,37.0,2.0,2.0,1.0,4.0,4.5,5.5,1005.0,263.5,30.5,2.0,2.0,0.0,18.64328125,71.17019426757355,1014.0695717895727,864.0,1120.0,384.0,0.245,85,16,74,1014.1,5.0,7.0,8.0,52.394902059964295,13.040535107164596
2022-10-25 16:38:27,52.394915000000005,13.040798333,58.8,4.0778865814208975,4.3122098445892325,4.3122098445892325,28.24281406402588,32.48605728149414,32.544984817504876,32.551807403564446,32.55640983581543,7.0,8.0,10.0,1203.0,377.0,39.0,2.0,2.0,1.0,5.0,5.5,6.5,981.0,266.5,27.5,2.0,2.0,0.0,18.6766796875,71.5804478658579,1014.0666913925467,800.0,992.0,192.0,0.245,85,16,74,1014.1,5.0,7.0,8.0,52.394902059964295,13.040535107164596
2022-10-25 16:38:30,52.394915000000005,13.040798333,58.8,4.057442426681519,4.290590763092041,4.290590763092041,28.10122108459473,32.32318878173828,32.381824493408196,32.38861083984375,32.39319229125977,7.5,8.5,10.0,1234.5,389.5,40.0,2.5,2.0,1.0,4.0,4.5,5.5,999.0,275.5,29.0,2.0,2.0,0.0,18.710859375,71.57910392717741,1014.0583852341381,864.0,1344.0,384.0,0.245,85,16,74,1014.1,5.0,7.0,8.0,52.394902059964295,13.040535107164596
2022-10-25 16:38:30,52.394915000000005,13.040798333,58.8,4.133752107620238,4.3712854385375985,4.3712854385375985,28.62973022460937,32.931102752685554,32.9908390045166,32.99775505065918,33.00242042541504,8.0,9.0,10.0,1266.0,402.0,41.0,3.0,2.0,1.0,4.0,5.0,6.0,988.5,279.0,22.0,2.0,2.0,0.0,18.7454296875,71.5541776134332,1014.0649666124167,864.0,1152.0,320.0,0.245,85,16,74,1014.1,5.0,7.0,8.0,52.394902059964295,13.040535107164596
2022-10-25 16:38:37,52.394915000000005,13.040798333,58.8,4.0793445110321045,4.313751459121703,4.313751459121703,28.252910614013672,32.497669219970696,32.55661964416504,32.563444137573235,32.56804847717285,7.0,9.0,10.0,1251.0,396.0,39.0,3.0,1.0,0.0,4.0,5.0,5.5,915.0,261.5,23.0,1.0,1.0,0.0,18.7762890625,71.50502650398684,1014.0721448047914,800.0,1024.0,352.0,0.245,85,16,74,1014.1,5.0,7.0,8.0,52.394902059964295,13.040535107164596
2022-10-25 16:38:41,52.394915000000005,13.040798333,58.8,3.994248628616333,4.2237656116485605,4.2237656116485605,27.66355037689209,31.81976318359375,31.877483367919922,31.88416576385498,31.888673782348636,7.0,9.0,10.0,1252.5,396.0,38.0,3.0,1.0,0.0,4.0,5.0,5.0,885.0,262.5,35.5,0.0,0.0,0.0,18.79435546875,71.3964653700872,1014.0742020063742,832.0,1184.0,352.0,0.245,85,16,74,1014.1,5.0,7.0,8.0,52.394902059964295,13.040535107164596
2022-10-25 16:38:44,52.394915000000005,13.040798333,58.8,3.815526008605957,4.034773230552673,4.034773230552673,26.42574405670166,30.39598751068115,30.45112609863281,30.45750904083252,30.46181488037109,7.0,9.0,10.0,1254.0,396.0,37.0,3.0,1.0,0.0,6.0,6.0,6.0,976.5,280.5,36.5,0.0,0.0,0.0,18.80236328125,71.2964890391289,1014.0764774328765,832.0,1152.0,384.0,0.245,85,16,74,1014.1,5.0,7.0,8.0,52.394902059964295,13.040535107164596
2022-10-25 16:38:48,52.394915000000005,13.040798333,58.8,3.6852798461914062,3.8970432281494136,3.8970432281494136,25.523680686950684,29.35839653015137,29.41165256500244,29.41781806945801,29.421977996826172,7.0,9.0,10.0,1263.0,399.0,45.0,3.0,1.0,0.0,5.5,6.0,7.0,1041.0,294.0,35.0,1.0,1.0,1.0,18.80529296875,71.17214850417187,1014.0754286380217,864.0,1152.0,320.0,0.245,85,16,74,1014.1,5.0,7.0,8.0,52.394902059964295,13.040535107164596
2022-10-25 16:38:48,52.394915000000005,13.040798333,58.8,3.72435986995697,3.938368797302246,3.938368797302246,25.79434299468994,29.66972255706787,29.723543167114254,29.729774475097656,29.73397731781006,7.5,9.5,10.5,1294.5,409.0,47.0,3.0,1.0,0.0,5.5,6.0,8.5,1101.0,304.0,40.0,4.0,4.0,2.0,18.8075390625,71.024175529508,1014.0791237708664,800.0,1024.0,288.0,0.245,85,16,74,1014.1,5.0,7.0,8.0,52.394902059964295,13.040535107164596
2022-10-25 16:38:54,52.394915000000005,13.040798333,58.8,3.803058743476868,4.021589994430542,4.021589994430542,26.339399337768555,30.29666996002197,30.3516263961792,30.357990264892575,30.36228179931641,8.0,10.0,11.0,1326.0,419.0,49.0,3.0,1.0,0.0,5.5,6.5,9.5,1137.0,317.5,40.0,4.0,4.0,2.0,18.806171875,70.93635903258202,1014.086934951642,800.0,1184.0,320.0,0.245,85,16,74,1014.1,5.0,7.0,8.0,52.394902059964295,13.040535107164596
2022-10-25 16:38:58,52.394915000000005,13.040798333,58.8,3.8276872634887695,4.047633409500122,4.047633409500122,26.50997257232666,30.49286937713623,30.548182487487797,30.554587364196774,30.558907508850094,8.0,10.0,10.0,1332.0,424.0,49.0,2.0,0.0,0.0,6.0,6.0,9.0,1071.0,297.5,30.0,4.0,4.0,2.0,18.80529296875,70.85539094126148,1014.0846506499124,896.0,1120.0,320.0,0.245,85,16,74,1014.1,5.0,7.0,8.0,52.394902059964295,13.040535107164596
2022-10-25 16:39:02,52.394915000000005,13.040798333,58.8,3.787144660949707,4.004761338233949,4.004761338233949,26.22918033599853,30.169891357421875,30.224618911743164,30.23095512390137,30.2352294921875,8.0,10.5,11.0,1350.0,432.0,51.5,3.5,0.5,0.5,4.0,6.0,8.0,1033.5,295.5,39.0,4.0,4.0,2.0,18.79865234375,70.77018164466496,1014.0762408703833,896.0,1184.0,384.0,0.258,84,16,72,1014.1,5.0,7.0,8.0,52.394902059964295,13.040535107164596
2022-10-25 16:39:05,52.394915000000005,13.040798333,58.8,3.8683243989944462,4.090605735778809,4.090605735778809,26.79141902923584,30.816601753234863,30.87250232696533,30.878973960876465,30.88333988189697,8.0,11.0,12.0,1368.0,440.0,54.0,5.0,1.0,1.0,5.0,6.0,8.0,961.5,276.0,39.5,3.0,3.0,1.0,18.79015625,70.59388559253006,1014.0689703521159,768.0,960.0,352.0,0.258,84,16,72,1014.1,5.0,7.0,8.0,52.394902059964295,13.040535107164596
2022-10-25 16:39:09,52.394915000000005,13.040798333,58.8,3.877825140953064,4.1006524562835684,4.1006524562835684,26.857219696044922,30.892287254333496,30.948326110839844,30.954813957214355,30.959190368652344,8.0,11.0,12.0,1371.0,442.0,58.0,6.0,2.0,1.0,4.0,5.5,5.5,946.5,273.5,41.5,0.0,0.0,0.0,18.78419921875,70.6669553155678,1014.0591701290092,960.0,1248.0,448.0,0.258,84,16,72,1014.1,5.0,7.0,8.0,52.394902059964295,13.040535107164596
2022-10-25 16:39:09,52.394915000000005,13.040798333,58.8,3.8648780584335327,4.086961507797241,4.086961507797241,26.767550468444824,30.78914737701416,30.84499740600586,30.85146427154541,30.85582637786865,8.0,11.0,12.0,1348.5,436.5,54.0,6.0,2.0,1.0,4.0,6.0,7.0,1011.0,296.5,43.0,2.0,2.0,0.0,18.77462890625,70.79670752203499,1014.0610303701668,1024.0,1376.0,480.0,0.258,84,16,72,1014.1,5.0,7.0,8.0,52.394902059964295,13.040535107164596
2022-10-25 16:39:15,52.394915000000005,13.040798333,58.8,3.837695956230164,4.058217525482179,4.058217525482179,26.57929039001465,30.57260322570801,30.628061294555664,30.63448143005371,30.638813018798828,8.0,11.0,12.0,1326.0,431.0,50.0,6.0,2.0,1.0,5.5,7.0,8.0,1077.0,317.0,44.0,2.0,2.0,0.0,18.758125,70.77727263364092,1014.0556745637897,672.0,800.0,320.0,0.258,84,16,72,1014.1,5.0,7.0,8.0,52.394902059964295,13.040535107164596
2022-10-25 16:39:19,52.394915000000005,13.040798333,58.8,3.890401124954224,4.113950967788696,4.113950967788696,26.944318771362305,30.992472648620605,31.048691749572754,31.055201530456547,31.05959224700928,8.0,10.0,12.0,1287.0,418.0,50.0,6.0,2.0,1.0,6.0,8.0,9.0,1126.5,335.0,43.0,2.0,2.0,0.0,18.737421875000006,70.85145647563408,1014.0509537107444,736.0,800.0,352.0,0.258,84,16,72,1014.1,5.0,7.0,8.0,52.394902059964295,13.040535107164596
2022-10-25 16:39:23,52.394915000000005,13.040798333,58.8,3.960121154785156,4.1876773834228525,4.1876773834228525,27.42718982696533,31.54789066314697,31.60511779785156,31.61174297332764,31.616212844848636,8.0,10.0,12.0,1290.0,417.0,51.0,6.0,2.5,1.5,5.0,6.5,7.5,1113.0,332.0,40.5,2.0,2.0,0.0,18.67873046875,70.92977273425389,1014.0524631324547,736.0,928.0,352.0,0.258,84,16,72,1014.1,5.0,7.0,8.0,52.394902059964295,13.040535107164596
2022-10-25 16:39:27,52.394896667,13.040771667000001,34.8,3.9840381145477295,4.212968587875366,4.212968587875366,27.59283447265625,31.738422393798828,31.795995712280273,31.80266094207764,31.80715847015381,8.0,10.0,12.0,1293.0,416.0,52.0,6.0,3.0,2.0,4.5,6.0,7.0,1060.5,306.5,33.0,2.0,2.0,0.0,18.61017578125,71.05374308824794,1014.0553281538536,640.0,768.0,288.0,0.258,84,16,72,1014.1,5.0,7.0,8.0,52.394902059964295,13.040535107164596
2022-10-25 16:39:30,52.394896667,13.040771667000001,34.8,4.164501667022705,4.403801918029785,4.403801918029785,28.84269714355469,33.17606735229492,33.23624801635742,33.24321556091309,33.247915267944336,8.0,11.0,13.0,1308.0,423.0,68.0,5.0,3.0,2.0,5.0,6.0,6.0,1080.0,307.0,36.0,0.0,0.0,0.0,18.53048828125,71.19962907384581,1014.0666671559387,704.0,896.0,352.0,0.258,84,16,72,1014.1,5.0,7.0,8.0,52.394902059964295,13.040535107164596
2022-10-25 16:39:30,52.394896667,13.040771667000001,34.8,4.135211706161498,4.372828722000122,4.372828722000122,28.63983917236328,32.942731857299805,33.00248908996582,33.00940704345703,33.014074325561516,8.0,11.0,13.0,1300.5,421.0,71.0,5.0,3.0,2.0,4.5,5.5,5.5,1015.5,283.0,34.5,0.0,0.0,0.0,18.44982421875,71.35893676392834,1014.0763690679178,704.0,864.0,288.0,0.258,84,16,72,1014.1,5.0,7.0,8.0,52.394902059964295,13.040535107164596
2022-10-25 16:39:37,52.394896667,13.040771667000001,34.8,4.070760250091554,4.304673910140991,4.304673910140991,28.193458557128906,32.42928695678711,32.48811149597168,32.494922637939446,32.4995174407959,8.0,11.0,13.0,1293.0,419.0,74.0,5.0,3.0,2.0,3.0,4.0,4.0,909.0,243.5,23.0,0.0,0.0,0.0,18.39396484375,71.45811461676792,1014.0724082874755,768.0,864.0,416.0,0.258,84,16,72,1014.1,5.0,7.0,8.0,52.394902059964295,13.040535107164596
2022-10-25 16:39:40,52.394896667,13.040771667000001,34.8,4.0457608699798575,4.27823805809021,4.27823805809021,28.02031707763672,32.23012924194336,32.28859519958496,32.29536247253418,32.29993057250977,8.0,11.0,13.0,1311.0,425.0,72.0,5.0,3.0,2.0,4.5,5.0,5.0,931.5,250.5,21.0,0.0,0.0,0.0,18.3262890625,71.5892527698204,1014.0824938630933,736.0,896.0,384.0,0.258,84,16,72,1014.1,5.0,7.0,8.0,52.394902059964295,13.040535107164596
2022-10-25 16:39:44,52.394896667,13.040771667000001,34.8,4.117766618728639,4.354381322860719,4.354381322860719,28.51901817321777,32.80375862121582,32.863264083862305,32.87015151977539,32.874799728393555,8.0,10.5,12.5,1282.5,417.0,70.0,5.0,3.0,2.0,5.0,5.0,5.0,948.0,260.0,15.5,0.0,0.0,0.0,18.25880859375,71.84215007279627,1014.084502491978,704.0,960.0,416.0,0.258,84,16,72,1014.1,5.0,7.0,8.0,52.394902059964295,13.040535107164596
2022-10-25 16:39:48,52.394896667,13.040771667000001,34.8,4.073202133178712,4.30725622177124,4.30725622177124,28.21037006378174,32.44873809814453,32.507598876953125,32.514413833618164,32.519012451171875,8.0,10.0,12.0,1254.0,409.0,68.0,5.0,3.0,2.0,4.0,4.0,4.0,852.0,237.0,8.0,0.0,0.0,0.0,18.19416015625,71.93675107951788,1014.076913733656,736.0,864.0,320.0,0.258,84,16,72,1014.1,5.0,7.0,8.0,52.394902059964295,13.040535107164596
2022-10-25 16:39:51,52.394895,13.040766667,31.8,3.884339690208435,4.10754132270813,4.10754132270813,26.9023380279541,30.94418525695801,31.000317573547363,31.006816864013672,31.01120090484619,8.0,10.0,12.0,1227.0,396.0,61.0,5.0,3.0,2.0,4.5,4.5,4.5,946.5,270.0,20.0,0.0,0.0,0.0,18.1395703125,72.07021330969611,1014.0699567277555,704.0,800.0,352.0,0.258,84,16,72,1014.1,5.0,7.0,8.0,52.394902059964295,13.040535107164596
2022-10-25 16:39:51,52.394895,13.040766667,31.8,3.825905680656433,4.0457496643066415,4.0457496643066415,26.49763298034668,30.47867774963379,30.53396511077881,30.54036617279053,30.5446834564209,7.5,9.5,11.0,1215.0,392.0,61.0,3.5,2.5,1.5,4.5,5.0,5.0,945.0,270.0,22.0,0.0,0.0,0.0,18.096015625,72.16146292090316,1014.0702691886377,768.0,896.0,352.0,0.258,84,16,72,1014.1,5.0,7.0,8.0,52.394902059964295,13.040535107164596
2022-10-25 16:39:58,52.394895,13.040766667,31.8,3.778524160385132,3.995645403862,3.995645403862,26.169475555419922,30.101216316223145,30.1558198928833,30.16214084625244,30.16640567779541,7.0,9.0,10.0,1203.0,388.0,61.0,2.0,2.0,1.0,5.0,6.0,6.0,937.5,266.5,29.0,0.0,0.0,0.0,18.03654296875,72.17913272678288,1014.0719968527428,672.0,800.0,352.0,0.258,84,16,72,1014.1,5.0,7.0,8.0,52.394902059964295,13.040535107164596
2022-10-25 16:40:02,52.394895,13.040763333,30.3,3.687179088592529,3.899051547050476,3.899051547050476,25.53683376312256,29.37352561950684,29.42680931091309,29.4329776763916,29.4371395111084,7.0,10.0,10.0,1188.0,382.0,63.0,4.0,1.0,1.0,5.5,6.5,6.5,993.0,276.5,41.0,0.0,0.0,0.0,17.972773437500006,72.19612798341231,1014.0699819352124,672.0,704.0,320.0,0.244,85,16,72,1014.2,3.0,5.0,6.0,52.394902059964295,13.040535107164596
2022-10-25 16:40:05,52.394895,13.040763333,29.9,3.631293773651123,3.839954853057861,3.839954853057861,25.149781227111816,28.92832088470459,28.980796813964844,28.98687171936035,28.990970611572266,7.0,10.0,10.5,1201.5,384.5,64.0,4.0,1.0,1.0,5.0,6.5,6.5,1009.5,269.0,42.0,0.0,0.0,0.0,17.911738281250006,72.349024445709,1014.0774757117056,672.0,736.0,288.0,0.244,85,16,72,1014.2,3.0,5.0,6.0,52.394902059964295,13.040535107164596
2022-10-25 16:40:09,52.394895,13.040761667,29.5,3.645537972450256,3.8550175428390494,3.8550175428390494,25.24843406677246,29.041796684265137,29.094477653503414,29.10057640075684,29.10469150543213,7.0,10.0,11.0,1215.0,387.0,65.0,4.0,1.0,1.0,4.5,5.0,5.0,913.5,238.0,27.0,0.0,0.0,0.0,17.86251953125,72.47337837760237,1014.0834842601766,640.0,768.0,352.0,0.244,85,16,72,1014.2,3.0,5.0,6.0,52.394902059964295,13.040535107164596
2022-10-25 16:40:09,52.394895,13.040761667,29.5,3.60411274433136,3.811212062835693,3.811212062835693,24.96152973175049,28.7117862701416,28.763869285583496,28.76990032196045,28.773967742919922,8.0,10.0,11.0,1230.0,392.0,63.0,4.0,1.0,1.0,4.0,5.0,5.0,877.5,232.5,26.0,0.0,0.0,0.0,17.8258984375,72.63370655222887,1014.0901395204097,768.0,896.0,384.0,0.244,85,16,72,1014.2,3.0,5.0,6.0,52.394902059964295,13.040535107164596
2022-10-25 16:40:15,52.394923333,13.040708333,27.8,3.6209828853607178,3.8290516138076782,3.8290516138076782,25.078369140625,28.84618091583252,28.898507118225094,28.90456581115723,28.90865230560303,7.5,10.0,10.5,1207.5,386.5,64.0,3.5,0.5,0.5,4.0,5.0,5.0,862.5,232.5,30.5,0.0,0.0,0.0,17.78810546875,72.77359742322973,1014.0923467204248,768.0,896.0,288.0,0.244,85,16,72,1014.2,3.0,5.0,6.0,52.394902059964295,13.040535107164596
2022-10-25 16:40:19,52.394931667,13.04067,23.6,3.6201996803283687,3.82822334766388,3.82822334766388,25.0729455947876,28.83994197845459,28.89225673675537,28.89831256866455,28.90240001678467,7.0,10.0,10.0,1185.0,381.0,65.0,3.0,0.0,0.0,4.0,5.0,5.0,813.0,222.5,23.0,0.0,0.0,0.0,17.745136718749997,72.899160213057,1014.1019247688271,672.0,896.0,352.0,0.244,85,16,72,1014.2,3.0,5.0,6.0,52.394902059964295,13.040535107164596
2022-10-25 16:40:23,52.394936666999996,13.040646667,24.5,3.555930733680725,3.7602612972259517,3.7602612972259517,24.62782859802246,28.32794952392578,28.379335403442386,28.38528537750244,28.38929843902588,7.0,9.0,10.0,1164.0,370.0,55.0,4.0,0.0,0.0,4.0,5.0,6.0,822.0,232.0,30.5,1.0,1.0,1.0,17.7122265625,72.98562344896803,1014.1029546315042,736.0,928.0,384.0,0.244,85,16,72,1014.2,3.0,5.0,6.0,52.394902059964295,13.040535107164596
2022-10-25 16:40:26,52.394943333,13.040625,24.3,3.5808948278427124,3.7866599559783936,3.7866599559783936,24.800726890563965,28.52682399749756,28.578571319580078,28.58456325531006,28.58860492706299,7.0,9.0,9.5,1140.0,362.0,52.0,4.0,0.0,0.0,4.0,6.0,7.0,906.0,251.0,39.0,2.0,2.0,2.0,17.68654296875,73.0664719249331,1014.1050037787816,896.0,1088.0,384.0,0.244,85,16,72,1014.2,3.0,5.0,6.0,52.394902059964295,13.040535107164596
2022-10-25 16:40:30,52.394956666999995,13.040585,26.1,3.731349349021912,3.9457598924636836,3.9457598924636836,25.84275054931641,29.72540378570557,29.77932548522949,29.78556823730469,29.78977870941162,7.0,9.0,9.0,1116.0,354.0,49.0,4.0,0.0,0.0,5.0,6.0,7.5,931.5,259.0,38.0,2.0,2.0,2.0,17.65861328125,73.16738414355129,1014.1133923954897,896.0,1056.0,480.0,0.244,85,16,72,1014.2,3.0,5.0,6.0,52.394902059964295,13.040535107164596
2022-10-25 16:40:30,52.394956666999995,13.040585,26.1,3.8231319189071655,4.042816638946533,4.042816638946533,26.47842311859131,30.45658016204834,30.51182842254639,30.51822376251221,30.52254009246826,7.0,9.0,9.0,1134.0,360.0,45.0,4.0,0.0,0.0,5.0,6.0,7.0,952.5,259.0,28.5,2.0,2.0,2.0,17.641132812499997,73.29721230792978,1014.114722474078,960.0,1152.0,288.0,0.244,85,16,72,1014.2,3.0,5.0,6.0,52.394902059964295,13.040535107164596
2022-10-25 16:40:36,52.39498,13.040516667,20.9,3.79104745388031,4.008888244628906,4.008888244628906,26.25621032714844,30.200982093811035,30.25576686859131,30.26210880279541,30.266387939453125,7.0,9.0,9.0,1137.0,361.0,47.0,4.0,0.0,0.0,5.0,6.0,7.5,931.5,259.0,28.0,2.0,2.0,2.0,17.636249999999997,73.40870104491309,1014.1175575384668,768.0,960.0,384.0,0.244,85,16,72,1014.2,3.0,5.0,6.0,52.394902059964295,13.040535107164596
2022-10-25 16:40:40,52.394985,13.040503333,22.2,3.7654367685317993,3.9818060398101807,3.9818060398101807,26.07883453369141,29.996957778930664,30.051371574401852,30.057671546936035,30.061922073364254,7.0,9.0,9.0,1140.0,362.0,49.0,4.0,0.0,0.0,5.0,5.5,6.0,918.0,256.0,26.5,1.0,1.0,1.0,17.63498046875,73.49699132922161,1014.116302967784,864.0,1088.0,352.0,0.244,85,16,72,1014.2,3.0,5.0,6.0,52.394902059964295,13.040535107164596
2022-10-25 16:40:44,52.394993333,13.040478333,25.5,3.747728705406189,3.9630802869796753,3.9630802869796753,25.95619106292725,29.85588836669922,29.910045623779297,29.91631507873535,29.92054653167725,7.0,9.0,10.0,1179.0,375.0,58.0,4.0,0.0,0.0,5.0,5.0,6.0,856.5,245.5,24.0,1.0,1.0,1.0,17.63859375,73.64740764575183,1014.1097028688454,832.0,992.0,352.0,0.244,85,16,72,1014.2,3.0,5.0,6.0,52.394902059964295,13.040535107164596
2022-10-25 16:40:48,52.395001666999995,13.040436667,26.4,3.747380018234253,3.962711691856384,3.962711691856384,25.953777313232425,29.85311031341553,29.90726375579834,29.913533210754395,29.917762756347656,7.5,9.0,10.0,1176.0,374.0,57.0,4.0,0.0,0.0,5.0,5.5,7.0,948.0,265.5,27.0,2.0,2.0,2.0,17.6341015625,73.7625406590127,1014.1056498924468,832.0,1024.0,352.0,0.244,85,16,72,1014.2,3.0,5.0,6.0,52.394902059964295,13.040535107164596
2022-10-25 16:40:51,52.395013333,13.040413333,25.2,3.713862538337708,3.927268147468567,3.927268147468567,25.721638679504395,29.586095809936523,29.6397647857666,29.645978927612305,29.65017032623291,8.0,9.0,10.0,1173.0,373.0,56.0,4.0,0.0,0.0,5.0,5.0,7.0,933.0,255.5,28.5,2.0,2.0,2.0,17.623652343750006,74.18390975064656,1014.1168879648593,832.0,1120.0,352.0,0.244,85,16,72,1014.2,3.0,5.0,6.0,52.394902059964295,13.040535107164596
2022-10-25 16:40:51,52.395013333,13.040413333,25.2,3.6690807342529297,3.879913210868835,3.879913210868835,25.41148853302002,29.229347229003906,29.282368659973145,29.28850746154785,29.29264831542969,8.0,9.0,9.0,1167.0,375.0,62.0,1.0,0.0,0.0,5.0,5.5,7.5,973.5,271.0,37.0,2.0,2.0,2.0,17.60685546875,74.10611891853998,1014.1268724466237,864.0,1056.0,320.0,0.244,85,16,72,1014.2,3.0,5.0,6.0,52.394902059964295,13.040535107164596
2022-10-25 16:40:58,52.395035,13.040363333,27.3,3.748141050338745,3.963516354560852,3.963516354560852,25.95904636383057,29.859171867370605,29.9133358001709,29.919607162475586,29.923837661743164,7.5,8.5,9.0,1119.0,360.0,59.5,1.0,0.0,0.0,5.0,5.5,7.0,1003.5,267.5,32.0,2.0,2.0,2.0,17.5925,74.3258290991882,1014.1308361874493,864.0,992.0,192.0,0.244,85,16,72,1014.2,3.0,5.0,6.0,52.394902059964295,13.040535107164596
2022-10-25 16:41:02,52.395048333000005,13.040315,28.5,3.814661502838135,4.033859252929688,4.033859252929688,26.419757843017575,30.3891019821167,30.44422721862793,30.450608253479004,30.454914093017575,6.0,7.0,8.0,1071.0,345.0,57.0,1.0,0.0,0.0,4.0,5.0,5.5,1038.0,267.5,29.0,1.0,1.0,1.0,17.607539062500006,74.42045325022299,1014.1372033933153,928.0,1088.0,320.0,0.21,87,16,72,1014.2,3.0,5.0,6.0,,
2022-10-25 16:41:05,52.395048333000005,13.040276667,31.6,3.753360390663147,3.969035744667053,3.969035744667053,25.99519634246826,29.90075206756592,29.95499134063721,29.961271286010746,29.96550750732422,6.0,8.0,8.0,1101.0,353.0,65.0,2.0,0.0,0.0,5.0,6.0,8.0,1000.5,260.5,34.5,3.0,3.0,2.0,17.63302734375,74.52711487826564,1014.1582742268988,896.0,1056.0,320.0,0.21,87,16,72,1014.2,3.0,5.0,6.0,,
2022-10-25 16:41:09,52.395041667,13.04025,28.6,3.71455991268158,3.9280056953430176,3.9280056953430176,25.72646903991699,29.591652870178226,29.64533042907715,29.65154552459717,29.65573883056641,7.0,9.0,9.0,1108.5,354.5,62.0,2.0,0.0,0.0,5.0,6.0,8.5,1006.5,268.5,36.5,4.0,4.0,2.0,17.64494140625,74.4948397979161,1014.1628390457038,832.0,1024.0,288.0,0.21,87,16,72,1014.2,3.0,5.0,6.0,,
2022-10-25 16:41:09,52.395041667,13.04025,28.6,3.7495639324188232,3.965021133422852,3.965021133422852,25.96890163421631,29.87050724029541,29.92469310760498,29.9309663772583,29.935197830200195,7.0,9.0,9.0,1116.0,356.0,59.0,2.0,0.0,0.0,4.5,5.0,7.5,942.0,242.0,25.0,4.0,4.0,2.0,17.6579296875,74.54480969678973,1014.16331494983,1120.0,1312.0,320.0,0.21,87,16,72,1014.2,3.0,5.0,6.0,,
2022-10-25 16:41:09,52.395041667,13.04025,28.6,3.686726450920105,3.89857280254364,3.89857280254364,25.53369903564453,29.369919776916504,29.42319679260254,29.42936420440674,29.43352508544922,7.0,9.0,9.0,1080.0,346.0,53.0,1.0,0.0,0.0,3.5,4.0,7.0,970.5,248.5,25.0,4.0,4.0,2.0,17.6837109375,74.45321945487281,1014.1597584485913,1088.0,1472.0,672.0,0.21,87,16,72,1014.2,3.0,5.0,6.0,,
2022-10-25 16:41:19,52.395003333000005,13.04017,27.4,3.4810672998428345,3.681096076965332,3.681096076965332,24.10933589935303,27.731557846069336,27.78186225891113,27.787686347961426,27.79161548614502,7.0,9.0,9.0,1098.0,352.0,53.0,1.0,0.0,0.0,4.5,5.5,10.0,960.0,252.5,27.0,8.0,8.0,2.0,17.69611328125,74.52019206565856,1014.1584300638063,1088.0,1344.0,416.0,0.21,87,16,72,1014.2,3.0,5.0,6.0,,
2022-10-25 16:41:23,52.394985,13.040131667,29.0,3.2647919654846187,3.452393174171448,3.452393174171448,22.61144542694092,26.00862407684326,26.05580234527588,26.06126499176025,26.06494998931885,7.0,9.0,9.0,1116.0,358.0,53.0,1.0,0.0,0.0,4.0,4.0,8.5,1009.5,264.5,23.0,7.0,7.0,0.0,17.679707031249997,74.60647515408186,1014.1581838855108,1120.0,1312.0,352.0,0.21,87,16,72,1014.2,3.0,5.0,6.0,,
2022-10-25 16:41:26,52.394975,13.040108333,29.4,3.1878777742385864,3.37105929851532,3.37105929851532,22.07875061035156,25.395894050598145,25.44196128845215,25.44729518890381,25.45089340209961,6.0,8.0,8.0,1077.0,339.0,49.0,1.0,0.0,0.0,4.5,5.0,9.5,1024.5,268.0,25.5,8.0,8.0,0.0,17.65119140625,74.61555757889873,1014.1681142845514,1024.0,1184.0,288.0,0.21,87,16,72,1014.2,3.0,5.0,6.0,,
2022-10-25 16:41:30,52.394963333,13.040075,31.6,3.1731377840042114,3.355472445487976,3.355472445487976,21.976662635803226,25.27847003936768,25.32432460784912,25.329633712768555,25.33321475982666,6.0,8.0,8.0,1083.0,341.0,50.0,1.0,0.0,0.0,4.5,5.0,10.0,1018.5,264.5,30.0,9.0,9.0,0.0,17.6200390625,74.66185657572075,1014.164491493997,1024.0,1088.0,160.0,0.21,87,16,72,1014.2,3.0,5.0,6.0,,
2022-10-25 16:41:30,52.394963333,13.040075,31.6,3.196739673614502,3.3804305791854863,3.3804305791854863,22.14012622833252,25.46649169921875,25.51268768310547,25.518035888671875,25.52164363861084,6.0,8.0,8.0,1089.0,343.0,51.0,1.0,0.0,0.0,4.0,4.0,10.0,979.5,258.0,30.0,10.0,10.0,0.0,17.603046875,74.72071210906283,1014.1624375764773,1088.0,1312.0,352.0,0.21,87,16,72,1014.2,3.0,5.0,6.0,,
2022-10-25 16:41:36,52.394931667,13.040014999999999,29.8,3.209909677505493,3.3943573236465454,3.3943573236465454,22.231340408325195,25.57140922546387,25.61779499053955,25.62316608428955,25.62678813934326,6.0,8.0,8.0,1062.0,334.0,47.0,1.0,0.0,0.0,4.0,4.0,8.0,1032.0,272.0,27.0,8.0,6.0,0.0,17.59875,74.72686373647525,1014.1662366397943,960.0,1216.0,320.0,0.21,87,16,72,1014.2,3.0,5.0,6.0,,
2022-10-25 16:41:40,52.394915000000005,13.039978332999999,28.6,3.236463785171509,3.422437191009521,3.422437191009521,22.41524887084961,25.78294944763184,25.82971954345703,25.835134506225586,25.838787078857425,6.0,8.0,8.0,1074.0,338.0,50.0,1.5,0.0,0.0,3.0,4.0,8.0,964.5,258.0,26.5,8.0,6.0,0.0,17.59318359375,74.70885307807427,1014.1704542281807,1056.0,1312.0,480.0,0.21,87,16,72,1014.2,3.0,5.0,6.0,,
2022-10-25 16:41:44,52.394903333,13.039951667,27.3,3.2803397178649902,3.468834400177002,3.468834400177002,22.719127655029297,26.132482528686523,26.17988681793213,26.18537521362305,26.189077377319336,6.0,8.0,8.0,1086.0,342.0,53.0,2.0,0.0,0.0,5.0,5.0,8.0,996.0,266.0,27.5,6.0,4.0,0.0,17.58107421875,74.79589850196575,1014.1747695637567,1184.0,1504.0,288.0,0.21,87,16,72,1014.2,3.0,5.0,6.0,,
2022-10-25 16:41:47,52.394891666999996,13.039925,25.2,3.3534424304962163,3.5461376905441284,3.5461376905441284,23.225425720214844,26.714847564697266,26.76330852508545,26.76891803741455,26.772704124450684,7.0,9.0,9.0,1113.0,351.0,49.0,2.0,0.0,0.0,5.0,5.5,7.5,1048.5,284.5,25.0,5.0,3.0,0.0,17.57111328125,74.84565093461994,1014.1725828795489,1152.0,1312.0,320.0,0.21,87,16,72,1014.2,3.0,5.0,6.0,,
2022-10-25 16:41:51,52.394871667,13.039888333,28.8,3.4425047636032104,3.6403179168701167,3.6403179168701167,23.84225845336914,27.42435359954834,27.474102020263672,27.47986125946045,27.48374652862549,7.0,9.0,9.0,1120.5,353.5,49.5,2.0,0.0,0.0,6.0,6.0,8.0,1053.0,297.5,36.0,4.0,2.0,0.0,17.581953125,74.86795067098065,1014.172870563508,1088.0,1312.0,416.0,0.21,87,16,72,1014.2,3.0,5.0,6.0,,
2022-10-25 16:41:51,52.394871667,13.039888333,28.8,3.3940644264221187,3.5890939235687256,3.5890939235687256,23.50676727294922,27.038458824157715,27.08750629425049,27.09318351745605,27.09701538085937,7.0,9.0,9.0,1128.0,356.0,50.0,2.0,0.0,0.0,6.0,6.5,7.5,1029.0,290.0,46.0,2.0,2.0,0.0,17.58908203125,74.87595282901741,1014.1720644466748,1088.0,1344.0,416.0,0.21,87,16,72,1014.2,3.0,5.0,6.0,,
2022-10-25 16:41:57,52.394858333,13.039848333,32.1,3.4460214376449585,3.644036531448364,3.644036531448364,23.86661434173584,27.45236968994141,27.502166748046875,27.50793266296387,27.511821746826172,7.0,8.0,8.0,1110.0,348.0,48.0,1.0,0.0,0.0,5.5,6.0,6.0,994.5,274.5,41.0,0.0,0.0,0.0,17.59357421875,74.86297960265945,1014.1777920500932,1120.0,1248.0,320.0,0.21,87,16,72,1014.2,3.0,5.0,6.0,,
2022-10-25 16:42:01,52.394856667,13.039843333,31.7,3.43933367729187,3.6369643211364746,3.6369643211364746,23.820295333862305,27.39909076690674,27.44879245758057,27.45454692840576,27.45842838287353,6.5,8.0,8.0,1075.5,337.5,50.0,1.0,0.0,0.0,5.0,5.5,5.5,957.0,265.0,37.5,0.0,0.0,0.0,17.61681640625,74.87016184570474,1014.1750814768176,1216.0,1408.0,320.0,0.187,88,17,68,1014.1,5.0,6.0,7.0,,
2022-10-25 16:42:05,52.394851667,13.039828332999999,32.0,3.3994461297988887,3.59478497505188,3.59478497505188,23.54404163360596,27.081332206726074,27.130457878112797,27.136144638061523,27.139982223510746,6.0,8.0,8.0,1041.0,327.0,52.0,1.0,0.0,0.0,5.5,6.0,6.0,1011.0,281.5,46.5,0.0,0.0,0.0,17.653925781250006,74.88644050909025,1014.1809876720823,1120.0,1440.0,416.0,0.187,88,17,68,1014.1,5.0,6.0,7.0,,
2022-10-25 16:42:09,52.394833333,13.039788332999999,32.9,3.4496092796325684,3.647830486297608,3.647830486297608,23.891462326049805,27.4809513092041,27.53080081939697,27.53657150268555,27.540465354919434,7.0,9.0,9.0,1116.0,352.0,66.0,1.0,0.0,0.0,6.0,6.5,8.0,1104.0,313.0,43.0,2.0,2.0,0.0,17.6907421875,74.94035976897554,1014.1855689254663,1152.0,1344.0,288.0,0.187,88,17,68,1014.1,5.0,6.0,7.0,,
2022-10-25 16:42:12,52.3948,13.039718333,29.4,3.6038081645965576,3.8108899593353267,3.8108899593353267,24.9594202041626,28.70936107635498,28.761438369750977,28.76746845245361,28.77153587341309,7.0,9.0,9.0,1098.0,346.0,64.5,1.0,0.0,0.0,6.0,7.0,8.0,1158.0,327.0,39.0,2.0,2.0,0.0,17.71427734375,74.84825204279475,1014.1841679373765,1152.0,1344.0,320.0,0.187,88,17,68,1014.1,5.0,6.0,7.0,,
2022-10-25 16:42:12,52.3948,13.039718333,29.4,3.9613252878189087,4.188950777053833,4.188950777053833,27.43552875518799,31.557483673095703,31.614727020263672,31.62135601043701,31.62582588195801,7.0,9.0,9.0,1080.0,340.0,63.0,1.0,0.0,0.0,7.0,8.0,10.0,1302.0,366.0,43.5,3.0,3.0,0.0,17.738203125,74.7836339229899,1014.1892665655554,1248.0,1440.0,416.0,0.187,88,17,68,1014.1,5.0,6.0,7.0,,
2022-10-25 16:42:19,52.394768333,13.039591667,30.2,4.573871612548828,4.8366949558258066,4.8366949558258066,31.67792892456055,36.43726921081543,36.50336456298828,36.51101684570313,36.51618003845215,7.0,9.0,9.0,1044.0,334.0,69.0,1.0,0.0,0.0,9.0,10.0,12.5,1587.0,454.5,55.0,4.0,4.0,0.0,17.741230468749997,74.69854021789169,1014.1875577956613,1216.0,1184.0,384.0,0.187,88,17,68,1014.1,5.0,6.0,7.0,,
2022-10-25 16:42:22,52.394754999999996,13.039558332999999,31.2,5.0755441188812265,5.367194652557373,5.367194652557373,35.152437210083015,40.43379211425781,40.507137298583984,40.51562881469727,40.52135848999024,6.5,9.0,9.0,1021.5,326.5,67.0,1.0,0.0,0.0,9.0,11.0,13.0,1618.5,461.5,52.0,4.0,4.0,0.0,17.7219921875,74.60303696002967,1014.1843228164997,1184.0,1312.0,320.0,0.187,88,17,68,1014.1,5.0,6.0,7.0,,
2022-10-25 16:42:26,52.394736667,13.039523333,30.2,5.4903950691223145,5.8058836460113525,5.8058836460113525,38.0256290435791,43.73865699768066,43.81799697875977,43.82718276977539,43.8333797454834,6.0,9.0,9.0,999.0,319.0,65.0,1.0,0.0,0.0,9.0,10.5,12.0,1668.0,457.0,53.5,2.0,2.0,0.0,17.70099609375,74.56201804661737,1014.1815382929227,1184.0,1632.0,448.0,0.187,88,17,68,1014.1,5.0,6.0,7.0,,
2022-10-25 16:42:30,52.394703333,13.039471667,30.8,5.659125566482544,5.984309434890747,5.984309434890747,39.1942310333252,45.08282852172852,45.16460990905762,45.1740779876709,45.18046569824219,6.0,9.0,9.0,963.0,307.0,65.0,1.0,0.0,0.0,9.5,11.0,12.0,1701.0,472.5,61.5,2.0,2.0,0.0,17.70255859375,74.51439047939283,1014.1874600465036,1216.0,1376.0,352.0,0.187,88,17,68,1014.1,5.0,6.0,7.0,,
2022-10-25 16:42:33,52.394683333,13.03945,32.8,5.748385906219482,6.0786993503570566,6.0786993503570566,39.81243705749512,45.79391670227051,45.87698364257813,45.88660049438477,45.8930892944336,5.5,8.5,8.5,954.0,301.0,62.0,0.5,0.0,0.0,9.0,11.0,11.5,1662.0,464.5,72.5,3.0,1.0,0.0,17.70109375,74.43892819737856,1014.1850468916141,1376.0,1728.0,448.0,0.187,88,17,68,1014.1,5.0,6.0,7.0,,
2022-10-25 16:42:33,52.394683333,13.03945,32.8,5.743929862976074,6.073987245559692,6.073987245559692,39.78157424926758,45.7584171295166,45.84142303466797,45.85103034973145,45.85751342773438,5.0,8.0,8.0,945.0,295.0,59.0,0.0,0.0,0.0,7.5,9.5,9.5,1434.0,386.0,64.0,2.0,0.0,0.0,17.69787109375,74.486273867679,1014.1839225438588,1312.0,1632.0,352.0,0.187,88,17,68,1014.1,5.0,6.0,7.0,,
2022-10-25 16:42:40,52.394608333,13.03941,30.6,5.72080659866333,6.049535036087036,6.049535036087036,39.62142372131348,45.57420539855957,45.65687561035156,45.66644668579102,45.67290306091309,5.0,7.0,7.0,888.0,276.0,49.0,0.0,0.0,0.0,7.0,9.5,9.5,1384.5,383.0,65.5,2.0,0.0,0.0,17.70685546875,74.4603942087522,1014.178636911115,1152.0,1376.0,384.0,0.187,88,17,68,1014.1,5.0,6.0,7.0,,
2022-10-25 16:42:44,52.394606667,13.039405,32.4,5.557654857635498,5.8770081996917725,5.8770081996917725,38.4914608001709,44.27447509765625,44.35478782653809,44.364084243774414,44.37035751342773,5.0,7.0,7.0,897.0,280.0,51.0,0.0,0.0,0.0,6.5,8.5,8.5,1321.5,370.5,54.5,2.0,0.0,0.0,17.73224609375,74.37899934231883,1014.1761055241417,1248.0,1536.0,256.0,0.187,88,17,68,1014.1,5.0,6.0,7.0,,
2022-10-25 16:42:47,52.39461,13.039403333,34.1,5.171100616455078,5.468241930007935,5.468241930007935,35.81424522399902,41.19503021240234,41.26975631713867,41.27840995788574,41.28424644470215,5.0,7.0,7.0,906.0,284.0,53.0,0.0,0.0,0.0,6.5,8.5,8.5,1252.5,348.0,51.0,2.0,0.0,0.0,17.76564453125,74.38780019755373,1014.170858860212,1216.0,1568.0,416.0,0.187,88,17,68,1014.1,5.0,6.0,7.0,,
2022-10-25 16:42:51,52.394613333,13.039398333,35.0,4.833394765853882,5.111130952835083,5.111130952835083,33.4753475189209,38.50473213195801,38.5745792388916,38.58266639709473,38.58812141418457,5.0,7.0,7.0,930.0,292.0,51.0,0.0,0.0,0.0,6.5,7.5,7.5,1230.0,341.0,44.0,0.0,0.0,0.0,17.80255859375,74.38691563042345,1014.1596790213699,1312.0,1504.0,480.0,0.187,88,17,68,1014.1,5.0,6.0,7.0,,
2022-10-25 16:42:51,52.394613333,13.039398333,35.0,4.518108606338501,4.777728080749512,4.777728080749512,31.29172515869141,35.99304008483887,36.05833053588867,36.06588935852051,36.07098960876465,5.5,7.0,7.5,936.0,293.0,49.0,0.5,0.5,0.5,7.0,8.0,8.0,1210.5,341.0,42.5,0.0,0.0,0.0,17.83771484375,74.34473498736948,1014.1606642653868,1312.0,1568.0,320.0,0.187,88,17,68,1014.1,5.0,6.0,7.0,,
2022-10-25 16:42:51,52.394613333,13.039398333,35.0,4.400277614593506,4.653125762939453,4.653125762939453,30.475643157958984,35.054349899291985,35.11793708801269,35.12529754638672,35.130264282226555,6.0,7.0,8.0,942.0,294.0,47.0,1.0,1.0,1.0,5.5,6.5,6.5,1186.5,324.0,38.5,1.0,0.0,0.0,17.86974609375,74.25080549515224,1014.1573342693672,1280.0,1504.0,320.0,0.187,88,17,68,1014.1,5.0,6.0,7.0,,
2022-10-25 16:43:01,52.394613333,13.039398333,35.0,4.329871654510498,4.578674554824829,4.578674554824829,29.98802471160889,34.49346923828125,34.556039810180664,34.56328392028809,34.568172454833984,5.0,6.0,7.0,879.0,273.0,37.0,2.0,1.0,1.0,5.5,7.0,7.0,1152.0,318.5,47.5,2.0,0.0,0.0,17.900996093750006,74.19093806412985,1014.1502012333888,1088.0,1344.0,416.0,0.172,89,17,68,1014.1,3.0,5.0,6.0,,
2022-10-25 16:43:05,52.394613333,13.039398333,35.0,4.300034761428833,4.5471229553222665,4.5471229553222665,29.781378746032715,34.25577735900879,34.317916870117195,34.32511138916016,34.329965591430664,5.0,6.0,7.0,891.0,277.0,38.5,2.0,1.0,1.0,5.0,6.5,6.5,1126.5,306.0,39.5,2.0,0.0,0.0,17.9313671875,74.10021437567696,1014.149987918844,1376.0,1600.0,512.0,0.172,89,17,68,1014.1,3.0,5.0,6.0,,
2022-10-25 16:43:08,52.394613333,13.039398333,35.0,4.127417087554932,4.364586353302002,4.364586353302002,28.58585357666016,32.88063430786133,32.940279006958015,32.94718360900879,32.95184326171875,5.0,6.0,7.0,903.0,281.0,40.0,2.0,1.0,1.0,4.0,6.0,6.5,1041.0,278.5,33.0,3.0,1.0,0.0,17.95919921875,74.00570231123541,1014.143077277875,1280.0,1344.0,384.0,0.172,89,17,68,1014.1,3.0,5.0,6.0,,
2022-10-25 16:43:12,52.394613333,13.039398333,35.0,3.9048794507980342,4.129261255264281,4.129261255264281,27.04459381103516,31.107813835144047,31.164241790771484,31.170775413513184,31.175182342529297,5.0,6.0,7.0,879.0,271.0,40.0,2.0,1.0,1.0,4.0,6.0,7.0,1032.0,277.5,38.0,4.0,2.0,0.0,17.98859375,73.94218261768336,1014.1479459331216,1280.0,1632.0,512.0,0.172,89,17,68,1014.1,3.0,5.0,6.0,,
2022-10-25 16:43:12,52.394613333,13.039398333,35.0,3.766959190368652,3.983415961265564,3.983415961265564,26.08937931060791,30.0090856552124,30.06352138519287,30.069823265075684,30.07407569885254,4.0,5.0,6.0,889.5,273.5,41.0,2.0,1.0,1.0,5.0,6.5,7.5,993.0,272.5,34.0,3.0,2.0,0.0,18.01896484375,73.93342210249702,1014.1493952848468,1248.0,1472.0,320.0,0.172,89,17,68,1014.1,3.0,5.0,6.0,,
2022-10-25 16:43:18,52.394613333,13.039398333,35.0,3.8035717010498047,4.022132396697998,4.022132396697998,26.34295177459717,30.300755500793453,30.35572052001953,30.36208438873291,30.36637687683105,4.0,5.0,6.0,900.0,276.0,42.0,2.0,1.0,1.0,5.0,6.0,8.0,1014.0,275.0,34.0,4.0,4.0,0.0,18.0454296875,73.90356482021971,1014.1368720774046,1280.0,1472.0,256.0,0.172,89,17,68,1014.1,3.0,5.0,6.0,,
2022-10-25 16:43:22,52.394613333,13.039398333,35.0,3.866136312484741,4.088291883468628,4.088291883468628,26.776264190673828,30.799169540405273,30.8550386428833,30.861507415771484,30.86587142944336,5.0,6.0,7.0,888.0,276.0,42.0,2.0,1.0,1.0,4.5,5.5,7.5,1012.5,276.5,39.0,4.0,4.0,0.0,18.07619140625,73.84029001686247,1014.1439810396604,1408.0,1344.0,320.0,0.172,89,17,68,1014.1,3.0,5.0,6.0,,
2022-10-25 16:43:26,52.394613333,13.039398333,35.0,3.85530149936676,4.076834440231323,4.076834440231323,26.7012243270874,30.71285629272461,30.76856803894043,30.775017738342285,30.77936935424805,5.0,6.0,6.5,904.5,285.0,41.0,2.0,1.0,1.0,4.5,5.0,7.0,1051.5,289.0,38.0,3.0,3.0,0.0,18.11955078125,74.02471855589293,1014.1525675400743,1440.0,1600.0,416.0,0.172,89,17,68,1014.1,3.0,5.0,6.0,,
2022-10-25 16:43:30,52.394613333,13.039398333,35.0,3.8198257684707637,4.039320230484009,4.039320230484009,26.455524444580078,30.43024158477783,30.485441207885746,30.491832733154297,30.49614429473877,5.0,6.0,6.0,921.0,294.0,40.0,2.0,1.0,1.0,4.5,5.5,6.5,1017.0,279.5,30.0,2.0,2.0,0.0,18.1628125,74.14436825787078,1014.1526109972116,1248.0,1408.0,320.0,0.172,89,17,68,1014.1,3.0,5.0,6.0,,
2022-10-25 16:43:33,52.394613333,13.039398333,35.0,3.7474652528762817,3.9628018140792847,3.9628018140792847,25.95436763763428,29.85378932952881,29.907943725585934,29.91421413421631,29.91844272613525,5.5,6.5,7.5,951.0,304.0,40.0,2.0,1.0,1.0,4.0,4.5,6.0,1000.5,269.0,26.5,2.0,2.0,0.0,18.2034375,73.9836267643169,1014.1407668956224,1312.0,1568.0,320.0,0.172,89,17,68,1014.1,3.0,5.0,6.0,,
2022-10-25 16:43:33,52.394613333,13.039398333,35.0,3.6330511569976807,3.841813325881958,3.841813325881958,25.16195297241211,28.94232177734375,28.99482250213623,29.00090026855469,29.00500202178955,6.0,7.0,8.0,951.0,304.0,40.0,2.5,1.0,1.0,5.0,5.5,5.5,985.5,268.5,24.5,0.0,0.0,0.0,18.233515625000006,73.73943582712614,1014.1375170192183,1472.0,1792.0,416.0,0.172,89,17,68,1014.1,3.0,5.0,6.0,,
2022-10-25 16:43:40,52.394613333,13.039398333,35.0,3.5770450830459595,3.7825889587402335,3.7825889587402335,24.77406311035156,28.49615383148193,28.547846794128414,28.55383014678955,28.55786800384521,5.0,6.0,7.0,951.0,304.0,40.0,3.0,1.0,1.0,4.0,5.0,5.5,979.5,262.5,26.5,1.0,1.0,1.0,18.2565625,73.63746694932388,1014.1394407617128,1472.0,1760.0,352.0,0.172,89,17,68,1014.1,3.0,5.0,6.0,,
2022-10-25 16:43:43,52.394613333,13.039398333,35.0,3.647217631340027,3.856793761253357,3.856793761253357,25.260066986083984,29.05517673492432,29.10788154602051,29.11398410797119,29.11810111999512,5.0,6.0,7.0,969.0,310.0,40.0,3.0,1.0,1.0,4.0,4.0,6.0,949.5,253.0,32.0,2.0,2.0,2.0,18.2565625,73.49096789720706,1014.1528431133444,1504.0,1984.0,480.0,0.172,89,17,68,1014.1,3.0,5.0,6.0,,
2022-10-25 16:43:47,52.394613333,13.039398333,35.0,3.756776571273804,3.972648143768311,3.972648143768311,26.018856048583984,29.927967071533203,29.982255935668945,29.98854160308838,29.992780685424805,6.0,7.0,8.0,978.0,314.0,41.0,3.0,1.0,0.5,4.5,5.0,6.5,918.0,247.5,40.0,2.0,2.0,2.0,18.2512890625,73.3505249238315,1014.15337556578,1536.0,1984.0,352.0,0.172,89,17,68,1014.1,3.0,5.0,6.0,,
2022-10-25 16:43:51,52.394613333,13.039398333,35.0,3.7822798490524288,3.999616980552673,3.999616980552673,26.19548797607422,30.13113594055176,30.185792922973636,30.192121505737305,30.19639015197754,5.5,6.5,7.5,987.0,318.0,42.0,3.0,1.0,0.0,4.5,5.5,7.0,909.0,243.0,42.0,2.0,2.0,2.0,18.2503125,73.15643796682737,1014.1475796692157,1408.0,1664.0,480.0,0.172,89,17,68,1014.1,3.0,5.0,6.0,,
2022-10-25 16:43:51,52.394613333,13.039398333,35.0,3.8162200450897217,4.0355074405670175,4.0355074405670175,26.430551528930664,30.40151691436768,30.456664085388184,30.463048934936523,30.46735668182373,5.0,7.0,7.0,1011.0,326.0,44.0,2.0,1.0,0.0,4.0,5.0,7.0,855.0,230.5,36.0,2.0,2.0,2.0,18.2516796875,72.84061863561874,1014.1439669698124,1632.0,2080.0,544.0,0.172,89,17,68,1014.1,3.0,5.0,6.0,,
2022-10-25 16:43:51,52.394613333,13.039398333,35.0,3.8293666839599614,4.0494093894958505,4.0494093894958505,26.52160358428955,30.50624847412109,30.561586380004886,30.5679931640625,30.57231521606445,6.0,8.0,8.5,1014.0,327.0,44.0,2.0,1.0,0.0,4.5,5.5,7.5,883.5,242.5,40.5,3.0,3.0,1.0,18.23869140625,72.5738014847922,1014.1418499305122,1440.0,1792.0,320.0,0.172,89,17,68,1014.1,3.0,5.0,6.0,,
2022-10-25 16:44:01,52.394613333,13.039398333,35.0,3.838269114494324,4.058823585510254,4.058823585510254,26.583261489868164,30.57716941833496,30.632636070251465,30.639058113098145,30.643390655517575,6.0,8.0,9.0,1017.0,328.0,44.0,2.0,1.0,0.0,5.0,6.0,7.0,910.5,253.5,36.0,2.0,2.0,0.0,18.20138671875,72.47630229719836,1014.136552893302,1472.0,1600.0,384.0,0.168,89,17,68,1014.2,3.0,5.0,6.0,,
2022-10-25 16:44:05,52.394623333,13.039383333,33.6,3.8661912679672237,4.088350057601929,4.088350057601929,26.776644706726074,30.79960823059082,30.85547733306885,30.86194610595703,30.86630916595459,5.0,7.0,8.0,1071.0,348.0,38.0,2.0,1.0,0.0,4.5,5.5,7.0,927.0,258.0,29.5,2.0,2.0,0.0,18.15919921875,72.50350187907466,1014.1391242926628,1184.0,1600.0,352.0,0.168,89,17,68,1014.2,3.0,5.0,6.0,,
2022-10-25 16:44:08,52.394623333,13.039383333,33.6,4.016675949096681,4.247481822967528,4.247481822967528,27.81887912750244,31.99842834472656,32.05647373199463,32.063193321228034,32.067727088928216,6.0,7.5,8.5,1071.0,349.0,38.0,2.0,1.0,0.0,5.0,6.5,9.5,1021.5,279.0,45.5,4.0,4.0,2.0,18.1446484375,72.53848778451284,1014.1361048798776,1440.0,1760.0,448.0,0.168,89,17,68,1014.2,3.0,5.0,6.0,,
2022-10-25 16:44:12,52.394623333,13.039383333,33.6,4.005172610282898,4.2353174686431885,4.2353174686431885,27.73920822143555,31.90678787231445,31.964667320251465,31.97136783599853,31.9758882522583,7.0,8.0,9.0,1071.0,350.0,38.0,2.0,1.0,0.0,5.0,6.5,9.0,1005.0,269.5,53.0,4.0,4.0,2.0,18.14416015625,72.54180127793326,1014.1302759332871,1376.0,1600.0,128.0,0.168,89,17,68,1014.2,3.0,5.0,6.0,,
2022-10-25 16:44:12,52.394623333,13.039383333,33.6,3.8484008312225337,4.069537401199342,4.069537401199342,26.653430938720703,30.65788269042969,30.7134952545166,30.719934463500977,30.72427749633789,6.5,8.5,8.5,1083.0,354.0,42.0,3.0,1.0,0.0,4.5,6.0,7.0,945.0,258.5,39.0,2.0,2.0,2.0,18.1387890625,72.52738346260206,1014.1298075457833,1568.0,1728.0,288.0,0.168,89,17,68,1014.2,3.0,5.0,6.0,,
2022-10-25 16:44:12,52.394623333,13.039383333,33.6,3.707424283027649,3.9204601049423218,3.9204601049423218,25.67704963684082,29.53480815887451,29.588382720947266,29.59458637237549,29.59877109527588,6.0,8.5,9.0,1107.0,361.5,47.0,4.5,1.0,0.0,4.0,5.5,7.0,939.0,250.5,39.0,2.0,2.0,2.0,18.1227734375,72.43669561230008,1014.1302373936372,1184.0,1728.0,352.0,0.168,89,17,68,1014.2,3.0,5.0,6.0,,
2022-10-25 16:44:22,52.394623333,13.039383333,33.4,3.5706819295883183,3.7758600711822514,3.7758600711822514,24.729992866516113,28.44546318054199,28.49706268310547,28.50303649902344,28.50706672668457,7.0,10.0,11.0,1131.0,369.0,52.0,6.0,1.0,0.0,4.0,6.0,7.0,909.0,238.5,39.5,3.0,2.0,2.0,18.079707031250006,72.42985782181933,1014.1413955193553,1408.0,1824.0,416.0,0.168,89,17,68,1014.2,3.0,5.0,6.0,,
2022-10-25 16:44:26,52.394623333,13.039383333,33.5,3.461776375770569,3.6606967449188232,3.6606967449188232,23.975729942321774,27.577879905700684,27.62790489196777,27.63369655609131,27.63760471343994,7.0,10.0,10.0,1101.0,359.0,52.0,6.0,1.0,0.0,4.0,5.0,5.0,828.0,228.0,24.5,2.0,0.0,0.0,18.0184765625,72.48454510144603,1014.1318440115364,1632.0,1728.0,352.0,0.168,89,17,68,1014.2,3.0,5.0,6.0,,
2022-10-25 16:44:29,52.394625,13.039383333,33.5,3.352985382080078,3.5456544160842896,3.5456544160842896,23.22226047515869,26.71120643615723,26.759660720825195,26.765270233154297,26.7690544128418,7.0,10.0,10.0,1119.0,364.0,51.0,5.5,1.0,0.0,4.0,5.0,5.0,840.0,233.5,19.0,2.0,0.0,0.0,17.940937499999997,72.58073695724357,1014.1347704532967,1312.0,1472.0,320.0,0.168,89,17,68,1014.2,3.0,5.0,6.0,,
2022-10-25 16:44:33,52.394631667,13.03937,33.7,3.3497422933578487,3.5422250032424927,3.5422250032424927,23.19979953765869,26.68537139892578,26.73377799987793,26.73938274383545,26.7431640625,7.0,10.0,10.0,1137.0,369.0,50.0,5.0,1.0,0.0,4.0,5.5,5.5,892.5,240.5,24.5,2.0,0.0,0.0,17.84962890625,72.70531948154866,1014.1426164901218,1472.0,1792.0,544.0,0.168,89,17,68,1014.2,3.0,5.0,6.0,,
2022-10-25 16:44:33,52.394631667,13.03937,33.7,3.387701272964477,3.582365155220032,3.582365155220032,23.46269702911377,26.98776817321777,27.03672218322754,27.042390823364254,27.04621410369873,7.0,10.0,11.0,1131.0,367.0,58.0,6.0,2.0,1.0,3.0,4.0,4.0,883.5,237.5,26.0,2.0,0.0,0.0,17.75763671875,72.95888936470979,1014.1409276050308,1312.0,1728.0,352.0,0.168,89,17,68,1014.2,3.0,5.0,6.0,,
2022-10-25 16:44:39,52.39462,13.039328333,33.4,3.3678470849990845,3.5613701343536377,3.5613701343536377,23.3251895904541,26.82960033416748,26.87826919555664,26.883904457092285,26.887704849243164,6.5,9.5,10.0,1108.5,359.5,57.0,5.5,1.5,1.0,4.0,5.5,5.5,928.5,247.0,23.0,1.0,0.0,0.0,17.67375,73.25820295119907,1014.1400006666456,1472.0,1760.0,320.0,0.168,89,17,68,1014.2,3.0,5.0,6.0,,
2022-10-25 16:44:43,52.394608333,13.039293333,32.2,3.4180287122726436,3.614435195922852,3.614435195922852,23.67273998260498,27.22936820983887,27.27876091003418,27.28448009490967,27.28833675384521,6.0,9.0,9.0,1086.0,352.0,56.0,5.0,1.0,1.0,4.0,5.0,5.0,936.0,246.5,21.0,0.0,0.0,0.0,17.607050781250006,73.55723580092477,1014.1338880863119,1440.0,1728.0,416.0,0.168,89,17,68,1014.2,3.0,5.0,6.0,,
2022-10-25 16:44:47,52.394595,13.039261667,32.8,3.4595638513565063,3.6583571434021,3.6583571434021,23.96040630340576,27.560254096984863,27.610246658325195,27.616034507751465,27.61993980407715,6.0,9.0,10.0,1050.0,342.0,52.0,6.0,1.0,1.0,5.0,5.5,5.5,1020.0,268.5,28.0,0.0,0.0,0.0,17.55783203125,73.80488169718566,1014.1331291580227,1568.0,1888.0,416.0,0.168,89,17,68,1014.2,3.0,5.0,6.0,,
2022-10-25 16:44:50,52.394588333,13.03923,33.0,3.4595179557800293,3.658308386802673,3.658308386802673,23.9600887298584,27.55988693237305,27.60987949371338,27.615668296813965,27.61957263946533,6.0,9.0,10.0,1050.0,341.0,52.0,6.0,1.0,1.0,5.0,5.0,5.5,993.0,269.5,23.5,1.0,0.0,0.0,17.52326171875,74.00394960708175,1014.1364143561486,1600.0,1856.0,480.0,0.168,89,17,68,1014.2,3.0,5.0,6.0,,
2022-10-25 16:44:54,52.394581667,13.039183332999999,32.2,3.51821517944336,3.7203786373138423,3.7203786373138423,24.366616249084476,28.02749252319336,28.07833385467529,28.08422088623047,28.08819103240967,6.0,9.0,10.0,1050.0,340.0,52.0,6.0,1.0,1.0,5.0,6.0,6.5,1057.5,290.5,22.0,2.0,0.0,0.0,17.488789062499997,74.14516592098924,1014.1339983251364,1472.0,1824.0,384.0,0.168,89,17,68,1014.2,3.0,5.0,6.0,,
2022-10-25 16:44:54,52.394581667,13.039183332999999,32.2,3.5720852613449097,3.7773441076278687,3.7773441076278687,24.73971176147461,28.456642150878906,28.508262634277344,28.514238357543945,28.51827049255371,6.0,9.0,10.0,1020.0,330.0,51.0,6.0,1.0,1.0,6.0,6.0,8.0,1074.0,302.0,25.0,3.0,1.0,1.0,17.45109375,74.25521083639913,1014.1421623364622,1504.0,1696.0,288.0,0.168,89,17,68,1014.2,3.0,5.0,6.0,,
2022-10-25 16:45:01,52.394565,13.039101667,31.0,3.7010986804962163,3.913771033287048,3.913771033287048,25.63323974609375,29.48441505432129,29.537899017333984,29.54409217834473,29.548269271850586,6.0,9.0,10.0,1020.0,329.0,51.0,6.0,1.0,1.0,6.5,8.0,10.0,1264.5,353.0,41.5,4.0,2.0,2.0,17.420039062500006,74.37662172590494,1014.1311461307744,1536.0,1824.0,416.0,0.168,89,17,67,1014.2,3.0,5.0,6.0,,
2022-10-25 16:45:04,52.394556666999996,13.039066667,32.2,3.8613981008529663,4.083281517028809,4.083281517028809,26.74344825744629,30.76142406463623,30.81722450256348,30.82368469238281,30.828042030334476,6.0,9.0,10.0,1020.0,328.0,51.0,6.0,1.0,1.0,7.0,8.0,10.0,1270.5,356.0,42.5,4.0,2.0,2.0,17.390253906250006,74.46753260071345,1014.1222186561363,1600.0,1888.0,448.0,0.168,89,17,67,1014.2,3.0,5.0,6.0,,
2022-10-25 16:45:08,52.394541667,13.039023333,33.3,3.968617796897888,4.196662425994873,4.196662425994873,27.48603630065918,31.615578651428226,31.67292881011963,31.67956924438477,31.68404769897461,6.0,9.0,11.0,1026.0,330.0,53.0,6.0,2.0,2.0,7.0,8.5,10.5,1333.5,364.0,50.0,3.0,2.0,2.0,17.3675,74.69643063070819,1014.124038387536,1664.0,1920.0,448.0,0.168,89,17,67,1014.2,3.0,5.0,6.0,,
2022-10-25 16:45:12,52.394526667,13.038985,33.8,4.134868144989014,4.372465372085571,4.372465372085571,28.63745880126953,32.93999290466309,32.999744415283196,33.00666236877441,33.011329650878906,6.0,8.5,11.0,1017.0,327.0,51.0,6.0,2.5,2.5,7.0,9.0,11.0,1360.5,370.0,60.0,2.0,2.0,2.0,17.346015625,74.83329681131626,1014.1296206741589,1504.0,1504.0,224.0,0.168,89,17,67,1014.2,3.0,5.0,6.0,,
2022-10-25 16:45:12,52.394526667,13.038985,33.8,4.2336716651916495,4.476946830749512,4.476946830749512,29.321758270263672,33.72710418701172,33.788284301757805,33.795366287231445,33.80014419555664,6.0,8.0,11.0,1008.0,324.0,49.0,6.0,3.0,3.0,6.0,8.0,9.0,1392.0,381.0,59.0,1.0,1.0,1.0,17.32052734375,74.90451859796251,1014.1294385621512,1568.0,1728.0,288.0,0.168,89,17,67,1014.2,3.0,5.0,6.0,,
2022-10-25 16:45:12,52.394526667,13.038985,33.8,4.30794358253479,4.5554864406585684,4.5554864406585684,29.836153984069824,34.318782806396484,34.38103675842285,34.388242721557624,34.39310646057129,6.0,9.0,12.0,1032.0,332.0,57.0,7.0,3.0,3.0,6.5,8.0,8.0,1225.5,340.0,48.0,0.0,0.0,0.0,17.30265625,74.96671396197452,1014.1351159803315,1600.0,1856.0,288.0,0.168,89,17,67,1014.2,3.0,5.0,6.0,,
2022-10-25 16:45:22,52.394488333000005,13.038885,34.9,4.422117710113525,4.6762211322784415,4.6762211322784415,30.626906394958496,35.22833824157715,35.2922420501709,35.299638748168945,35.304630279541016,6.0,9.0,12.5,1029.0,332.0,58.0,7.5,3.5,3.5,6.0,8.0,8.0,1201.5,326.0,50.5,0.0,0.0,0.0,17.295234375,74.9620913743739,1014.1304119469032,1376.0,1664.0,576.0,0.168,89,17,67,1014.2,3.0,5.0,6.0,,
2022-10-25 16:45:25,52.394481667,13.038866667,35.2,4.602531909942627,4.867002487182617,4.867002487182617,31.87642765045166,36.66559028625488,36.73210144042969,36.73979949951172,36.7449951171875,6.0,9.0,13.0,1026.0,332.0,59.0,8.0,4.0,4.0,6.5,8.0,8.0,1201.5,326.0,53.0,0.0,0.0,0.0,17.27951171875,74.92872950587098,1014.1287550026098,1280.0,1696.0,352.0,0.168,89,17,67,1014.2,3.0,5.0,6.0,,
2022-10-25 16:45:29,52.394466666999996,13.038826667,35.7,4.628533124923706,4.894497632980347,4.894497632980347,32.056509017944336,36.872724533081055,36.939613342285156,36.94735527038574,36.95258140563965,6.0,9.0,12.0,1089.0,353.0,59.0,7.0,3.0,3.0,6.5,7.5,7.5,1183.5,332.0,52.5,0.0,0.0,0.0,17.2565625,74.88393665876787,1014.1294046911903,1408.0,1600.0,416.0,0.168,89,17,67,1014.2,3.0,5.0,6.0,,
2022-10-25 16:45:33,52.394459999999995,13.038791667,37.5,4.603487253189087,4.868012666702271,4.868012666702271,31.883045196533203,36.67319869995117,36.739723205566406,36.747426986694336,36.75262260437012,6.5,9.5,12.0,1093.5,354.5,61.0,7.0,3.0,3.0,7.0,8.0,8.0,1228.5,348.5,58.0,0.0,0.0,0.0,17.23234375,74.82183691595469,1014.1296323475563,1472.0,1664.0,352.0,0.168,89,17,67,1014.2,3.0,5.0,6.0,,
2022-10-25 16:45:33,52.394459999999995,13.038791667,37.5,4.68894624710083,4.9583823680877686,4.9583823680877686,32.47492027282715,37.354000091552734,37.4217586517334,37.42960548400879,37.43489646911621,7.0,10.0,12.0,1098.0,356.0,63.0,7.0,3.0,3.0,7.0,8.0,8.0,1293.0,365.0,53.5,0.0,0.0,0.0,17.2130078125,74.77764897873634,1014.127869828116,1568.0,1760.0,416.0,0.168,89,17,67,1014.2,3.0,5.0,6.0,,
2022-10-25 16:45:33,52.394459999999995,13.038791667,37.5,4.736572504043579,5.008744955062866,5.008744955062866,32.804771423339844,37.73340797424317,37.801856994628906,37.80978012084961,37.81512641906738,7.0,10.0,12.0,1122.0,364.0,65.0,6.0,3.0,3.0,7.5,8.5,8.5,1267.5,369.0,42.0,0.0,0.0,0.0,17.1891796875,74.83200390527962,1014.1287366158343,1536.0,1920.0,352.0,0.168,89,17,67,1014.2,3.0,5.0,6.0,,
2022-10-25 16:45:43,52.394413333,13.038701667,36.9,4.760812759399414,5.0343780517578125,5.0343780517578125,32.97265625,37.92651557922363,37.99531364440918,38.00327873229981,38.00865173339844,7.0,10.0,12.0,1125.0,364.0,66.0,6.0,3.0,3.0,7.5,9.0,9.0,1342.5,388.5,41.5,0.0,0.0,0.0,17.1610546875,74.90622614667443,1014.1225183911024,1440.0,1600.0,416.0,0.168,89,17,67,1014.2,3.0,5.0,6.0,,
2022-10-25 16:45:47,52.394403333,13.038675,37.1,4.80250883102417,5.078470230102539,5.078470230102539,33.261436462402344,38.25868225097656,38.32808303833008,38.33611869812012,38.34153747558594,7.0,10.0,12.0,1128.0,364.0,67.0,6.0,3.0,3.0,8.0,9.0,11.0,1389.0,402.0,44.0,3.0,3.0,1.0,17.1391796875,74.94379759702949,1014.1115479234074,1600.0,2112.0,320.0,0.168,89,17,67,1014.2,3.0,5.0,6.0,,
2022-10-25 16:45:50,52.394393333000004,13.03865,35.6,4.756007671356201,5.029297113418579,5.029297113418579,32.939376831054695,37.88823509216309,37.95696449279785,37.964921951293945,37.97028923034668,7.0,10.0,13.0,1152.0,370.0,74.0,6.0,3.0,3.0,7.5,9.0,11.5,1365.0,387.5,51.5,4.0,4.0,2.0,17.12130859375,75.06766986183432,1014.1080119933523,1216.0,1696.0,288.0,0.168,89,17,67,1014.2,3.0,5.0,6.0,,
2022-10-25 16:45:54,52.39439,13.038606667,37.7,4.684232711791992,4.953397512435913,4.953397512435913,32.442272186279304,37.31644821166992,37.38414001464844,37.39197540283203,37.39726448059082,7.0,10.5,13.0,1155.0,372.0,74.0,6.0,3.0,3.0,7.0,9.5,12.0,1384.5,386.5,65.0,6.0,4.0,2.0,17.1096875,75.10349162674409,1014.1022349667076,1728.0,2144.0,576.0,0.168,89,17,67,1014.2,3.0,5.0,6.0,,
2022-10-25 16:45:54,52.39439,13.038606667,37.7,4.501327991485597,4.75998330116272,4.75998330116272,31.17550563812256,35.85935974121094,35.92440795898437,35.93193817138672,35.93701934814453,7.0,11.0,13.0,1158.0,374.0,74.0,6.0,3.0,3.0,7.5,10.0,13.0,1443.0,400.0,75.0,6.0,4.0,2.0,17.10568359375,75.20568992375931,1014.1048326877444,1504.0,1920.0,448.0,0.168,89,17,67,1014.2,3.0,5.0,6.0,,
2022-10-25 16:46:00,52.394365,13.038556667,36.5,4.28414249420166,4.530317544937134,4.530317544937134,29.671311378479004,34.12917137145996,34.19108200073242,34.1982479095459,34.20308494567871,6.0,9.0,11.0,1134.0,364.0,66.0,6.0,3.0,2.0,8.0,10.0,13.0,1402.5,396.5,77.0,6.0,4.0,2.0,17.0969921875,75.3277457589516,1014.1072287176828,1536.0,1952.0,416.0,0.17300000000000001,89,16,71,1014.1,3.0,5.0,5.0,,
2022-10-25 16:46:04,52.394346667,13.038516667,34.1,4.0427457094192505,4.2750494480133066,4.2750494480133066,27.99943351745605,32.206109046936035,32.26453018188477,32.271294593811035,32.27585792541504,6.5,9.5,11.0,1125.0,361.0,70.0,4.5,2.5,1.5,7.0,10.0,10.5,1359.0,378.0,75.5,3.0,1.0,1.0,17.0833203125,75.51772167417052,1014.1081034861736,1600.0,1984.0,480.0,0.17300000000000001,89,16,71,1014.1,3.0,5.0,5.0,,
2022-10-25 16:46:08,52.394333333,13.038481667000001,32.8,3.8738422393798833,4.09644079208374,4.09644079208374,26.82963466644287,30.86055850982666,30.91653823852539,30.923020362854004,30.92739200592041,7.0,10.0,11.0,1116.0,358.0,74.0,3.0,2.0,1.0,7.0,9.5,9.5,1360.5,373.5,69.0,2.0,0.0,0.0,17.06603515625,75.61794024650801,1014.1063654565927,1632.0,1984.0,288.0,0.17300000000000001,89,16,71,1014.1,3.0,5.0,5.0,,
2022-10-25 16:46:11,52.394331666999996,13.03848,33.2,3.727168083190918,3.9413384199142456,3.9413384199142456,25.81379222869873,29.692094802856445,29.74595642089844,29.7521915435791,29.75639820098877,7.0,9.0,11.0,1128.0,362.0,70.0,2.0,2.0,1.0,7.0,8.5,8.5,1264.5,349.0,61.0,0.0,0.0,0.0,17.049140625,75.59117155118133,1014.1077783910997,1568.0,1856.0,352.0,0.17300000000000001,89,16,71,1014.1,3.0,5.0,5.0,,
2022-10-25 16:46:15,52.394321667,13.038464999999999,35.7,3.5921283960342407,3.79853904247284,3.79853904247284,24.87852764129639,28.616313934326172,28.66822338104248,28.674233436584476,28.67828750610352,7.0,9.0,10.5,1131.0,363.0,68.0,1.5,1.5,0.5,6.5,8.0,8.0,1186.5,326.5,54.0,0.0,0.0,0.0,17.0387890625,75.7750165599683,1014.1049271261135,1760.0,2048.0,416.0,0.17300000000000001,89,16,71,1014.1,3.0,5.0,5.0,,
2022-10-25 16:46:15,52.394321667,13.038464999999999,35.7,3.5363130569458012,3.739516377449036,3.739516377449036,24.49195957183838,28.171667098999023,28.22276973724365,28.228687286376953,28.2326774597168,7.0,9.0,10.0,1134.0,364.0,66.0,1.0,1.0,0.0,6.0,7.0,7.0,1089.0,297.5,45.0,0.0,0.0,0.0,17.03068359375,75.82182411599703,1014.0999258678482,1600.0,1952.0,448.0,0.17300000000000001,89,16,71,1014.1,3.0,5.0,5.0,,
2022-10-25 16:46:22,52.394281667,13.03842,36.2,3.5366805791854863,3.739904999732971,3.739904999732971,24.49450492858887,28.17459583282471,28.22570323944092,28.23162078857422,28.23561191558838,7.0,9.0,10.0,1098.0,351.0,64.0,4.0,1.0,0.0,4.5,5.5,5.5,1024.5,269.0,35.0,0.0,0.0,0.0,17.025019531250006,75.86559927787026,1014.0930968333763,1472.0,1696.0,352.0,0.17300000000000001,89,16,71,1014.1,3.0,5.0,5.0,,
2022-10-25 16:46:25,52.394263333000005,13.038395,35.0,3.5006426572799683,3.701796412467957,3.701796412467957,24.24491214752197,27.8875036239624,27.938091278076172,27.943947792053226,27.94789886474609,7.0,9.5,10.0,1132.5,361.5,60.5,4.0,1.0,0.0,4.5,5.5,5.5,970.5,248.5,26.5,2.0,0.0,0.0,17.016328125,75.84699882969753,1014.0854573862781,1632.0,2048.0,352.0,0.17300000000000001,89,16,71,1014.1,3.0,5.0,5.0,,
2022-10-25 16:46:29,52.394253333,13.038331667000001,37.1,3.4413563013076782,3.6391031742095943,3.6391031742095943,23.83430290222168,27.41520404815674,27.46493434906006,27.47069263458252,27.47457599639893,7.0,10.0,10.0,1167.0,372.0,57.0,4.0,1.0,0.0,5.0,6.0,6.5,964.5,246.0,26.5,3.0,1.0,0.0,17.01095703125,75.8564424617989,1014.0799472526063,1504.0,1696.0,384.0,0.17300000000000001,89,16,71,1014.1,3.0,5.0,5.0,,
2022-10-25 16:46:33,52.394236667,13.038296667000001,36.1,3.474207162857056,3.673841714859009,3.673841714859009,24.06182289123535,27.67690658569336,27.72711277008057,27.732925415039066,27.73684597015381,7.0,9.0,10.0,1131.0,357.0,57.0,4.0,1.0,0.0,5.0,6.0,7.0,999.0,256.5,31.5,4.0,2.0,0.0,17.00607421875,75.89003542007819,1014.0735700042707,1600.0,1920.0,416.0,0.17300000000000001,89,16,71,1014.1,3.0,5.0,5.0,,
2022-10-25 16:46:36,52.394226667,13.038268333,35.7,3.4872968196868896,3.6876837015151978,3.6876837015151978,24.15248012542725,27.781185150146484,27.831579208374023,27.837414741516113,27.841350555419922,7.0,9.5,10.0,1174.5,370.5,56.0,4.5,1.0,0.0,5.0,6.0,7.0,1012.5,259.5,33.0,4.0,2.0,0.0,17.00548828125,75.9552856407123,1014.0734400956412,1600.0,2208.0,384.0,0.17300000000000001,89,16,71,1014.1,3.0,5.0,5.0,,
2022-10-25 16:46:36,52.394226667,13.038268333,35.7,3.576854705810547,3.782387614250183,3.782387614250183,24.77274417877197,28.494638442993164,28.546326637268066,28.55231094360352,28.55634880065918,7.0,10.0,10.0,1218.0,384.0,55.0,5.0,1.0,0.0,5.5,6.5,7.5,999.0,268.0,43.0,4.0,2.0,0.0,17.01193359375,76.00793088803466,1014.0773770261626,1344.0,1664.0,352.0,0.17300000000000001,89,16,71,1014.1,3.0,5.0,5.0,,
2022-10-25 16:46:43,52.3942,13.038201667000001,37.1,3.6520354747772217,3.861888527870178,3.861888527870178,25.293435096740726,29.0935583114624,29.14633274078369,29.152443885803226,29.15656471252441,7.0,9.0,10.0,1182.0,374.0,55.0,5.0,1.0,0.0,6.0,6.0,8.5,1027.5,282.0,42.0,4.0,4.0,0.0,17.01603515625,75.9226049862165,1014.076614208606,1344.0,1504.0,320.0,0.17300000000000001,89,16,71,1014.1,3.0,5.0,5.0,,
2022-10-25 16:46:47,52.394181667,13.038168333,36.0,3.7069787979125977,3.919988870620728,3.919988870620728,25.67396450042725,29.53125858306885,29.584827423095703,29.59103012084961,29.595213890075684,7.0,9.0,10.0,1185.0,374.0,54.0,5.5,1.0,0.0,6.0,6.0,8.0,1044.0,290.5,37.5,3.0,3.0,0.0,17.01154296875,75.8049702225373,1014.0784051121203,1504.0,1856.0,448.0,0.17300000000000001,89,16,71,1014.1,3.0,5.0,5.0,,
2022-10-25 16:46:50,52.394166667,13.038145,35.3,3.8268213272094727,4.046717882156372,4.046717882156372,26.50397491455078,30.48597049713135,30.5412712097168,30.54767417907715,30.55199337005615,7.0,9.0,10.0,1188.0,374.0,53.0,6.0,1.0,0.0,6.0,6.5,8.0,1038.0,287.5,36.5,2.0,2.0,0.0,17.00763671875,75.86278015933652,1014.0694576866729,1408.0,1632.0,384.0,0.17300000000000001,89,16,71,1014.1,3.0,5.0,5.0,,
2022-10-25 16:46:54,52.394148333000004,13.038110000000001,33.6,3.8830543756484985,4.106182098388672,4.106182098388672,26.89343643188477,30.933945655822754,30.990059852600094,30.99655532836914,31.000938415527344,6.5,10.5,10.5,1269.0,401.0,61.0,5.0,0.0,0.0,6.0,7.0,8.0,1078.5,298.5,35.5,2.0,2.0,0.0,17.01154296875,75.91499682491265,1014.0733890284283,1248.0,1600.0,288.0,0.17300000000000001,89,16,71,1014.1,3.0,5.0,5.0,,
2022-10-25 16:46:54,52.394148333000004,13.038110000000001,33.6,3.7397518157958975,3.954645156860352,3.954645156860352,25.90094566345215,29.79234218597412,29.846384048461914,29.852641105651852,29.85686206817627,6.0,9.5,10.0,1246.5,394.5,58.0,5.5,0.0,0.0,6.0,7.0,8.0,1162.5,309.0,27.0,2.0,2.0,0.0,17.01916015625,75.98846194879255,1014.0826017235617,1376.0,1952.0,384.0,0.17300000000000001,89,16,71,1014.1,3.0,5.0,5.0,,
2022-10-25 16:46:54,52.394148333000004,13.038110000000001,33.6,3.6992579698562618,3.9118244647979736,3.9118244647979736,25.62049102783203,29.46975040435791,29.523208618164066,29.52939796447754,29.53357315063477,7.0,10.0,11.0,1224.0,388.0,55.0,6.0,0.0,0.0,5.5,6.5,6.5,1101.0,298.5,36.0,0.0,0.0,0.0,17.032246093749997,76.01466959355047,1014.0874528051813,1280.0,1696.0,288.0,0.17300000000000001,89,16,71,1014.1,3.0,5.0,5.0,,
2022-10-25 16:47:04,52.394101667,13.038046667,37.5,3.8071014881134033,4.025864839553833,4.025864839553833,26.36739826202393,30.32887554168701,30.383891105651852,30.390259742736816,30.39455795288086,5.5,9.5,10.5,1182.0,374.0,57.0,7.0,1.0,1.0,5.5,6.5,7.5,1153.5,312.0,42.5,2.0,2.0,0.0,17.04943359375,76.00369910591208,1014.0840154132808,1568.0,1728.0,448.0,0.16899999999999998,89,16,71,1014.0,3.0,5.0,6.0,,
2022-10-25 16:47:08,52.394081666999995,13.038025,39.6,3.827895045280457,4.047853231430054,4.047853231430054,26.51141166687012,30.49452495574951,30.54984188079834,30.55624580383301,30.560566902160645,5.0,9.0,10.0,1170.0,368.0,57.0,7.0,1.0,1.0,6.0,7.5,8.5,1216.5,330.0,45.0,2.0,2.0,0.0,17.05646484375,75.84320147665223,1014.0830648632907,1504.0,2016.0,480.0,0.16899999999999998,89,16,71,1014.0,3.0,5.0,6.0,,
2022-10-25 16:47:11,52.394073333,13.037989999999999,37.9,3.838033199310303,4.0585739612579355,4.0585739612579355,26.58162593841553,30.57528781890869,30.63075160980225,30.63717269897461,30.641505241394047,5.5,9.5,10.5,1158.0,362.0,57.0,7.0,1.0,1.0,6.0,7.0,8.0,1171.5,317.0,49.0,2.0,2.0,0.0,17.05255859375,75.89070425843441,1014.0925110768248,1504.0,1920.0,384.0,0.16899999999999998,89,16,71,1014.0,3.0,5.0,6.0,,
2022-10-25 16:47:15,52.394059999999996,13.037946667,35.9,3.9642914533615112,4.192087411880493,4.192087411880493,27.45607185363769,31.5811128616333,31.63840103149414,31.64503288269043,31.64950752258301,6.0,9.0,10.0,1143.0,358.0,55.0,4.0,1.0,1.0,6.0,7.0,8.0,1126.5,311.0,51.0,2.0,2.0,0.0,17.04689453125,76.0101695653928,1014.0957151799588,1536.0,1984.0,480.0,0.16899999999999998,89,16,71,1014.0,3.0,5.0,6.0,,
2022-10-25 16:47:15,52.394059999999996,13.037946667,35.9,4.095542192459106,4.33087968826294,4.33087968826294,28.365093231201172,32.626707077026374,32.685890197753906,32.6927433013916,32.697364807128906,6.0,9.5,10.5,1120.5,351.5,61.5,4.0,1.0,1.0,6.0,7.0,9.0,1176.0,314.5,50.0,4.0,2.0,0.0,17.03458984375,76.12861995498454,1014.0871361951976,1536.0,2080.0,384.0,0.16899999999999998,89,16,71,1014.0,3.0,5.0,6.0,,
2022-10-25 16:47:21,52.394026667,13.037889999999999,36.6,4.078229427337647,4.312572240829469,4.312572240829469,28.24518871307373,32.48878669738769,32.547719955444336,32.554542541503906,32.55914688110352,6.0,10.0,11.0,1098.0,345.0,68.0,4.0,1.0,1.0,5.5,6.5,7.5,1140.0,300.5,46.5,2.0,0.0,0.0,17.02287109375,76.15769650645305,1014.08621104828,1600.0,1984.0,544.0,0.16899999999999998,89,16,71,1014.0,3.0,5.0,6.0,,
2022-10-25 16:47:25,52.394009999999994,13.037848333,36.9,4.05342435836792,4.286341905593872,4.286341905593872,28.07339286804199,32.29117965698242,32.349756240844734,32.356538772583015,32.361112594604485,6.0,10.0,12.0,1152.0,364.0,72.0,5.0,2.0,2.0,5.0,5.0,6.0,997.5,260.0,34.0,2.0,0.0,0.0,17.01388671875,76.1665640518876,1014.0814327286952,1664.0,2048.0,384.0,0.16899999999999998,89,16,71,1014.0,3.0,5.0,6.0,,
2022-10-25 16:47:29,52.393991666999995,13.037808333,36.0,4.047885656356812,4.280484914779663,4.280484914779663,28.03503227233887,32.24705696105957,32.305553436279304,32.31232452392578,32.316892623901374,5.5,9.5,11.5,1093.5,347.5,72.0,4.5,2.0,2.0,5.0,5.5,6.0,1036.5,270.5,27.0,2.0,0.0,0.0,17.0071484375,76.14481232327608,1014.0786848680953,1632.0,1888.0,416.0,0.16899999999999998,89,16,71,1014.0,3.0,5.0,6.0,,
2022-10-25 16:47:33,52.393966667,13.037775,37.8,4.00142240524292,4.231351852416991,4.231351852416991,27.713234901428226,31.876911163330078,31.93473625183105,31.94143009185791,31.94594669342041,5.0,9.0,11.0,1035.0,331.0,72.0,4.0,2.0,2.0,5.0,5.5,7.0,1006.5,270.0,27.0,4.0,2.0,0.0,17.00109375,76.10596405322696,1014.0712117622393,1408.0,1568.0,288.0,0.16899999999999998,89,16,71,1014.0,3.0,5.0,6.0,,
2022-10-25 16:47:36,52.393948333000004,13.037755,35.1,3.917216420173645,4.1423070430755615,4.1423070430755615,27.130037307739254,31.20609378814697,31.2627010345459,31.26925563812256,31.2736759185791,6.0,10.0,12.0,1083.0,347.0,74.0,4.0,2.0,2.0,4.5,5.0,6.0,937.5,253.5,22.0,2.0,2.0,0.0,17.00041015625,76.12994917369922,1014.0742648697842,1600.0,1792.0,320.0,0.16899999999999998,89,16,71,1014.0,3.0,5.0,6.0,,
2022-10-25 16:47:36,52.393948333000004,13.037755,35.1,3.7906161546707153,4.008432149887085,4.008432149887085,26.253222465515137,30.197546005249023,30.25232410430908,30.25866508483887,30.262944221496586,6.0,9.5,11.5,1071.0,343.5,73.0,3.5,2.0,2.0,4.5,5.5,6.5,937.5,257.0,25.5,2.0,2.0,0.0,17.0003125,76.27111095120969,1014.0749398839893,1632.0,2048.0,416.0,0.16899999999999998,89,16,71,1014.0,3.0,5.0,6.0,,
2022-10-25 16:47:43,52.3939,13.037713333,36.5,3.632146716117859,3.8408567905426025,3.8408567905426025,25.15568733215332,28.935115814208984,28.987603187561035,28.993680000305176,28.99777889251709,6.0,9.0,11.0,1059.0,340.0,72.0,3.0,2.0,2.0,5.0,6.0,7.0,1057.5,295.5,31.0,2.0,2.0,0.0,16.994453125,76.45622772564421,1014.0677886587297,1504.0,1696.0,320.0,0.16899999999999998,89,16,71,1014.0,3.0,5.0,6.0,,
2022-10-25 16:47:46,52.393885,13.037703333,36.2,3.406650424003601,3.602403163909912,3.602403163909912,23.5939359664917,27.13872337341309,27.18795299530029,27.193652153015137,27.19749736785889,6.0,9.0,10.0,1008.0,323.0,66.0,3.0,2.0,2.0,5.0,6.0,7.0,1041.0,290.0,30.0,2.0,2.0,0.0,16.978632812500006,76.56053228480755,1014.0701319251617,1600.0,2048.0,480.0,0.16899999999999998,89,16,71,1014.0,3.0,5.0,6.0,,
2022-10-25 16:47:50,52.393866667,13.037668333,34.7,3.1622939109802246,3.3440053462982178,3.3440053462982178,21.901559829711914,25.19208335876465,25.23778057098389,25.24307155609131,25.246641159057614,6.0,8.5,10.0,1002.0,320.0,63.0,2.5,2.0,2.0,6.0,7.0,7.0,1123.5,306.5,33.5,0.0,0.0,0.0,16.95138671875,76.6250668532356,1014.073700240757,1472.0,1920.0,416.0,0.16899999999999998,89,16,71,1014.0,3.0,5.0,6.0,,
2022-10-25 16:47:54,52.39385,13.037626667,35.2,3.062950134277344,3.2389532327651978,3.2389532327651978,21.213521003723145,24.40067195892334,24.44493389129639,24.450058937072754,24.45351505279541,6.0,8.0,10.0,996.0,317.0,60.0,2.0,2.0,2.0,6.0,7.0,7.0,1195.5,333.0,36.0,0.0,0.0,0.0,16.92072265625,76.69941378876169,1014.0791532166586,1440.0,2080.0,352.0,0.16899999999999998,89,16,71,1014.0,3.0,5.0,6.0,,
2022-10-25 16:47:57,52.393843333,13.037593333,33.7,3.1479905843734737,3.3288801908493038,3.3288801908493038,21.80249691009521,25.078137397766113,25.12362861633301,25.128894805908203,25.13244819641113,6.0,8.0,9.0,1065.0,338.0,64.0,1.0,1.0,1.0,6.5,7.5,8.5,1200.0,341.0,35.5,1.0,1.0,0.0,16.8993359375,76.70627518106252,1014.06980599672,1792.0,2144.0,384.0,0.16899999999999998,89,16,71,1014.0,3.0,5.0,6.0,,
2022-10-25 16:47:57,52.393843333,13.037593333,33.7,3.284593105316162,3.473332166671753,3.473332166671753,22.74858665466309,26.16636657714844,26.21383285522461,26.219327926635746,26.22303485870361,6.5,8.5,9.5,1077.0,344.0,67.0,1.0,1.0,1.0,6.5,7.5,9.0,1207.5,347.0,33.0,2.0,2.0,0.0,16.8846875,76.6797316586884,1014.0740743147077,1568.0,1920.0,384.0,0.16899999999999998,89,16,71,1014.0,3.0,5.0,6.0,,
2022-10-25 16:48:04,52.393811667,13.037531667,31.1,3.4490740299224854,3.64726448059082,3.64726448059082,23.88775539398193,27.47668647766113,27.52652931213379,27.53229904174805,27.53619289398193,7.0,9.0,10.0,1089.0,350.0,70.0,1.0,1.0,1.0,7.0,8.0,9.0,1248.0,364.5,38.0,2.0,2.0,0.0,16.87970703125,76.65821873543635,1014.0733855548508,1472.0,1920.0,480.0,0.165,90,16,71,1014.1,3.0,5.0,6.0,,
2022-10-25 16:48:07,52.393798333,13.037501667,33.9,3.6693333387374882,3.8801802396774288,3.8801802396774288,25.41323757171631,29.231359481811523,29.28438472747803,29.29052352905273,29.29466533660889,6.0,8.0,9.0,1008.0,323.0,62.0,1.0,1.0,1.0,6.5,7.5,8.5,1192.5,352.5,36.5,2.0,2.0,0.0,16.882441406250006,76.61727011754087,1014.0712070195507,1472.0,1760.0,352.0,0.165,90,16,71,1014.1,3.0,5.0,6.0,,
2022-10-25 16:48:11,52.393775,13.037469999999999,32.9,3.797890067100525,4.016124248504639,4.016124248504639,26.30360126495361,30.2554931640625,30.31037712097168,30.316730499267575,30.321017265319824,5.5,7.0,8.0,993.0,318.0,56.0,1.0,1.0,1.0,5.0,6.5,8.0,1186.5,347.5,32.0,2.0,2.0,0.0,16.8864453125,76.54894877448612,1014.0719573636336,1440.0,1632.0,256.0,0.165,90,16,71,1014.1,3.0,5.0,6.0,,
2022-10-25 16:48:15,52.393751667,13.037436667,34.6,3.925104141235352,4.150648117065431,4.150648117065431,27.18466567993164,31.268930435180664,31.32565116882324,31.332218170166016,31.336647987365726,5.0,6.0,7.0,978.0,313.0,50.0,1.0,1.0,1.0,6.0,7.0,7.5,1141.5,326.5,25.0,1.0,1.0,0.0,16.8876171875,76.5491397828824,1014.0663667731156,1568.0,1952.0,192.0,0.165,90,16,71,1014.1,3.0,5.0,6.0,,
2022-10-25 16:48:15,52.393751667,13.037436667,34.6,3.958780527114868,4.186259746551514,4.186259746551514,27.41790294647217,31.537209510803226,31.594417572021484,31.60104084014893,31.60550880432129,5.5,7.5,7.5,972.0,309.0,54.0,1.0,0.0,0.0,5.0,6.0,6.0,991.5,279.5,25.0,0.0,0.0,0.0,16.884394531250006,76.49689952930706,1014.0618894508212,1344.0,1632.0,480.0,0.165,90,16,71,1014.1,3.0,5.0,6.0,,
2022-10-25 16:48:15,52.393751667,13.037436667,34.6,3.9574443101882935,4.184846639633179,4.184846639633179,27.408649444580078,31.52656555175781,31.583754539489746,31.59037494659424,31.594841957092285,6.0,8.5,8.5,993.0,316.0,58.0,1.5,0.5,0.5,5.0,5.0,5.0,957.0,263.0,22.0,0.0,0.0,0.0,16.87150390625,76.39484511752741,1014.0531742004486,1376.0,1472.0,320.0,0.165,90,16,71,1014.1,3.0,5.0,6.0,,
2022-10-25 16:48:25,52.393696667,13.037356667000001,36.4,3.8959420919418335,4.1198105812072745,4.1198105812072745,26.982693672180176,31.036614418029785,31.09291362762451,31.099432945251465,31.103829383850094,6.0,9.0,9.0,1014.0,323.0,62.0,2.0,1.0,1.0,5.5,6.0,6.0,1008.0,276.0,23.0,2.0,0.0,0.0,16.85685546875,76.39246064412707,1014.04908283259,1728.0,2144.0,480.0,0.165,90,16,71,1014.1,3.0,5.0,6.0,,
2022-10-25 16:48:29,52.393691667,13.037326667,36.7,3.812722086906433,4.031808376312257,4.031808376312257,26.406325340271,30.373650550842285,30.42874813079834,30.43512725830078,30.43943023681641,6.0,8.0,9.0,972.0,309.0,60.0,2.0,1.0,1.0,6.0,6.0,6.0,1008.0,274.0,32.0,2.0,0.0,0.0,16.84220703125,76.44866314686357,1014.0458264232286,1408.0,1696.0,384.0,0.165,90,16,71,1014.1,3.0,5.0,6.0,,
2022-10-25 16:48:32,52.393663333,13.037305,36.3,3.762258648872376,3.978445291519165,3.978445291519165,26.056824684143066,29.97163963317871,30.026007652282715,30.032301902771,30.036548614501953,6.0,8.5,10.0,1015.5,324.0,65.0,3.5,1.5,1.0,6.0,6.5,7.5,1051.5,281.5,34.0,4.0,2.0,0.0,16.83322265625,76.49890549896472,1014.0519080266326,1568.0,1760.0,416.0,0.165,90,16,71,1014.1,3.0,5.0,6.0,,
2022-10-25 16:48:36,52.393636666999996,13.037285,35.1,3.7765936851501465,3.993604063987732,3.993604063987732,26.156105995178226,30.08583831787109,30.14041233062744,30.14673137664795,30.150994300842285,5.5,8.5,10.5,1059.0,339.0,70.0,5.0,2.0,1.0,7.5,11.5,12.5,1408.5,379.5,67.0,9.0,2.0,0.0,16.82521484375,76.53207884373197,1014.055420377473,1568.0,2048.0,416.0,0.165,90,16,71,1014.1,3.0,5.0,6.0,,
2022-10-25 16:48:36,52.393636666999996,13.037285,35.1,3.7844129800796513,4.001872539520264,4.001872539520264,26.21026134490967,30.1481294631958,30.20281791687012,30.20914936065674,30.213420867919922,6.0,9.0,12.0,1134.0,366.0,74.0,8.0,5.0,1.0,7.5,11.5,13.0,1449.0,399.5,74.0,8.0,2.0,0.0,16.8239453125,76.6180891462947,1014.0566702649691,1472.0,2080.0,480.0,0.165,90,16,71,1014.1,3.0,5.0,6.0,,
2022-10-25 16:48:43,52.393588333000004,13.03722,36.3,3.862138986587525,4.0840651988983145,4.0840651988983145,26.74857997894287,30.76732635498047,30.823137283325195,30.829599380493164,30.83395767211914,6.5,9.5,12.5,1180.5,382.5,77.0,8.0,5.0,1.0,8.0,12.5,12.5,1441.5,413.0,82.5,6.0,0.0,0.0,16.8270703125,76.68413526421665,1014.0568081304613,1376.0,1920.0,288.0,0.165,90,16,71,1014.1,3.0,5.0,6.0,,
2022-10-25 16:48:47,52.393573333,13.037183333,34.6,4.189470052719116,4.4302051067352295,4.4302051067352295,29.015624046325684,33.37497329711914,33.435516357421875,33.44252586364746,33.447254180908196,7.0,10.0,13.0,1227.0,399.0,80.0,8.0,5.0,1.0,7.0,10.0,10.0,1305.0,373.5,68.5,3.0,0.0,0.0,16.84787109375,76.69787808335673,1014.0677020254483,1600.0,1856.0,384.0,0.165,90,16,71,1014.1,3.0,5.0,6.0,,
2022-10-25 16:48:50,52.393568333000005,13.037148333,32.6,4.390648603439331,4.642943859100342,4.642943859100342,30.40895748138428,34.977643966674805,35.041091918945305,35.048437118530266,35.053394317626946,8.0,11.0,14.0,1239.0,403.0,80.0,9.0,5.0,1.0,7.0,9.5,9.5,1257.0,354.5,64.0,2.0,0.0,0.0,16.86603515625,76.64219313688224,1014.073411726011,1504.0,1664.0,288.0,0.165,90,16,71,1014.1,3.0,5.0,6.0,,
2022-10-25 16:48:54,52.393558333,13.037111667000001,36.1,4.431617259979248,4.6862666606903085,4.6862666606903085,30.69269847869873,35.30401420593262,35.36805534362793,35.375471115112305,35.38047218322754,8.0,11.5,15.0,1299.0,421.0,84.0,9.5,5.0,1.0,7.0,9.5,11.0,1248.0,348.5,63.0,4.0,2.0,0.0,16.87580078125,76.62998453193002,1014.0719602436735,1536.0,1888.0,320.0,0.165,90,16,71,1014.1,3.0,5.0,6.0,,
2022-10-25 16:48:54,52.393558333,13.037111667000001,36.1,4.279328346252441,4.525226831436157,4.525226831436157,29.63796901702881,34.090822219848626,34.152660369873054,34.159820556640625,34.164649963378906,7.0,11.0,15.0,1359.0,439.0,88.0,10.0,5.0,1.0,6.0,8.0,9.5,1159.5,318.5,49.0,3.0,2.0,0.0,16.89103515625,76.59107845793008,1014.0786888028264,1472.0,1984.0,448.0,0.165,90,16,71,1014.1,3.0,5.0,6.0,,
2022-10-25 16:49:00,52.393548333000005,13.037058333,33.6,4.128826141357422,4.366076469421387,4.366076469421387,28.59561443328857,32.891860961914055,32.951526641845696,32.95843505859375,32.96309471130371,8.5,13.5,16.5,1461.0,471.0,98.0,11.0,5.0,1.0,6.0,8.0,9.0,1128.0,304.5,45.5,2.0,2.0,0.0,16.909296875,76.57336306930199,1014.0820490104437,1472.0,1760.0,320.0,0.158,90,16,71,1014.0,4.0,6.0,7.0,,
2022-10-25 16:49:04,52.393543333000004,13.03704,37.5,4.01732349395752,4.248166561126709,4.248166561126709,27.8233642578125,32.003586769104004,32.061640739440925,32.06836223602295,32.072896003723145,9.0,14.5,17.5,1510.5,485.5,101.0,11.5,5.0,1.0,5.0,7.0,8.0,1119.0,299.5,36.0,2.0,2.0,0.0,16.925898437500006,76.51744935505604,1014.0876863958866,1728.0,2208.0,544.0,0.158,90,16,71,1014.0,4.0,6.0,7.0,,
2022-10-25 16:49:08,52.393541667,13.037011667,36.5,3.9025378227233887,4.1267850399017325,4.1267850399017325,27.02837562561035,31.089158058166504,31.14555358886719,31.152082443237305,31.156487464904785,9.0,15.0,18.0,1560.0,500.0,104.0,12.0,5.0,1.0,5.5,7.0,8.0,1131.0,302.5,34.5,2.0,2.0,0.0,16.927363281250006,76.43495329077467,1014.0909373437809,1536.0,1888.0,384.0,0.158,90,16,71,1014.0,4.0,6.0,7.0,,
2022-10-25 16:49:12,52.393521666999995,13.036966667,34.9,3.7457926273345943,3.96103298664093,3.96103298664093,25.942781448364254,29.840463638305664,29.894594192504886,29.90086078643799,29.90508937835693,10.0,15.0,18.0,1599.0,517.0,100.0,11.0,5.0,1.0,6.0,7.0,7.0,1164.0,311.5,20.0,0.0,0.0,0.0,16.92580078125,76.34854888543221,1014.0800022650337,1664.0,2016.0,320.0,0.158,90,16,71,1014.0,4.0,6.0,7.0,,
2022-10-25 16:49:15,52.39351,13.036923332999999,34.7,3.60673463344574,3.8139845132827763,3.8139845132827763,24.97968864440918,28.73267269134521,28.78479385375977,28.790828704833984,28.79489898681641,9.0,14.0,16.5,1615.5,520.5,98.0,11.0,4.5,0.5,6.0,7.0,7.0,1216.5,326.5,19.5,0.0,0.0,0.0,16.93087890625,76.29425698486747,1014.0716561171512,1568.0,2144.0,384.0,0.158,90,16,71,1014.0,4.0,6.0,7.0,,
2022-10-25 16:49:15,52.39351,13.036923332999999,34.7,3.5334640741348267,3.736503720283508,3.736503720283508,24.472227096557614,28.14897155761719,28.20003318786621,28.20594501495361,28.209933280944824,9.5,14.5,16.5,1632.0,524.0,96.0,11.0,4.0,0.0,6.5,7.5,7.5,1216.5,330.0,26.5,0.0,0.0,0.0,16.9383984375,76.27136857042409,1014.0765297483588,1664.0,2016.0,448.0,0.158,90,16,71,1014.0,4.0,6.0,7.0,,
2022-10-25 16:49:22,52.393465,13.036856667,35.1,3.531388640403748,3.7343090772628784,3.7343090772628784,24.457853317260746,28.132436752319336,28.18346881866455,28.189377784729004,28.193363189697266,10.0,15.0,17.0,1656.0,528.0,90.0,11.0,4.0,0.0,6.0,8.0,8.0,1176.0,328.0,32.0,0.0,0.0,0.0,16.9489453125,76.23864336152205,1014.0788707626648,1568.0,1824.0,192.0,0.158,90,16,71,1014.0,4.0,6.0,7.0,,
2022-10-25 16:49:25,52.393443333,13.036823333,36.7,3.5883579254150386,3.7945518493652335,3.7945518493652335,24.85241413116455,28.58627700805664,28.638132095336914,28.64413547515869,28.64818477630615,10.0,14.5,16.5,1659.0,528.0,88.0,9.5,3.5,0.0,6.5,8.0,8.0,1180.5,337.5,34.5,0.0,0.0,0.0,16.9696484375,76.2247918665836,1014.0670242678012,1664.0,2048.0,416.0,0.158,90,16,71,1014.0,4.0,6.0,7.0,,
2022-10-25 16:49:29,52.393418333,13.03679,35.8,3.599692106246948,3.8065373897552486,3.8065373897552486,24.930912971496586,28.67656993865967,28.728589057922363,28.73461151123047,28.73867416381836,10.0,14.0,16.0,1662.0,528.0,86.0,8.0,3.0,0.0,6.0,8.0,8.0,1096.5,321.5,46.0,2.0,0.0,0.0,16.9958203125,76.28759927961588,1014.0625183859964,1632.0,1920.0,416.0,0.158,90,16,71,1014.0,4.0,6.0,7.0,,
2022-10-25 16:49:33,52.393398333,13.036764999999999,34.5,3.5534465312957764,3.757634401321411,3.757634401321411,24.610623359680176,28.308159828186035,28.35950946807861,28.36545562744141,28.36946582794189,8.0,13.0,13.0,1587.0,501.0,84.0,5.0,0.0,0.0,6.0,7.5,7.5,1075.5,311.0,47.5,2.0,0.0,0.0,17.0286328125,76.28605334771976,1014.0631035957393,1536.0,2016.0,256.0,0.158,90,16,71,1014.0,4.0,6.0,7.0,,
2022-10-25 16:49:36,52.393383333,13.03675,33.1,3.5771985054016118,3.782751202583313,3.782751202583313,24.77512550354004,28.497377395629886,28.549071311950684,28.55505561828613,28.5590934753418,8.0,12.5,13.0,1552.5,489.5,85.0,5.0,0.0,0.0,6.0,7.5,7.5,1129.5,319.0,39.5,2.0,0.0,0.0,17.0596875,76.26355458491399,1014.0666388486777,1728.0,1856.0,352.0,0.158,90,16,71,1014.0,4.0,6.0,7.0,,
2022-10-25 16:49:36,52.393383333,13.03675,33.1,3.6787751913070683,3.890164732933045,3.890164732933045,25.47863006591797,29.3065767288208,29.35973834991455,29.36589336395264,29.370044708251953,8.0,12.0,13.0,1518.0,478.0,86.0,5.0,0.0,0.0,6.0,7.0,7.0,1135.5,317.0,44.0,2.0,0.0,0.0,17.097187499999997,76.18700363715703,1014.0623995976528,1824.0,2304.0,448.0,0.158,90,16,71,1014.0,4.0,6.0,7.0,,
2022-10-25 16:49:43,52.393384999999995,13.036745,33.4,3.755204200744629,3.970985412597656,3.970985412597656,26.007965087890625,29.91544055938721,29.969706535339355,29.97598934173584,29.98022747039795,8.5,13.5,13.5,1518.0,480.0,90.0,4.0,0.0,0.0,6.0,7.5,7.5,1108.5,306.5,48.5,2.0,0.0,0.0,17.1399609375,76.15953548562658,1014.0660091078267,1792.0,2272.0,96.0,0.158,90,16,71,1014.0,4.0,6.0,7.0,,
2022-10-25 16:49:47,52.393384999999995,13.036745,33.5,3.8745505809783936,4.0971899032592765,4.0971899032592765,26.83454132080078,30.86620235443115,30.922192573547363,30.928674697875977,30.933048248291016,8.5,13.0,13.0,1461.0,462.0,84.0,3.5,0.0,0.0,6.0,7.5,7.5,1149.0,315.0,44.5,0.0,0.0,0.0,17.1825390625,76.09761277116576,1014.0667805975737,1856.0,2304.0,416.0,0.158,90,16,71,1014.0,4.0,6.0,7.0,,
2022-10-25 16:49:50,52.393384999999995,13.036745,33.5,4.19770097732544,4.43890905380249,4.43890905380249,29.072630882263184,33.4405460357666,33.501205444335945,33.508230209350586,33.512968063354485,7.5,11.5,11.5,1404.0,444.0,78.0,3.0,0.0,0.0,6.5,8.0,8.5,1186.5,332.0,59.5,1.0,1.0,0.0,17.22189453125,76.09713672207545,1014.0664142201422,1728.0,2208.0,416.0,0.158,90,16,71,1014.0,4.0,6.0,7.0,,
2022-10-25 16:49:54,52.393384999999995,13.036745,33.5,4.5005879402160645,4.75920033454895,4.75920033454895,31.17037868499756,35.85346221923828,35.918500900268555,35.926029205322266,35.93111038208008,7.0,11.0,11.0,1365.0,437.0,76.0,2.0,0.0,0.0,5.5,7.5,8.5,1111.5,316.5,65.0,2.0,2.0,0.0,17.2598828125,76.11365297329684,1014.0612788157408,1440.0,1920.0,288.0,0.158,90,16,71,1014.0,4.0,6.0,7.0,,
2022-10-25 16:49:54,52.393384999999995,13.036745,33.5,4.74444055557251,5.017065048217773,5.017065048217773,32.859264373779304,37.79608726501465,37.86464881896973,37.87258529663086,37.8779411315918,7.0,11.0,11.0,1374.0,442.0,78.0,1.5,0.0,0.0,5.5,6.5,7.5,1078.5,314.0,56.0,2.0,2.0,0.0,17.29513671875,76.07464594964927,1014.0499576629056,1504.0,1696.0,352.0,0.158,90,16,71,1014.0,4.0,6.0,7.0,,
2022-10-25 16:49:54,52.393384999999995,13.036745,33.5,4.921876430511475,5.204696893692017,5.204696893692017,34.088157653808594,39.20960998535156,39.280738830566406,39.28897285461426,39.29452705383301,7.0,11.0,11.0,1383.0,447.0,80.0,1.0,0.0,0.0,6.0,7.0,8.5,1107.0,323.0,49.5,2.0,2.0,0.0,17.32697265625,76.03508800322876,1014.0472167327164,1632.0,1664.0,224.0,0.158,90,16,71,1014.0,4.0,6.0,7.0,,
2022-10-25 16:50:04,52.393384999999995,13.036745,33.5,4.965299129486084,5.250614881515503,5.250614881515503,34.38889694213867,39.5555362701416,39.627288818359375,39.635597229003906,39.64120101928711,7.0,11.0,11.0,1338.0,430.0,76.0,1.0,0.0,0.0,5.0,6.5,7.5,1116.0,330.0,45.5,2.0,2.0,0.0,17.357441406249997,75.96434590018569,1014.046400610844,1536.0,1888.0,288.0,0.14800000000000002,91,16,71,1014.1,3.0,5.0,6.0,,
2022-10-25 16:50:08,52.393384999999995,13.036745,33.5,4.922731161117554,5.2056007385253915,5.2056007385253915,34.094078063964844,39.216421127319336,39.287559509277344,39.29579544067383,39.301353454589844,6.5,10.5,10.5,1321.5,425.5,74.0,1.0,0.0,0.0,6.0,7.0,7.5,1128.0,341.0,41.5,1.0,1.0,0.0,17.38556640625,75.89324024632822,1014.0375358355546,1632.0,2144.0,288.0,0.14800000000000002,91,16,71,1014.1,3.0,5.0,6.0,,
2022-10-25 16:50:11,52.393384999999995,13.036745,33.5,4.9523653984069815,5.236937999725342,5.236937999725342,34.299318313598626,39.45249938964844,39.5240650177002,39.53235244750977,39.53794288635254,6.0,10.0,10.0,1305.0,421.0,72.0,1.0,0.0,0.0,6.5,7.5,7.5,1194.0,363.5,41.0,0.0,0.0,0.0,17.41134765625,75.83896913468317,1014.0415358226036,1696.0,1920.0,288.0,0.14800000000000002,91,16,71,1014.1,3.0,5.0,6.0,,
2022-10-25 16:50:15,52.393384999999995,13.036745,33.5,4.9596214294433585,5.244610786437988,5.244610786437988,34.349573135375984,39.51030349731445,39.581974029541016,39.59027290344238,39.59587097167969,6.0,10.0,10.0,1248.0,406.0,71.0,1.0,0.0,0.0,7.0,8.0,8.0,1324.5,388.5,50.5,0.0,0.0,0.0,17.43419921875,75.74985158202577,1014.039869514364,1536.0,1728.0,224.0,0.14800000000000002,91,16,71,1014.1,3.0,5.0,6.0,,
2022-10-25 16:50:15,52.393384999999995,13.036745,33.5,4.932202339172363,5.215616226196289,5.215616226196289,34.1596736907959,39.29187393188477,39.3631477355957,39.37139892578125,39.37696647644043,6.0,9.5,9.5,1225.5,399.5,71.0,1.0,0.0,0.0,7.0,8.5,8.5,1321.5,387.0,52.5,0.0,0.0,0.0,17.45265625,75.61538718389997,1014.0393263495604,1632.0,1984.0,416.0,0.14800000000000002,91,16,71,1014.1,3.0,5.0,6.0,,
2022-10-25 16:50:21,52.393370000000004,13.036760000000001,32.7,4.812979698181152,5.089542627334595,5.089542627334595,33.333955764770515,38.342098236083984,38.41164970397949,38.41970252990723,38.42513465881348,7.0,10.0,10.0,1203.0,393.0,71.0,1.0,0.0,0.0,6.0,7.5,7.5,1281.0,376.0,55.5,0.0,0.0,0.0,17.469453125,75.4807241111542,1014.0444125075812,1568.0,2272.0,448.0,0.14800000000000002,91,16,71,1014.1,3.0,5.0,6.0,,
2022-10-25 16:50:25,52.393343333000004,13.036786667000001,32.8,4.640480041503906,4.90713095664978,4.90713095664978,32.139249801635735,36.96789741516113,37.03495788574219,37.04272079467773,37.04795837402344,6.5,9.5,9.5,1221.0,401.0,65.0,1.0,0.0,0.0,5.5,6.5,7.5,1213.5,344.5,47.0,1.0,1.0,0.0,17.44982421875,75.33679680249752,1014.053901724334,1856.0,2368.0,480.0,0.14800000000000002,91,16,71,1014.1,3.0,5.0,6.0,,
2022-10-25 16:50:29,52.39333,13.036788332999999,34.2,4.56351375579834,4.82574200630188,4.82574200630188,31.60619258880615,36.35475540161133,36.42070198059082,36.428335189819336,36.43348693847656,6.0,9.0,9.5,1240.5,406.5,65.0,1.5,0.5,0.5,6.0,7.5,9.5,1225.5,337.5,51.0,4.0,4.0,0.0,17.42169921875,75.29449655613024,1014.0493899461003,1824.0,2368.0,384.0,0.14800000000000002,91,16,71,1014.1,3.0,5.0,6.0,,
2022-10-25 16:50:33,52.393315,13.036755,34.7,4.379482030868529,4.6311354637146,4.6311354637146,30.331618309021,34.88868522644043,34.95197296142578,34.95929908752441,34.964242935180664,6.0,9.0,10.0,1260.0,412.0,65.0,2.0,1.0,1.0,5.5,7.0,9.5,1168.5,325.0,57.5,4.0,4.0,0.0,17.401972656250006,75.2398454065486,1014.0453289440056,1600.0,1984.0,288.0,0.14800000000000002,91,16,71,1014.1,3.0,5.0,6.0,,
2022-10-25 16:50:36,52.3933,13.036725,34.8,4.2876136302948,4.533988237380981,4.533988237380981,29.69535160064697,34.15682601928711,34.218786239624016,34.22595977783203,34.230798721313484,6.0,8.0,9.0,1197.0,391.0,57.0,2.0,1.0,1.0,5.0,7.0,10.0,1246.5,349.0,69.0,4.0,4.0,0.0,17.392109375,75.38235297947658,1014.04413441889,1664.0,2304.0,320.0,0.14800000000000002,91,16,71,1014.1,3.0,5.0,6.0,,
2022-10-25 16:50:36,52.3933,13.036725,34.8,4.072404623031616,4.306412696838379,4.306412696838379,28.204846382141113,32.44238376617432,32.50123405456543,32.508048057556145,32.512643814086914,6.0,8.0,9.0,1191.0,386.0,58.0,2.0,1.0,1.0,5.0,7.0,9.5,1243.5,337.0,67.0,4.0,4.0,0.0,17.39337890625,75.39971794642965,1014.0478992638552,1728.0,2144.0,320.0,0.14800000000000002,91,16,71,1014.1,3.0,5.0,6.0,,
2022-10-25 16:50:43,52.393263333,13.036666667,35.5,3.857285976409912,4.078933238983153,4.078933238983153,26.71496963500977,30.72866535186768,30.784406661987305,30.790860176086426,30.79521369934082,6.0,8.0,9.0,1185.0,381.0,59.0,2.0,1.0,1.0,5.0,7.5,9.5,1276.5,350.5,71.0,3.0,3.0,0.0,17.40646484375,75.36408630454422,1014.0468750679147,1600.0,2176.0,512.0,0.14800000000000002,91,16,71,1014.1,3.0,5.0,6.0,,
2022-10-25 16:50:46,52.393245,13.036653333,34.6,3.7355526685714717,3.9502047300338745,3.9502047300338745,25.871862411499023,29.758888244628906,29.81287097930908,29.81912040710449,29.82333755493164,7.0,10.0,11.0,1179.0,377.0,55.0,5.0,2.0,2.0,6.0,8.0,8.5,1296.0,368.5,69.0,1.0,1.0,0.0,17.4133984375,75.38237077399444,1014.0457514350136,1856.0,2560.0,448.0,0.14800000000000002,91,16,71,1014.1,3.0,5.0,6.0,,
2022-10-25 16:50:50,52.393226667,13.036618333,34.0,3.6257166862487793,3.834057211875916,3.834057211875916,25.11115455627441,28.883892059326172,28.93628692626953,28.94235324859619,28.94644451141357,6.5,9.5,10.5,1138.5,363.5,52.0,5.5,2.0,2.0,6.5,8.0,9.0,1281.0,364.5,53.0,2.0,2.0,0.0,17.43576171875,75.43405213669581,1014.0482999639273,1696.0,2176.0,384.0,0.14800000000000002,91,16,71,1014.1,3.0,5.0,6.0,,
2022-10-25 16:50:54,52.393208333000004,13.036581667,33.6,3.414341926574707,3.6105365753173833,3.6105365753173833,23.647205352783203,27.19999694824219,27.249337196350094,27.25504970550537,27.25890350341797,6.0,9.0,10.0,1098.0,350.0,49.0,6.0,2.0,2.0,6.5,7.5,9.0,1239.0,343.5,37.0,2.0,2.0,0.0,17.4508984375,75.41247834609355,1014.0489790276547,1664.0,2080.0,480.0,0.14800000000000002,91,16,71,1014.1,3.0,5.0,6.0,,
2022-10-25 16:50:57,52.393195,13.036553332999999,31.5,3.211711525917053,3.3962626457214355,3.3962626457214355,22.24381923675537,25.58576393127441,25.63217639923096,25.63754940032959,25.64117431640625,6.0,9.0,11.0,1137.0,361.0,47.0,7.0,2.0,2.0,6.5,7.0,8.5,1195.5,338.5,35.5,2.0,2.0,0.0,17.454609374999997,75.38905279891128,1014.0492371146913,1856.0,2368.0,480.0,0.14800000000000002,91,16,71,1014.1,3.0,5.0,6.0,,
2022-10-25 16:50:57,52.393195,13.036553332999999,31.5,3.07764208316803,3.2544893026351933,3.2544893026351933,21.315275192260746,24.51771354675293,24.56218719482422,24.56733703613281,24.570810317993164,6.0,9.0,11.5,1147.5,364.5,51.0,8.0,2.5,2.0,6.0,6.5,7.5,1159.5,320.5,28.5,2.0,2.0,0.0,17.4466015625,75.2402263907495,1014.0536115885367,1632.0,2208.0,320.0,0.14800000000000002,91,16,71,1014.1,3.0,5.0,6.0,,
2022-10-25 16:51:04,52.393159999999995,13.036518333,31.1,3.082597851753235,3.259729743003845,3.259729743003845,21.349596977233887,24.557191848754886,24.60173797607422,24.606895446777344,24.610374450683594,6.0,9.0,12.0,1158.0,368.0,55.0,9.0,3.0,2.0,5.0,6.5,7.0,1110.0,299.5,22.0,3.0,1.0,0.0,17.4442578125,75.1643973819837,1014.0497499384256,1344.0,1696.0,256.0,0.13699999999999998,91,16,70,1014.0,3.0,4.0,5.0,,
2022-10-25 16:51:08,52.393138333,13.036498332999999,31.4,3.1992812156677246,3.383118152618408,3.383118152618408,22.15772819519043,25.48673820495605,25.532971382141113,25.538323402404785,25.541934967041016,6.5,9.5,12.5,1254.0,398.0,64.0,9.0,3.0,2.0,5.0,6.5,7.0,1075.5,289.5,23.0,4.0,0.0,0.0,17.438593750000006,75.07090464547173,1014.0454370575932,1664.0,2112.0,320.0,0.13699999999999998,91,16,70,1014.0,3.0,4.0,5.0,,
2022-10-25 16:51:11,52.393126667,13.036476667,32.9,3.475406646728516,3.675110220909119,3.675110220909119,24.070131301879886,27.686463356018066,27.73668575286865,27.74250030517578,27.74642372131348,6.0,9.0,12.5,1254.0,398.0,65.0,9.5,3.0,2.0,6.0,7.0,7.5,1051.5,292.5,34.0,4.0,0.0,0.0,17.42375,75.00339394338994,1014.051095890332,1696.0,2496.0,416.0,0.13699999999999998,91,16,70,1014.0,3.0,4.0,5.0,,
2022-10-25 16:51:15,52.393111667,13.036431667,31.9,3.6542850732803354,3.8642672300338745,3.8642672300338745,25.30901432037353,29.11147880554199,29.164286613464355,29.17039966583252,29.174524307250977,6.5,9.5,13.5,1254.0,398.0,66.0,10.0,3.0,2.0,6.0,7.0,7.5,1065.0,287.5,36.0,4.0,0.0,0.0,17.4012890625,74.93809848012296,1014.0542408015947,1664.0,2336.0,512.0,0.13699999999999998,91,16,70,1014.0,3.0,4.0,5.0,,
2022-10-25 16:51:15,52.393111667,13.036431667,31.9,3.7050588130950928,3.917958617210388,3.917958617210388,25.66066646575928,29.51596260070801,29.56950378417969,29.575702667236328,29.57988548278809,6.0,10.0,14.0,1224.0,388.0,68.0,11.0,3.0,2.0,6.0,7.5,8.5,1123.5,306.5,34.5,4.0,0.0,0.0,17.3778515625,74.93774076609013,1014.0532647472548,1504.0,2048.0,384.0,0.13699999999999998,91,16,70,1014.0,3.0,4.0,5.0,,
2022-10-25 16:51:15,52.393111667,13.036431667,31.9,3.712534666061402,3.9258641004562382,3.9258641004562382,25.71244239807129,29.57551860809326,29.62916755676269,29.63537883758545,29.63956928253174,5.0,9.0,13.0,1207.5,382.5,67.0,12.0,4.0,2.0,6.0,7.0,8.0,1116.0,305.0,34.0,2.0,0.0,0.0,17.3567578125,74.92748672356481,1014.0536389169696,1600.0,2112.0,384.0,0.13699999999999998,91,16,70,1014.0,3.0,4.0,5.0,,
2022-10-25 16:51:25,52.393078333000005,13.036315,34.9,3.778908729553223,3.9960521459579463,3.9960521459579463,26.17214012145996,30.104281425476074,30.15888977050781,30.16521167755127,30.169477462768555,5.0,9.0,13.0,1191.0,377.0,66.0,13.0,5.0,2.0,5.0,6.0,6.0,1086.0,295.5,31.0,0.0,0.0,0.0,17.3356640625,74.87613858952993,1014.0448103077797,1536.0,2144.0,320.0,0.13699999999999998,91,16,70,1014.0,3.0,4.0,5.0,,
2022-10-25 16:51:29,52.39306,13.03627,32.6,3.7586110830307007,3.97458815574646,3.97458815574646,26.031561851501465,29.94258213043213,29.99689674377441,30.0031852722168,30.00742816925049,6.0,10.0,14.0,1191.0,377.0,68.0,13.0,5.0,2.0,5.5,6.0,6.0,1048.5,281.0,24.0,0.0,0.0,0.0,17.323359375,74.8673072514145,1014.0420991827657,1568.0,2048.0,352.0,0.13699999999999998,91,16,70,1014.0,3.0,4.0,5.0,,
2022-10-25 16:51:32,52.393045,13.036238333,32.1,3.7725403308868413,3.9893176555633545,3.9893176555633545,26.128032684326172,30.05354785919189,30.108064651489254,30.11437511444092,30.118633270263672,6.5,10.5,14.5,1210.5,387.5,70.0,13.5,5.5,2.5,5.5,6.0,6.0,1096.5,302.0,22.0,0.0,0.0,0.0,17.31720703125,74.87658756937532,1014.0419980438204,1568.0,2016.0,352.0,0.13699999999999998,91,16,70,1014.0,3.0,4.0,5.0,,
2022-10-25 16:51:36,52.393028333000004,13.036195,31.5,3.870185732841492,4.092573881149292,4.092573881149292,26.80430889129639,30.83142852783203,30.88735580444336,30.89383125305176,30.89820003509521,7.0,11.0,15.0,1230.0,398.0,72.0,14.0,6.0,3.0,5.5,6.0,6.0,1081.5,300.5,25.5,0.0,0.0,0.0,17.3059765625,74.95012305246617,1014.0368742082793,1728.0,1984.0,512.0,0.13699999999999998,91,16,70,1014.0,3.0,4.0,5.0,,
2022-10-25 16:51:36,52.393028333000004,13.036195,31.5,3.923112392425537,4.148541927337647,4.148541927337647,27.170872688293453,31.25306415557861,31.309757232666016,31.316320419311523,31.32074737548828,7.0,10.0,14.0,1212.0,390.0,72.0,11.0,5.0,2.0,6.0,6.0,6.0,1015.5,285.0,23.0,0.0,0.0,0.0,17.2942578125,74.98248848597585,1014.042654768715,1728.0,2272.0,352.0,0.13699999999999998,91,16,70,1014.0,3.0,4.0,5.0,,
2022-10-25 16:51:43,52.392988333000005,13.036125,30.6,3.8562299013137817,4.077816247940064,4.077816247940064,26.70765495300293,30.72025203704834,30.775978088378906,30.782429695129395,30.786782264709476,7.0,10.5,14.5,1272.0,408.0,75.0,10.5,5.0,2.0,6.0,6.0,6.0,1086.0,314.0,30.5,0.0,0.0,0.0,17.2805859375,75.03510052676592,1014.0443794931552,1664.0,2272.0,288.0,0.13699999999999998,91,16,70,1014.0,3.0,4.0,5.0,,
2022-10-25 16:51:46,52.392968333,13.036096667,30.6,3.736942172050476,3.951674103736877,3.951674103736877,25.88148593902588,29.76995849609375,29.82396030426025,29.83021259307861,29.834430694580078,7.0,11.0,15.0,1332.0,426.0,78.0,10.0,5.0,2.0,6.5,7.0,7.0,1054.5,304.0,30.0,0.0,0.0,0.0,17.264765625,75.11137035695374,1014.0525989385866,1824.0,2336.0,480.0,0.13699999999999998,91,16,70,1014.0,3.0,4.0,5.0,,
2022-10-25 16:51:50,52.392953333,13.036051667,32.5,3.5804275274276733,3.7861658334732056,3.7861658334732056,24.79749011993408,28.52310085296631,28.57484149932861,28.58083152770996,28.58487319946289,8.0,11.0,16.0,1362.0,440.0,86.0,10.0,5.0,2.0,6.0,7.0,7.0,1033.5,300.0,30.5,0.0,0.0,0.0,17.25333984375,75.10267075019982,1014.0521689203813,1824.0,2400.0,288.0,0.13699999999999998,91,16,70,1014.0,3.0,4.0,5.0,,
2022-10-25 16:51:54,52.392941666999995,13.036021667,33.2,3.4534058570861816,3.651845216751098,3.651845216751098,23.91775703430176,27.51119709014893,27.56110095977783,27.566879272460934,27.57077693939209,8.0,11.0,15.5,1357.5,438.5,88.0,8.5,4.5,2.0,6.0,7.0,7.0,1020.0,305.5,30.0,0.0,0.0,0.0,17.25958984375,75.09682455226792,1014.053269139928,1696.0,1984.0,352.0,0.13699999999999998,91,16,70,1014.0,3.0,4.0,5.0,,
2022-10-25 16:51:57,52.392938333000004,13.036003333,33.7,3.4395852088928223,3.637230396270752,3.637230396270752,23.82203769683838,27.401095390319824,27.4507999420166,27.4565544128418,27.46043682098389,8.0,11.0,15.0,1353.0,437.0,90.0,7.0,4.0,2.0,6.0,8.0,8.0,1078.5,313.5,44.0,0.0,0.0,0.0,17.263691406249997,75.04951916959594,1014.0366108460428,1728.0,2240.0,320.0,0.13699999999999998,91,16,70,1014.0,3.0,4.0,5.0,,
2022-10-25 16:51:57,52.392938333000004,13.036003333,33.7,3.45533549785614,3.6538857221603394,3.6538857221603394,23.93112087249756,27.52656841278076,27.57650089263916,27.58228206634521,27.586181640625,7.0,11.0,14.0,1290.0,418.0,82.0,7.0,4.0,2.0,6.0,7.0,7.5,1026.0,293.0,39.5,1.0,1.0,0.0,17.24982421875,74.86915508577246,1014.0346665905313,1792.0,2336.0,480.0,0.13699999999999998,91,16,70,1014.0,3.0,4.0,5.0,,
2022-10-25 16:52:04,52.392891667,13.036008333,31.1,3.474789023399353,3.67445707321167,3.67445707321167,24.065853118896484,27.68154239654541,27.73175621032715,27.73757076263428,27.74149227142334,7.5,11.0,14.0,1299.0,420.0,81.0,7.0,4.0,2.0,6.0,7.0,8.0,1033.5,300.5,40.0,2.0,2.0,0.0,17.238398437500006,74.80912148621297,1014.034236076864,1728.0,2336.0,512.0,0.125,92,16,70,1014.0,3.0,4.0,5.0,,
2022-10-25 16:52:08,52.39286,13.035996667000001,26.6,3.3709057569503784,3.564604520797729,3.564604520797729,23.34637451171875,26.853967666625977,26.90268039703369,26.90832042694092,26.91212558746338,8.0,11.0,14.0,1308.0,422.0,80.0,7.0,4.0,2.0,6.0,6.5,8.0,1033.5,296.0,36.5,2.0,2.0,0.0,17.2284375,74.5988095477923,1014.035382821234,1760.0,2432.0,416.0,0.125,92,16,70,1014.0,3.0,4.0,5.0,,
2022-10-25 16:52:11,52.392838333,13.035998333,24.9,3.186940670013428,3.3700684309005737,3.3700684309005737,22.0722599029541,25.38842868804932,25.43448352813721,25.439815521240234,25.4434118270874,7.0,11.0,14.0,1302.0,416.0,78.0,6.0,4.0,2.0,4.5,6.0,7.0,1018.5,288.0,38.5,2.0,2.0,0.0,17.216425781250006,74.72346004860606,1014.0406758222654,1632.0,2272.0,384.0,0.125,92,16,70,1014.0,3.0,4.0,5.0,,
2022-10-25 16:52:15,52.392811667,13.035996667000001,22.8,3.1846381425857544,3.367633461952209,3.367633461952209,22.05631256103516,25.37008571624756,25.41610717773437,25.421435356140137,25.425028800964355,6.5,10.5,12.5,1281.0,408.0,78.0,4.5,2.5,1.5,4.5,5.5,6.5,1003.5,288.0,28.0,2.0,2.0,0.0,17.203730468750006,75.17695478575803,1014.0448414026213,1248.0,1696.0,128.0,0.125,92,16,70,1014.0,3.0,4.0,5.0,,
2022-10-25 16:52:15,52.392811667,13.035996667000001,22.8,3.2299764156341557,3.415577173233032,3.415577173233032,22.370320320129395,25.73126983642578,25.77794551849365,25.78334903717041,25.78699493408203,6.0,10.0,11.0,1260.0,400.0,78.0,3.0,1.0,1.0,6.0,6.5,7.0,1009.5,292.0,32.5,2.0,1.0,0.0,17.19357421875,75.41541086945638,1014.0540269687403,1568.0,2464.0,448.0,0.125,92,16,70,1014.0,3.0,4.0,5.0,,
2022-10-25 16:52:15,52.392811667,13.035996667000001,22.8,3.2831450700759888,3.471800804138184,3.471800804138184,22.73855686187744,26.154831886291504,26.20227527618408,26.207768440246586,26.211474418640137,6.5,9.5,10.5,1248.0,396.0,74.0,3.0,1.0,1.0,6.0,7.0,7.0,1086.0,310.0,34.0,2.0,0.0,0.0,17.18185546875,75.35174732644306,1014.0556192189827,1664.0,2144.0,320.0,0.125,92,16,70,1014.0,3.0,4.0,5.0,,
2022-10-25 16:52:25,52.392761666999995,13.035968333,25.1,3.3190490007400517,3.509768009185791,3.509768009185791,22.98722267150879,26.440855979919434,26.48881912231445,26.49437236785889,26.49811840057373,7.0,10.0,10.5,1222.5,387.5,72.0,2.5,0.5,0.5,6.0,7.0,7.0,1057.5,306.0,32.0,2.0,0.0,0.0,17.182246093750006,75.41701005290322,1014.0504093495268,1696.0,1984.0,448.0,0.125,92,16,70,1014.0,3.0,4.0,5.0,,
2022-10-25 16:52:29,52.392738333000004,13.035985,26.4,3.2057043313980103,3.389910221099853,3.389910221099853,22.20221328735352,25.53790760040283,25.584233283996586,25.58959579467773,25.59321403503418,7.0,10.0,10.0,1197.0,379.0,70.0,2.0,0.0,0.0,5.5,6.5,6.5,1051.5,295.0,25.5,2.0,0.0,0.0,17.19591796875,75.40206221275228,1014.0445096118897,1792.0,2528.0,320.0,0.125,92,16,70,1014.0,3.0,4.0,5.0,,
2022-10-25 16:52:32,52.392721666999996,13.036003333,28.2,3.1303837299346924,3.310261607170105,3.310261607170105,21.68055534362793,24.93787384033203,24.98311138153076,24.988348960876465,24.991881370544434,7.0,10.0,11.0,1209.0,387.0,74.0,2.0,0.0,0.0,5.0,6.0,6.0,1036.5,285.5,28.5,2.0,0.0,0.0,17.2266796875,75.3727212176754,1014.0441938980723,1536.0,2240.0,288.0,0.125,92,16,70,1014.0,3.0,4.0,5.0,,
2022-10-25 16:52:36,52.392705,13.036019999999999,33.8,3.1964073181152344,3.3800790309906006,3.3800790309906006,22.13782501220703,25.46384429931641,25.510035514831547,25.515382766723636,25.5189905166626,6.0,8.5,9.5,1149.0,369.0,72.0,2.0,0.0,0.0,5.5,6.0,6.0,1053.0,285.0,32.5,1.0,0.0,0.0,17.26740234375,75.34499666327966,1014.041053282916,1696.0,1920.0,384.0,0.125,92,16,70,1014.0,3.0,4.0,5.0,,
2022-10-25 16:52:36,52.392705,13.036019999999999,33.8,3.1938495635986333,3.377374291419983,3.377374291419983,22.12010955810547,25.443467140197754,25.48962116241455,25.49496555328369,25.49856948852539,6.5,8.5,9.5,1089.0,351.0,70.0,2.0,0.0,0.0,5.0,6.0,6.0,1065.0,292.5,40.0,0.0,0.0,0.0,17.3087109375,75.3139408218792,1014.0371978639553,1760.0,2208.0,448.0,0.125,92,16,70,1014.0,3.0,4.0,5.0,,
2022-10-25 16:52:42,52.392685,13.036048333,38.5,3.1117788553237915,3.2905876636505127,3.2905876636505127,21.55170154571533,24.78966045379639,24.83462810516357,24.83983421325684,24.84334659576416,6.0,9.0,9.0,1032.0,328.0,68.0,1.0,0.0,0.0,6.0,7.0,7.0,1087.5,302.0,49.0,0.0,0.0,0.0,17.3446484375,75.1859882356012,1014.0336850107497,1600.0,2080.0,416.0,0.125,92,16,70,1014.0,3.0,4.0,5.0,,
2022-10-25 16:52:46,52.392666667,13.03606,39.5,2.971692681312561,3.1424518823623657,3.1424518823623657,20.581485748291016,23.673678398132324,23.71662139892578,23.721593856811523,23.724947929382324,6.0,9.0,9.0,1032.0,327.0,63.0,1.0,0.0,0.0,6.0,7.0,7.0,1075.5,303.0,52.0,0.0,0.0,0.0,17.363203125,75.04501457387886,1014.02578175115,1760.0,2368.0,480.0,0.125,92,16,70,1014.0,3.0,4.0,5.0,,
2022-10-25 16:52:50,52.392635,13.036081667000001,36.8,2.94523549079895,3.1144742965698238,3.1144742965698238,20.398247718811035,23.462909698486328,23.505471229553226,23.51039886474609,23.51372337341309,6.0,9.0,9.0,1032.0,326.0,58.0,1.0,0.0,0.0,6.0,7.0,7.0,1096.5,317.5,44.5,0.0,0.0,0.0,17.37228515625,74.98480217888175,1014.0340548226833,1792.0,2336.0,480.0,0.125,92,16,70,1014.0,3.0,4.0,5.0,,
2022-10-25 16:52:53,52.392613333,13.036105000000001,38.7,3.0692777633666988,3.2456443309783936,3.2456443309783936,21.257344245910645,24.45107936859131,24.49543285369873,24.500568389892575,24.50403308868408,5.0,8.0,8.0,1056.0,330.0,64.0,1.0,0.0,0.0,6.0,7.5,7.5,1098.0,315.0,35.0,0.0,0.0,0.0,17.3864453125,74.88433068725216,1014.027272986414,1728.0,2304.0,480.0,0.125,92,16,70,1014.0,3.0,4.0,5.0,,
2022-10-25 16:52:57,52.392573333,13.036146667,39.0,3.324235439300537,3.5152523517608643,3.5152523517608643,23.023141860961914,26.482172966003414,26.530211448669434,26.5357723236084,26.53952407836914,5.0,7.5,7.5,1023.0,319.5,61.0,0.5,0.0,0.0,5.5,6.0,6.0,1009.5,280.5,21.0,0.0,0.0,0.0,17.40939453125,74.73397562253632,1014.0182408044935,1664.0,2592.0,512.0,0.125,92,16,70,1014.0,3.0,4.0,5.0,,
2022-10-25 16:52:57,52.392573333,13.036146667,39.0,3.6309387683868413,3.8395794630050664,3.8395794630050664,25.14732265472412,28.925493240356445,28.9779634475708,28.98403835296631,28.988136291503906,6.0,8.0,8.0,990.0,309.0,58.0,0.0,0.0,0.0,5.0,5.0,6.0,961.5,258.0,15.0,2.0,2.0,0.0,17.432734375,74.55983823835254,1014.0123590357398,1664.0,2304.0,352.0,0.125,92,16,70,1014.0,3.0,4.0,5.0,,
2022-10-25 16:53:04,52.392541666999996,13.03621,36.3,3.7243688106536874,3.9383782148361206,3.9383782148361206,25.79440402984619,29.669793128967285,29.723613739013672,29.72984504699707,29.734047889709476,5.5,8.5,8.5,1026.0,323.0,66.0,0.0,0.0,0.0,4.5,5.0,6.0,915.0,244.5,11.0,2.0,2.0,0.0,17.44630859375,74.41159805857238,1014.006280210448,1728.0,1824.0,352.0,0.122,92,16,70,1014.0,2.0,4.0,5.0,,
2022-10-25 16:53:07,52.392534999999995,13.036233333,40.1,3.8944480419158936,4.11823034286499,4.11823034286499,26.972347259521484,31.02471160888672,31.0809907913208,31.087505340576172,31.091901779174805,5.0,8.0,8.0,1032.0,327.0,64.0,0.0,0.0,0.0,4.5,5.0,6.0,925.5,250.0,17.0,2.0,2.0,0.0,17.45275390625,74.32379087941482,1014.004350424026,1632.0,2016.0,320.0,0.122,92,16,70,1014.0,2.0,4.0,5.0,,
2022-10-25 16:53:11,52.392534999999995,13.036233333,39.3,3.883450746536255,4.1066012382507315,4.1066012382507315,26.8961820602417,30.93710327148437,30.993223190307614,30.999719619750977,31.00410270690918,5.0,8.0,8.0,1038.0,331.0,62.0,0.0,0.0,0.0,4.0,4.5,5.5,876.0,240.5,15.0,2.0,2.0,0.0,17.459101562500006,74.34189348448976,1013.9972399048662,1600.0,2048.0,384.0,0.122,92,16,70,1014.0,2.0,4.0,5.0,,
2022-10-25 16:53:15,52.392534999999995,13.036235000000001,39.9,3.8083069324493413,4.027139663696288,4.027139663696288,26.375746726989746,30.33847713470459,30.39351177215576,30.399882316589355,30.404181480407715,5.0,8.0,8.0,1050.0,335.0,58.0,0.0,0.0,0.0,3.5,3.5,5.0,841.5,226.5,18.0,3.0,3.0,0.0,17.46818359375,74.37752303731037,1013.9929607469943,1472.0,1952.0,352.0,0.122,92,16,70,1014.0,2.0,4.0,5.0,,
2022-10-25 16:53:18,52.392534999999995,13.036236667,40.2,3.7969989776611333,4.01518177986145,4.01518177986145,26.29743003845215,30.24839496612549,30.303264617919922,30.30961799621582,30.313902854919434,6.0,9.0,9.0,1062.0,338.0,59.0,0.0,0.0,0.0,4.0,5.0,6.0,853.5,236.0,25.0,2.0,2.0,0.0,17.48654296875,74.41464538888444,1014.0006187867717,1728.0,2400.0,384.0,0.122,92,16,70,1014.0,2.0,4.0,5.0,,
2022-10-25 16:53:18,52.392534999999995,13.036236667,40.2,3.785394310951233,4.002910375595094,4.002910375595094,26.21705722808838,30.155946731567386,30.210649490356445,30.2169828414917,30.221254348754886,6.0,9.0,9.0,1074.0,341.0,60.0,0.0,0.0,0.0,4.5,5.0,6.0,846.0,238.5,28.0,2.0,2.0,0.0,17.49982421875,74.45438304044083,1014.0015831782416,1632.0,2048.0,288.0,0.122,92,16,70,1014.0,2.0,4.0,5.0,,
2022-10-25 16:53:25,52.392533333,13.036275,41.5,3.7749410867691036,3.9918564558029175,3.9918564558029175,26.144659996032715,30.072672843933105,30.12722396850586,30.1335391998291,30.137800216674805,6.0,9.0,9.0,1098.0,347.0,54.0,0.0,0.0,0.0,3.0,3.0,5.5,814.5,221.5,23.0,4.0,4.0,0.0,17.50685546875,74.65044706477984,1013.9930869793793,1728.0,2272.0,256.0,0.122,92,16,70,1014.0,2.0,4.0,5.0,,
2022-10-25 16:53:28,52.39253,13.036305,43.9,3.6658526659011836,3.876499652862549,3.876499652862549,25.38913154602051,29.20363140106201,29.256607055664066,29.26274013519287,29.26687717437744,6.0,8.5,8.5,1086.0,342.0,52.0,0.0,0.0,0.0,3.0,3.5,6.0,828.0,232.5,30.0,4.0,4.0,0.0,17.52365234375,74.71132355513637,1013.9939848682843,1920.0,2496.0,352.0,0.122,92,16,70,1014.0,2.0,4.0,5.0,,
2022-10-25 16:53:32,52.392521667,13.03635,45.0,3.4972225427627563,3.6981796026229863,3.6981796026229863,24.22122383117676,27.86025619506836,27.91079425811768,27.916646003723145,27.92059326171875,6.0,8.0,8.0,1074.0,337.0,50.0,0.0,0.0,0.0,3.5,4.5,6.0,822.0,244.5,29.0,3.0,3.0,0.0,17.5403515625,74.662687043146,1014.0089446980617,1760.0,2272.0,320.0,0.122,92,16,70,1014.0,2.0,4.0,5.0,,
2022-10-25 16:53:36,52.392520000000005,13.036371667000001,44.5,3.354668974876404,3.54743492603302,3.54743492603302,23.23392105102539,26.72461986541748,26.773097038269047,26.77871036529541,26.782496452331547,6.0,8.0,8.0,1044.0,331.0,44.0,0.0,0.0,0.0,4.5,4.5,6.0,825.0,241.5,26.0,2.0,2.0,0.0,17.5501171875,74.65741793018567,1014.006624726172,1536.0,1952.0,384.0,0.122,92,16,70,1014.0,2.0,4.0,5.0,,
2022-10-25 16:53:36,52.392520000000005,13.036371667000001,44.5,3.2515854835510254,3.4384278059005737,3.4384278059005737,22.51998043060303,25.903414726257324,25.950403213500977,25.955843925476074,25.959513664245605,6.0,8.0,8.0,1029.0,326.0,48.0,0.0,0.0,0.0,5.0,5.5,6.5,892.5,261.5,26.0,2.0,2.0,0.0,17.551777343749997,74.6953271341014,1014.0009924300535,1888.0,2560.0,416.0,0.122,92,16,70,1014.0,2.0,4.0,5.0,,
2022-10-25 16:53:36,52.392520000000005,13.036371667000001,44.5,3.2552835941314697,3.4423385858535767,3.4423385858535767,22.54559326171875,25.932876586914066,25.97991752624512,25.985363960266113,25.98903846740723,6.0,8.0,8.0,1014.0,321.0,52.0,0.0,0.0,0.0,5.5,6.0,6.0,901.5,272.0,25.0,0.0,0.0,0.0,17.533710937499997,74.71294618950819,1013.9963315355712,1856.0,2304.0,448.0,0.122,92,16,70,1014.0,2.0,4.0,5.0,,
2022-10-25 16:53:46,52.392515,13.036478333,44.2,3.165351152420044,3.347238302230835,3.347238302230835,21.92273426055908,25.21643829345703,25.26218032836914,25.267476081848145,25.27104949951172,6.0,8.0,8.0,1047.0,334.0,48.0,1.0,0.0,0.0,6.0,6.0,6.0,925.5,275.0,23.0,0.0,0.0,0.0,17.508417968750006,74.63359861305852,1013.983947727491,1568.0,2272.0,544.0,0.122,92,16,70,1014.0,2.0,4.0,5.0,,
2022-10-25 16:53:50,52.392509999999994,13.036496667,41.8,3.010525107383728,3.183515787124634,3.183515787124634,20.85043430328369,23.983033180236816,24.02653789520264,24.03157520294189,24.03497314453125,6.0,8.5,8.5,1065.0,340.5,52.0,1.5,0.0,0.0,6.0,6.0,7.0,967.5,287.5,30.0,2.0,2.0,0.0,17.48087890625,74.46158760508669,1013.9770647169067,1824.0,2272.0,416.0,0.122,92,16,70,1014.0,2.0,4.0,5.0,,
2022-10-25 16:53:53,52.392511667,13.036516667,39.3,2.9381139278411865,3.1069434881210327,3.1069434881210327,20.34892463684082,23.40617656707764,23.44863510131836,23.45355033874512,23.456867218017575,6.0,9.0,9.0,1083.0,347.0,56.0,2.0,0.0,0.0,5.5,6.0,7.0,937.5,282.5,24.0,2.0,2.0,0.0,17.46271484375,74.35614263960524,1013.9647091306247,1536.0,1984.0,224.0,0.122,92,16,70,1014.0,2.0,4.0,5.0,,
2022-10-25 16:53:57,52.392508333,13.036563333,43.4,2.828465700149536,2.9909948110580444,2.9909948110580444,19.58951759338379,22.53267574310303,22.573549270629886,22.57828140258789,22.58147430419922,7.0,9.0,9.0,1098.0,354.0,48.0,2.0,0.0,0.0,5.0,6.5,7.5,948.0,286.5,30.0,3.0,2.0,0.0,17.46447265625,74.23345638866806,1013.9625854504633,1536.0,2080.0,416.0,0.122,92,16,70,1014.0,2.0,4.0,5.0,,
2022-10-25 16:53:57,52.392508333,13.036563333,43.4,2.7933952808380127,2.9539090394973755,2.9539090394973755,19.346625328063965,22.2532901763916,22.293657302856445,22.298331260681152,22.30148410797119,6.5,8.5,8.5,1084.5,349.5,46.0,2.0,0.0,0.0,4.0,5.0,6.0,903.0,263.5,35.0,4.0,2.0,0.0,17.464863281249997,74.10378451419578,1013.970758430936,1632.0,1984.0,448.0,0.122,92,16,70,1014.0,2.0,4.0,5.0,,
2022-10-25 16:54:03,52.392458333,13.036621667,46.2,2.770227193832397,2.929409861564636,2.929409861564636,19.186166763305664,22.068724632263184,22.10875701904297,22.113391876220703,22.116518020629886,6.0,8.0,8.0,1071.0,345.0,44.0,2.0,0.0,0.0,4.0,5.5,7.0,813.0,237.5,32.0,4.0,2.0,0.0,17.455,74.0749010300624,1013.9745871783846,1696.0,2240.0,384.0,0.115,93,16,71,1014.0,3.0,4.0,5.0,,
2022-10-25 16:54:07,52.392438333,13.036638332999999,42.9,2.800339937210083,2.961252808570862,2.961252808570862,19.3947229385376,22.30861473083496,22.349081993103027,22.35376644134521,22.3569278717041,6.0,9.0,9.0,1101.0,351.0,54.0,3.0,0.0,0.0,4.0,5.5,5.5,810.0,234.5,30.5,2.0,0.0,0.0,17.4368359375,74.00716523196739,1013.9764517198524,1632.0,2176.0,256.0,0.115,93,16,71,1014.0,3.0,4.0,5.0,,
2022-10-25 16:54:11,52.392436667,13.036641667,41.4,2.7733044624328613,2.9326637983322144,2.9326637983322144,19.20747947692871,22.093238830566406,22.133316040039066,22.13795661926269,22.14108657836914,6.0,9.0,9.0,1101.0,352.0,58.0,3.0,0.0,0.0,5.0,6.0,6.0,910.5,246.0,42.0,2.0,0.0,0.0,17.414179687500006,74.02059654339317,1013.9859711588592,1472.0,1792.0,288.0,0.115,93,16,71,1014.0,3.0,4.0,5.0,,
2022-10-25 16:54:14,52.392435,13.036646667000001,40.3,2.820604085922241,2.9826815128326416,2.9826815128326416,19.535070419311523,22.47004795074463,22.510807991027832,22.51552677154541,22.51871013641357,6.0,9.0,9.0,1101.0,353.0,62.0,3.0,0.0,0.0,4.0,5.5,5.5,853.5,220.0,39.5,1.0,0.0,0.0,17.38390625,74.1795679273268,1013.9862832688773,1600.0,2272.0,352.0,0.115,93,16,71,1014.0,3.0,4.0,5.0,,
2022-10-25 16:54:18,52.392418333,13.036663333,41.2,2.9135340452194214,3.0809513330459595,3.0809513330459595,20.178688049316406,23.210363388061523,23.25246620178223,23.25734138488769,23.26063060760498,7.0,9.0,10.0,1122.0,360.0,66.0,6.0,1.0,1.0,4.0,6.0,6.5,885.0,236.0,41.0,1.0,1.0,0.0,17.35080078125,74.3996777504524,1013.9886165871201,1728.0,2336.0,480.0,0.115,93,16,71,1014.0,3.0,4.0,5.0,,
2022-10-25 16:54:18,52.392418333,13.036663333,41.2,3.00131356716156,3.173774719238281,3.173774719238281,20.786635398864746,23.909648895263672,23.95302104949951,23.95804309844971,23.961430549621586,7.0,9.5,10.5,1140.0,367.0,68.0,6.5,1.0,1.0,4.0,6.0,7.0,921.0,245.5,40.0,2.0,2.0,0.0,17.33263671875,74.52664445745269,1013.9913085724812,1664.0,2176.0,448.0,0.115,93,16,71,1014.0,3.0,4.0,5.0,,
2022-10-25 16:54:25,52.392375,13.036718333,40.9,3.0085291862487797,3.181404948234558,3.181404948234558,20.836609840393066,23.96713161468506,24.010608673095703,24.01564216613769,24.019038200378414,7.0,10.0,11.0,1158.0,374.0,70.0,7.0,1.0,1.0,4.0,6.0,7.0,925.5,244.0,44.5,2.0,2.0,0.0,17.328632812499997,74.62175171330475,1014.0006032853959,1440.0,2048.0,288.0,0.115,93,16,71,1014.0,3.0,4.0,5.0,,
2022-10-25 16:54:28,52.392358333000004,13.036736667000001,39.4,2.9718517065048218,3.1426202058792114,3.1426202058792114,20.58258819580078,23.674945831298828,23.71789264678955,23.722864151000977,23.726218223571774,7.0,10.0,12.0,1209.0,388.0,78.0,7.0,1.0,1.0,4.0,6.0,7.0,879.0,246.5,35.0,2.0,2.0,0.0,17.325703124999997,74.73761597831907,1014.0058129373044,1728.0,2272.0,416.0,0.115,93,16,71,1014.0,3.0,4.0,5.0,,
2022-10-25 16:54:32,52.39233,13.036788332999999,39.3,2.947836995124817,3.1172254085540767,3.1172254085540767,20.416264533996586,23.48363494873047,23.526233673095703,23.53116607666016,23.53449249267578,7.5,10.5,12.0,1263.0,407.0,77.0,7.0,1.0,1.0,4.5,6.0,7.0,876.0,250.5,35.5,2.0,2.0,0.0,17.32541015625,74.71702550573829,1014.0195494034833,1888.0,2400.0,384.0,0.115,93,16,71,1014.0,3.0,4.0,5.0,,
2022-10-25 16:54:36,52.392315,13.036833332999999,34.4,2.8920048475265503,3.05818510055542,3.05818510055542,20.02958106994629,23.038854598999023,23.080646514892575,23.08548450469971,23.08874893188477,8.0,11.0,12.0,1317.0,426.0,76.0,7.0,1.0,1.0,5.0,6.0,6.5,919.5,262.0,31.0,1.0,1.0,0.0,17.331953125,74.60176396851722,1014.027821671463,1632.0,1760.0,192.0,0.115,93,16,71,1014.0,3.0,4.0,5.0,,
2022-10-25 16:54:39,52.392306667,13.03686,34.3,2.909732937812805,3.0769317150115967,3.0769317150115967,20.15236186981201,23.18008232116699,23.22213077545166,23.226999282836914,23.2302827835083,8.0,11.0,12.0,1302.0,423.0,76.0,6.0,1.0,1.0,5.5,6.5,6.5,987.0,282.0,35.0,0.0,0.0,0.0,17.341816406249997,74.61019063196225,1014.0239998249737,1856.0,2336.0,384.0,0.115,93,16,71,1014.0,3.0,4.0,5.0,,
2022-10-25 16:54:39,52.392306667,13.03686,34.3,2.9336836338043213,3.102258801460266,3.102258801460266,20.318241119384766,23.37088394165039,23.4132776260376,23.41818618774414,23.421497344970703,8.0,11.5,12.5,1327.5,431.5,79.0,6.0,1.5,1.0,5.5,6.5,8.0,1053.0,298.0,33.0,2.0,2.0,2.0,17.3532421875,74.62570994840688,1014.01689673842,1920.0,2400.0,448.0,0.115,93,16,71,1014.0,3.0,4.0,5.0,,
2022-10-25 16:54:46,52.392283333,13.036926667000001,33.1,3.010092496871948,3.1830581426620483,3.1830581426620483,20.84743595123291,23.97958564758301,24.02308464050293,24.02812099456787,24.03151798248291,8.0,12.0,13.0,1353.0,440.0,82.0,6.0,2.0,1.0,6.0,7.0,9.0,1125.0,317.5,38.0,3.0,3.0,3.0,17.3805859375,74.69511390028683,1014.004234412738,1344.0,2080.0,288.0,0.115,93,16,71,1014.0,3.0,4.0,5.0,,
2022-10-25 16:54:49,52.392271666999996,13.036956667,32.6,3.1576168537139893,3.339059591293335,3.339059591293335,21.869168281555176,25.15482425689697,25.200454711914066,25.20573711395264,25.20930099487305,8.0,12.0,14.0,1371.0,444.0,96.0,6.0,2.0,1.0,6.0,7.0,10.0,1132.5,320.0,39.5,4.0,4.0,4.0,17.4110546875,74.83351483112148,1014.0008993079507,1888.0,2656.0,448.0,0.115,93,16,71,1014.0,3.0,4.0,5.0,,
2022-10-25 16:54:53,52.392248333000005,13.037,34.5,3.252691149711609,3.4395970106124882,3.4395970106124882,22.52763748168945,25.91222286224365,25.959227561950684,25.96467018127441,25.96834087371826,8.5,12.5,14.0,1402.5,454.5,98.0,6.0,2.0,1.0,6.0,6.0,9.0,1065.0,293.0,42.5,4.0,4.0,4.0,17.44240234375,74.91390780878554,1014.0090466779144,1952.0,2560.0,544.0,0.115,93,16,71,1014.0,3.0,4.0,5.0,,
2022-10-25 16:54:57,52.392226666999996,13.037046667,35.4,3.344768166542053,3.536965131759644,3.536965131759644,23.16534996032715,26.6457462310791,26.69408130645752,26.69967746734619,26.70345211029053,9.0,13.0,14.0,1434.0,465.0,100.0,6.0,2.0,1.0,5.5,6.5,9.5,1035.0,286.0,45.0,4.0,4.0,4.0,17.46798828125,74.94201810657339,1014.0051881237359,1568.0,1920.0,288.0,0.115,93,16,71,1014.0,3.0,4.0,5.0,,
2022-10-25 16:54:57,52.392226666999996,13.037046667,35.4,3.337403178215027,3.5291768312454224,3.5291768312454224,23.11433887481689,26.587072372436523,26.635300636291504,26.640884399414066,26.64465141296387,9.0,13.0,14.0,1410.0,461.0,94.0,5.0,2.0,1.0,5.5,6.5,7.5,1027.5,284.5,38.0,2.0,2.0,2.0,17.47599609375,74.99812920724362,1013.9899360951136,1728.0,2208.0,320.0,0.115,93,16,71,1014.0,3.0,4.0,5.0,,
2022-10-25 16:54:57,52.392226666999996,13.037046667,35.4,3.2712904214859013,3.459265112876892,3.459265112876892,22.656453132629395,26.060392379760746,26.107665061950684,26.113139152526852,26.116830825805664,9.0,13.0,14.0,1432.5,464.5,91.0,5.5,2.0,1.0,5.0,5.0,6.0,931.5,258.0,37.0,1.0,1.0,1.0,17.47091796875,74.98360452014609,1013.9983022564537,1728.0,2496.0,512.0,0.115,93,16,71,1014.0,3.0,4.0,5.0,,
2022-10-25 16:55:07,52.392163333,13.037141667,35.7,3.2174479961395264,3.4023287296295166,3.4023287296295166,22.283549308776852,25.63146209716797,25.67795753479004,25.68334007263184,25.68697166442871,9.0,13.0,14.0,1455.0,468.0,88.0,6.0,2.0,1.0,5.0,5.0,5.0,916.5,256.0,27.5,0.0,0.0,0.0,17.460859375,74.91688933945787,1013.9917699447984,1600.0,2208.0,448.0,0.12,92,16,70,1013.9,3.0,4.0,5.0,,
2022-10-25 16:55:11,52.392134999999996,13.03716,36.7,3.3314945697784424,3.522928595542908,3.522928595542908,23.07341766357422,26.540002822875977,26.58814525604248,26.593719482421875,26.59747886657715,10.0,13.0,14.0,1491.0,480.0,92.0,4.0,1.0,0.0,5.0,6.0,6.0,987.0,282.0,24.5,0.0,0.0,0.0,17.453730468750006,74.82670185326181,1013.9825347683924,1696.0,2304.0,448.0,0.12,92,16,70,1013.9,3.0,4.0,5.0,,
2022-10-25 16:55:14,52.392134999999996,13.03716,38.0,3.3464529514312744,3.5387465953826904,3.5387465953826904,23.17701816558838,26.65916728973389,26.70752620697021,26.71312522888184,26.71690273284912,10.0,13.0,14.0,1501.5,483.0,92.0,4.0,1.0,0.0,5.0,5.5,5.5,1008.0,279.5,20.5,0.0,0.0,0.0,17.43693359375,74.69734518473612,1013.9824686444953,1536.0,1824.0,224.0,0.12,92,16,70,1013.9,3.0,4.0,5.0,,
2022-10-25 16:55:18,52.392133333000004,13.037161667000001,38.9,3.246166706085205,3.4326976537704468,3.4326976537704468,22.48245048522949,25.86024761199951,25.907156944274906,25.91258811950684,25.91625213623047,10.0,13.0,14.0,1512.0,486.0,92.0,4.0,1.0,0.0,4.0,4.5,4.5,981.0,272.5,23.0,0.0,0.0,0.0,17.41544921875,74.44765434994422,1013.9721685779429,1536.0,2240.0,416.0,0.12,92,16,70,1013.9,3.0,4.0,5.0,,
2022-10-25 16:55:18,52.392133333000004,13.037161667000001,38.9,3.093256115913391,3.271000623703003,3.271000623703003,21.423415184021,24.6421012878418,24.68680191040039,24.69197654724121,24.69546794891357,10.0,14.0,14.0,1512.0,489.0,88.0,5.0,1.0,0.0,5.0,6.0,8.0,978.0,276.5,37.0,4.0,2.0,2.0,17.3880078125,74.35098037752587,1013.9520525143078,1600.0,2176.0,480.0,0.12,92,16,70,1013.9,3.0,4.0,5.0,,
2022-10-25 16:55:24,52.392131667,13.037163332999999,40.2,2.98141348361969,3.15273118019104,3.15273118019104,20.648810386657715,23.751118659973145,23.79420280456543,23.799190521240234,23.80255508422852,10.0,13.5,14.0,1492.5,481.5,87.0,5.0,1.0,0.0,5.0,6.0,8.0,972.0,266.0,43.0,4.0,2.0,2.0,17.3690625,74.24546891841797,1013.9425871704767,1472.0,1760.0,256.0,0.12,92,16,70,1013.9,3.0,4.0,5.0,,
2022-10-25 16:55:28,52.39213,13.037163332999999,40.6,2.8291229009628296,2.991689801216125,2.991689801216125,19.594070434570312,22.537911415100094,22.578795433044434,22.58352756500244,22.58672142028809,10.0,13.0,14.0,1473.0,474.0,86.0,5.0,1.0,0.0,5.0,6.0,8.0,964.5,267.5,49.0,4.0,2.0,2.0,17.36212890625,74.24094146195237,1013.9453833804104,1632.0,2176.0,416.0,0.12,92,16,70,1013.9,3.0,4.0,5.0,,
2022-10-25 16:55:32,52.39213,13.037163332999999,40.6,2.862795114517212,3.0272969007492065,3.0272969007492065,19.82727813720703,22.8061580657959,22.847527503967285,22.852317810058594,22.855548858642575,9.0,13.0,14.0,1476.0,472.0,86.0,5.0,1.0,0.0,5.0,6.0,8.0,958.5,268.0,51.0,4.0,2.0,2.0,17.3684765625,74.54608357781598,1013.9424582568962,1728.0,2144.0,448.0,0.12,92,16,70,1013.9,3.0,4.0,5.0,,
2022-10-25 16:55:35,52.39213,13.037163332999999,40.6,2.927324414253235,3.095534086227417,3.095534086227417,20.27419853210449,23.320222854614254,23.36252498626709,23.36742401123047,23.3707275390625,9.0,13.0,13.5,1462.5,467.5,84.0,4.5,0.5,0.0,5.0,6.0,8.0,945.0,265.0,59.0,4.0,2.0,2.0,17.3805859375,74.70541736739338,1013.9414973984593,1632.0,2016.0,352.0,0.12,92,16,70,1013.9,3.0,4.0,5.0,,
2022-10-25 16:55:39,52.39213,13.037163332999999,40.6,3.121019959449768,3.3003597259521484,3.3003597259521484,21.615702629089355,24.86327838897705,24.90837955474853,24.91360092163086,24.917123794555664,9.0,13.0,13.0,1449.0,463.0,82.0,4.0,0.0,0.0,5.0,5.0,5.0,915.0,252.5,39.0,0.0,0.0,0.0,17.38859375,74.97030837392016,1013.9538544303269,1792.0,2112.0,288.0,0.12,92,16,70,1013.9,3.0,4.0,5.0,,
2022-10-25 16:55:39,52.39213,13.037163332999999,40.6,3.2400949001312256,3.4262769222259517,3.4262769222259517,22.44039821624756,25.81187629699707,25.85869884490967,25.86411952972412,25.86777687072754,8.0,12.0,12.0,1380.0,438.0,68.0,4.0,0.0,0.0,5.0,6.0,6.0,964.5,276.5,40.5,0.0,0.0,0.0,17.37619140625,74.99913762522714,1013.9518233081636,1856.0,2496.0,480.0,0.12,92,16,70,1013.9,3.0,4.0,5.0,,
2022-10-25 16:55:46,52.392106667,13.037165,40.1,3.2895395755767822,3.478562831878662,3.478562831878662,22.78284549713135,26.20577335357666,26.25331020355225,26.25881290435791,26.262526512146,8.0,11.5,12.0,1374.0,433.0,69.0,4.0,0.0,0.0,4.5,5.5,5.5,912.0,261.0,40.5,0.0,0.0,0.0,17.35392578125,74.89620675227485,1013.9494333110238,1504.0,1920.0,256.0,0.12,92,16,70,1013.9,3.0,4.0,5.0,,
2022-10-25 16:55:49,52.392091666999995,13.037165,39.6,3.279823660850525,3.468288540840149,3.468288540840149,22.71555328369141,26.128371238708496,26.17576789855957,26.181255340576172,26.18495750427246,8.0,11.0,12.0,1368.0,428.0,70.0,4.0,0.0,0.0,5.5,5.5,5.5,964.5,279.5,45.5,0.0,0.0,0.0,17.32609375,74.76504896477654,1013.9587802683754,1568.0,2208.0,352.0,0.12,92,16,70,1013.9,3.0,4.0,5.0,,
2022-10-25 16:55:53,52.392070000000004,13.037165,38.7,3.3090590238571167,3.49920392036438,3.49920392036438,22.91803359985352,26.36127185821533,26.40909099578857,26.41462707519531,26.41836166381836,8.0,12.0,12.0,1398.0,436.0,72.0,4.0,0.0,0.0,5.0,6.0,6.0,919.5,264.0,34.0,0.0,0.0,0.0,17.29845703125,74.68531599726111,1013.9667720755248,1472.0,2048.0,224.0,0.12,92,16,70,1013.9,3.0,4.0,5.0,,
2022-10-25 16:55:57,52.39204,13.037176667,39.0,3.2833683490753174,3.472037076950073,3.472037076950073,22.74010372161865,26.1566104888916,26.20405864715576,26.20955181121826,26.2132568359375,8.0,12.0,12.0,1372.5,431.5,72.0,3.5,0.0,0.0,5.0,6.0,6.0,981.0,283.0,40.5,0.0,0.0,0.0,17.27326171875,74.67784238223607,1013.9704192537404,1504.0,2080.0,320.0,0.12,92,16,70,1013.9,3.0,4.0,5.0,,
2022-10-25 16:56:00,52.392021667,13.037178333,36.3,3.2119446992874146,3.3965091705322266,3.3965091705322266,22.245433807373047,25.587620735168453,25.63403606414795,25.639409065246586,25.64303493499756,8.0,12.0,12.0,1347.0,427.0,72.0,3.0,0.0,0.0,5.5,6.5,6.5,1012.5,293.0,40.5,2.0,0.0,0.0,17.24640625,74.75564621866242,1013.972163978694,1920.0,2400.0,480.0,0.126,92,15,75,1014.0,3.0,4.0,5.0,,
2022-10-25 16:56:00,52.392021667,13.037178333,36.3,3.061525821685791,3.2374469041824336,3.2374469041824336,21.203655242919922,24.389324188232425,24.433566093444824,24.43868827819824,24.442143440246586,7.0,11.0,11.0,1236.0,390.0,62.0,2.0,0.0,0.0,5.5,7.0,7.0,1062.0,301.0,40.5,4.0,0.0,0.0,17.2251171875,74.90969176959462,1013.9730429219068,1600.0,2208.0,352.0,0.126,92,15,75,1014.0,3.0,4.0,5.0,,
2022-10-25 16:56:07,52.391981666999996,13.037181667,33.7,2.961374402046204,3.1315406560897827,3.1315406560897827,20.51002311706543,23.59147930145264,23.63427352905273,23.639227867126465,23.64257049560547,7.0,10.5,10.5,1228.5,388.0,58.5,1.5,0.0,0.0,5.0,6.0,6.0,994.5,275.0,31.0,4.0,0.0,0.0,17.209980468749997,74.99288084588198,1013.9715145622048,1536.0,2112.0,352.0,0.126,92,15,75,1014.0,3.0,4.0,5.0,,
2022-10-25 16:56:10,52.391978333000004,13.037181667,32.5,2.812302589416504,2.973902940750122,2.973902940750122,19.477574348449707,22.40391445159912,22.444554328918453,22.449259757995605,22.452434539794922,7.0,10.0,10.0,1221.0,386.0,55.0,1.0,0.0,0.0,5.0,6.0,8.0,985.5,277.5,31.0,6.0,2.0,2.0,17.203242187500006,75.06031728412364,1013.9721179528784,1824.0,2656.0,416.0,0.126,92,15,75,1014.0,3.0,4.0,5.0,,
2022-10-25 16:56:14,52.391971667,13.037185000000001,31.5,2.7758688926696777,2.9353755712509155,2.9353755712509155,19.225239753723145,22.11366844177246,22.15378189086914,22.15842628479004,22.161559104919434,7.0,11.0,11.0,1239.0,390.0,63.0,1.0,0.0,0.0,4.0,5.0,6.5,912.0,257.5,25.5,6.0,2.0,2.0,17.19865234375,75.09041884107901,1013.9770979419644,1856.0,2464.0,448.0,0.126,92,15,75,1014.0,3.0,4.0,5.0,,
2022-10-25 16:56:18,52.391968333,13.037186667,31.4,2.7859524488449097,2.946038603782654,2.946038603782654,19.295077323913574,22.193998336791992,22.23425769805908,22.23891925811768,22.242063522338867,7.0,10.5,10.5,1251.0,395.0,59.0,1.0,0.0,0.0,4.0,4.5,6.5,786.0,221.5,21.0,4.0,2.0,2.0,17.19357421875,75.11701828613798,1013.980436841091,1728.0,2208.0,320.0,0.126,92,15,75,1014.0,3.0,4.0,5.0,,
2022-10-25 16:56:18,52.391968333,13.037186667,31.4,2.774891257286072,2.9343419075012207,2.9343419075012207,19.218469619750977,22.105880737304688,22.145980834960934,22.150623321533203,22.15375518798828,7.0,10.0,10.0,1263.0,400.0,55.0,1.0,0.0,0.0,3.5,4.0,5.5,742.5,207.5,10.0,2.0,2.0,2.0,17.1868359375,75.15021237096937,1013.9710047075336,1664.0,2112.0,224.0,0.126,92,15,75,1014.0,3.0,4.0,5.0,,
2022-10-25 16:56:18,52.391968333,13.037186667,31.4,2.8207948207855225,2.9828829765319824,2.9828829765319824,19.536389350891113,22.47156524658203,22.5123291015625,22.517047882080078,22.52023220062256,7.0,11.0,11.0,1224.0,388.0,61.0,2.0,0.0,0.0,4.0,4.0,6.0,729.0,214.0,13.0,2.0,2.0,2.0,17.17501953125,75.31633820595144,1013.9690921946233,1888.0,2464.0,352.0,0.126,92,15,75,1014.0,3.0,4.0,5.0,,
2022-10-25 16:56:28,52.39196,13.037189999999999,32.1,2.7717421054840092,2.93101179599762,2.93101179599762,19.196659088134766,22.080793380737305,22.12084674835205,22.125484466552734,22.128612518310547,7.0,11.0,11.0,1243.5,393.5,60.0,2.5,0.0,0.0,4.0,4.5,4.5,756.0,223.5,17.0,0.0,0.0,0.0,17.160859375,75.51997131836454,1013.9658251994496,1728.0,2336.0,416.0,0.126,92,15,75,1014.0,3.0,4.0,5.0,,
2022-10-25 16:56:32,52.391946667,13.037191667,32.1,2.7016743421554565,2.8569177389144897,2.8569177389144897,18.71138000488281,21.522604942321774,21.561646461486816,21.566166877746586,21.56921672821045,7.0,11.0,11.0,1263.0,399.0,59.0,3.0,0.0,0.0,4.0,5.0,5.0,747.0,218.5,25.0,0.0,0.0,0.0,17.1481640625,75.74119924981828,1013.9666439789996,1696.0,1952.0,160.0,0.126,92,15,75,1014.0,3.0,4.0,5.0,,
2022-10-25 16:56:35,52.391943333,13.037191667,31.7,2.587646961212158,2.736338257789612,2.736338257789612,17.921645164489746,20.614218711853027,20.65161228179932,20.6559419631958,20.658863067626953,8.0,11.0,12.0,1293.0,413.0,63.0,4.0,0.0,0.0,4.5,5.5,5.5,858.0,246.0,32.5,0.0,0.0,0.0,17.1325390625,75.87617122955186,1013.9701592332876,1600.0,2272.0,448.0,0.126,92,15,75,1014.0,3.0,4.0,5.0,,
2022-10-25 16:56:39,52.391940000000005,13.037193333,31.4,2.5974020957946777,2.7466537952423096,2.7466537952423096,17.98920726776123,20.69193172454834,20.729467391967773,20.733811378479004,20.736743927001953,8.0,11.5,12.0,1287.0,414.0,63.0,4.5,0.0,0.0,5.0,6.0,6.0,849.0,252.5,42.0,0.0,0.0,0.0,17.12150390625,75.91564702548598,1013.9737124285733,1536.0,2176.0,416.0,0.126,92,15,75,1014.0,3.0,4.0,5.0,,
2022-10-25 16:56:39,52.391940000000005,13.037193333,31.4,2.5852986574172974,2.73385488986969,2.73385488986969,17.905380249023438,20.5955114364624,20.6328706741333,20.63719654083252,20.640113830566406,8.0,12.0,12.0,1281.0,415.0,63.0,5.0,0.0,0.0,5.0,6.0,7.0,862.5,251.0,41.0,2.0,2.0,0.0,17.110859374999997,75.91735751610483,1013.9795810676552,1792.0,2208.0,192.0,0.126,92,15,75,1014.0,3.0,4.0,5.0,,
2022-10-25 16:56:45,52.391935,13.037195,31.6,2.597493290901184,2.746750235557556,2.746750235557556,17.989837646484375,20.69265842437744,20.730194091796875,20.73453998565674,20.737472534179688,8.0,12.0,12.0,1290.0,418.0,63.0,6.0,0.0,0.0,5.0,6.0,7.0,916.5,263.5,44.0,2.0,2.0,0.0,17.0989453125,75.92918126807903,1013.984192712152,1504.0,1792.0,352.0,0.126,92,15,75,1014.0,3.0,4.0,5.0,,
2022-10-25 16:56:49,52.391931667,13.037196667,32.5,2.596526622772217,2.745728015899658,2.745728015899658,17.98314380645752,20.68495750427246,20.722479820251465,20.72682380676269,20.72975444793701,8.0,11.5,12.0,1287.0,417.0,60.0,6.0,0.0,0.0,5.0,6.0,7.0,984.0,280.0,40.5,2.0,2.0,0.0,17.08361328125,76.09528824088629,1013.9865144849373,1504.0,1728.0,288.0,0.126,92,15,75,1014.0,3.0,4.0,5.0,,
2022-10-25 16:56:53,52.391906667,13.037201667,36.1,2.5757724046707158,2.7237812280654907,2.7237812280654907,17.839402198791504,20.519620895385746,20.556842803955078,20.56115245819092,20.564059257507324,8.0,11.0,12.0,1284.0,416.0,57.0,6.0,0.0,0.0,5.0,5.5,6.5,916.5,261.5,35.5,2.0,2.0,0.0,17.06486328125,76.16108388819428,1013.98738188218,1504.0,2112.0,384.0,0.126,92,15,75,1014.0,3.0,4.0,5.0,,
2022-10-25 16:56:56,52.3919,13.037205,37.3,2.54978084564209,2.6962960958480835,2.6962960958480835,17.659388542175293,20.312561988830566,20.34940814971924,20.353673934936523,20.35655212402344,8.0,12.0,12.0,1308.0,426.0,59.0,6.0,0.0,0.0,5.0,5.0,8.5,892.5,252.0,31.5,5.0,5.0,2.0,17.04416015625,76.17493111937912,1013.9766678465152,1536.0,2240.0,480.0,0.126,92,15,75,1014.0,3.0,4.0,5.0,,
2022-10-25 16:57:00,52.391886667,13.037201667,36.3,2.5587085485458374,2.7057368755340576,2.7057368755340576,17.721221923828125,20.383684158325195,20.4206600189209,20.424941062927246,20.427828788757324,8.0,12.0,12.0,1290.0,420.0,61.5,6.0,0.0,0.0,5.0,5.0,8.0,874.5,242.0,37.0,4.0,4.0,2.0,17.0251171875,76.21315239946443,1013.9737052173643,1792.0,2496.0,576.0,0.135,91,15,75,1013.9,3.0,4.0,5.0,,
2022-10-25 16:57:00,52.391886667,13.037201667,36.3,2.5870554447174072,2.735712766647339,2.735712766647339,17.917548179626465,20.609506607055664,20.646892547607425,20.65122127532959,20.65414047241211,8.0,12.0,12.0,1272.0,414.0,64.0,6.0,0.0,0.0,4.0,4.0,7.0,819.0,221.0,29.0,4.0,4.0,2.0,17.011835937500006,76.16967403284401,1013.9743862648917,1824.0,2176.0,384.0,0.135,91,15,75,1013.9,3.0,4.0,5.0,,
2022-10-25 16:57:07,52.39183,13.03721,33.6,2.661188006401062,2.8141051530838013,2.8141051530838013,18.430978775024414,21.20007610321045,21.23853302001953,21.242985725402832,21.245988845825195,7.0,11.0,12.0,1260.0,408.0,58.0,8.0,1.0,0.0,4.0,4.5,7.0,847.5,228.0,26.5,4.0,4.0,2.0,17.004511718750006,76.06866317576218,1013.9723456671576,1760.0,2368.0,288.0,0.135,91,15,75,1013.9,3.0,4.0,5.0,,
2022-10-25 16:57:10,52.391801666999996,13.037215,31.8,2.73007869720459,2.8869541883468632,2.8869541883468632,18.908103942871094,21.74888610839844,21.788338661193848,21.79290580749512,21.795987129211426,7.0,11.0,12.0,1222.5,396.5,61.0,8.0,1.0,0.0,4.5,4.5,7.5,880.5,235.0,23.0,4.0,4.0,2.0,16.994453125,76.03949931025514,1013.9708136615202,1664.0,2336.0,352.0,0.135,91,15,75,1013.9,3.0,4.0,5.0,,
2022-10-25 16:57:14,52.391763333,13.037221667,34.6,2.8052136898040767,2.9664067029953003,2.9664067029953003,19.42847728729248,22.34744071960449,22.38797950744629,22.392672538757324,22.39583778381348,7.0,11.0,12.0,1185.0,385.0,64.0,8.0,1.0,0.0,4.5,5.0,5.5,912.0,241.0,22.5,1.0,1.0,0.0,16.98234375,76.06850270318212,1013.9725885875304,1632.0,2144.0,448.0,0.135,91,15,75,1013.9,3.0,4.0,5.0,,
2022-10-25 16:57:18,52.391723333,13.037231667,39.4,2.919420838356018,3.087176322937012,3.087176322937012,20.21945858001709,23.2572603225708,23.299448013305664,23.304332733154297,23.30762767791748,7.0,11.0,12.0,1203.0,391.0,58.0,7.0,1.0,0.0,5.0,5.0,5.0,966.0,259.5,19.0,0.0,0.0,0.0,16.967890625,76.13499025805994,1013.956288179052,1792.0,2368.0,256.0,0.135,91,15,75,1013.9,3.0,4.0,5.0,,
2022-10-25 16:57:21,52.391708333000004,13.037236667,39.0,3.0501397848129272,3.225406765937805,3.225406765937805,21.12479877471924,24.298620223999023,24.34269714355469,24.347800254821774,24.351243019104004,6.5,10.5,11.5,1177.5,383.5,56.0,6.5,1.0,0.0,4.5,5.0,5.0,997.5,272.5,22.5,0.0,0.0,0.0,16.95314453125,76.22555385735379,1013.9470280426916,1888.0,2080.0,320.0,0.135,91,15,75,1013.9,3.0,4.0,5.0,,
2022-10-25 16:57:21,52.391708333000004,13.037236667,39.0,3.0957560539245605,3.2736443281173706,3.2736443281173706,21.440730094909668,24.66201686859131,24.70675373077393,24.711933135986328,24.71542739868164,6.0,10.0,11.0,1152.0,376.0,54.0,6.0,1.0,0.0,5.5,6.5,6.5,1003.5,283.5,39.0,0.0,0.0,0.0,16.9344921875,76.33618210313202,1013.9472106269612,1600.0,2624.0,480.0,0.135,91,15,75,1013.9,3.0,4.0,5.0,,
2022-10-25 16:57:28,52.391696667,13.037235,37.7,3.1082987785339355,3.2869075536727905,3.2869075536727905,21.52759838104248,24.761937141418453,24.806854248046875,24.81205463409424,24.815563201904297,6.0,10.0,11.0,1158.0,376.0,56.0,5.0,1.0,0.0,5.5,7.0,7.0,990.0,282.0,49.0,0.0,0.0,0.0,16.9137890625,76.43274710267053,1013.9448469818786,1504.0,1984.0,256.0,0.135,91,15,75,1013.9,3.0,4.0,5.0,,
2022-10-25 16:57:31,52.391696667,13.037235,37.7,3.063837170600891,3.2398911714553837,3.2398911714553837,21.219664573669434,24.407737731933594,24.45201301574707,24.457139015197754,24.460597038269047,6.0,10.0,11.0,1152.0,373.0,54.0,5.0,1.0,0.0,5.5,7.0,7.0,1006.5,287.0,55.0,0.0,0.0,0.0,16.9012890625,76.62724424355375,1013.941794627267,1760.0,2464.0,352.0,0.135,91,15,75,1013.9,3.0,4.0,5.0,,
2022-10-25 16:57:35,52.391686666999995,13.037236667,32.8,3.057322144508362,3.233001708984375,3.233001708984375,21.174541473388672,24.355835914611816,24.40001678466797,24.405132293701172,24.40858364105225,6.0,10.0,11.0,1146.0,370.0,52.0,5.0,1.0,0.0,5.0,6.0,6.0,1023.0,291.5,55.0,0.0,0.0,0.0,16.8973828125,76.69905635060752,1013.932847712161,1824.0,2688.0,544.0,0.135,91,15,75,1013.9,3.0,4.0,5.0,,
2022-10-25 16:57:39,52.391678333,13.037241667,29.1,2.9780865907669067,3.1492130756378174,3.1492130756378174,20.625767707824707,23.724614143371586,23.76765060424805,23.772632598876953,23.775994300842285,6.0,10.0,10.0,1146.0,372.0,52.0,4.0,1.0,0.0,6.0,7.5,7.5,1009.5,293.0,59.5,0.0,0.0,0.0,16.902460937500006,76.54466681727243,1013.9286807925599,1632.0,2176.0,384.0,0.135,91,15,75,1013.9,3.0,4.0,5.0,,
2022-10-25 16:57:42,52.391675,13.037241667,28.2,2.9571764469146733,3.127101421356201,3.127101421356201,20.480948448181152,23.55803680419922,23.600769996643066,23.605717658996586,23.609055519104004,6.5,10.5,10.5,1206.0,390.0,53.0,4.0,1.0,0.0,4.5,6.5,6.5,964.5,280.0,44.5,0.0,0.0,0.0,16.91037109375,76.45976031229263,1013.9266744854352,1760.0,2336.0,320.0,0.135,91,15,75,1013.9,3.0,4.0,5.0,,
2022-10-25 16:57:42,52.391675,13.037241667,28.2,3.077109813690185,3.253926515579224,3.253926515579224,21.31158828735352,24.51347255706787,24.557939529418945,24.563088417053226,24.566560745239254,7.0,11.0,11.0,1266.0,408.0,54.0,4.0,1.0,0.0,4.0,5.0,5.0,966.0,280.0,38.0,0.0,0.0,0.0,16.91681640625,76.47804560695846,1013.9289402798528,1632.0,2400.0,384.0,0.135,91,15,75,1013.9,3.0,4.0,5.0,,
2022-10-25 16:57:49,52.391656667,13.037246667,26.4,3.175133466720581,3.3575828075408936,3.3575828075408936,21.99048519134521,25.29436779022217,25.340251922607425,25.345563888549805,25.34914779663086,7.0,11.0,12.0,1296.0,416.0,58.0,5.0,2.0,0.0,4.0,5.0,5.0,984.0,282.5,33.0,0.0,0.0,0.0,16.92423828125,76.53786701610187,1013.9336515882561,1504.0,2016.0,288.0,0.135,91,15,75,1013.9,3.0,4.0,5.0,,
2022-10-25 16:57:53,52.391636667,13.037246667,28.4,3.199385643005371,3.3832286596298218,3.3832286596298218,22.158452033996586,25.48757076263428,25.53380489349365,25.53915882110596,25.542768478393555,7.0,11.0,12.0,1293.0,415.0,56.0,5.0,2.0,0.0,4.5,6.0,6.5,996.0,286.0,44.0,1.0,1.0,0.0,16.92873046875,76.60067437266915,1013.9268462495828,1792.0,2400.0,544.0,0.135,91,15,75,1013.9,3.0,4.0,5.0,,
2022-10-25 16:57:56,52.391635,13.037246667,28.8,3.1513947248458862,3.3324799537658687,3.3324799537658687,21.826074600219727,25.10525608062744,25.15079689025879,25.156068801879886,25.159626007080078,7.0,11.0,12.0,1290.0,414.0,54.0,5.0,2.0,0.0,4.5,5.5,6.5,1012.5,287.0,43.5,2.0,2.0,0.0,16.93595703125,76.69845289323187,1013.9345789385358,1664.0,2112.0,384.0,0.135,91,15,75,1013.9,3.0,4.0,5.0,,
2022-10-25 16:58:00,52.391613333,13.03725,31.5,3.112634301185608,3.2914921045303345,3.2914921045303345,21.55762481689453,24.79647445678711,24.84145450592041,24.846662521362305,24.850175857543945,7.0,10.0,11.0,1245.0,403.0,58.0,2.0,1.0,0.0,5.0,6.5,8.0,1095.0,306.5,55.0,3.0,2.0,0.0,16.94328125,76.82390430149958,1013.9382929413613,1536.0,2016.0,352.0,0.136,91,15,75,1013.9,3.0,4.0,5.0,,
2022-10-25 16:58:00,52.391613333,13.03725,31.5,3.100259065628052,3.278405904769897,3.278405904769897,21.471917152404785,24.69788932800293,24.742690086364746,24.74787712097168,24.75137615203857,7.0,10.0,10.5,1218.0,393.5,54.5,2.0,1.0,0.0,5.0,6.5,8.0,1102.5,306.5,59.0,4.0,2.0,0.0,16.9485546875,76.85929348300755,1013.9319388946167,1696.0,1920.0,192.0,0.136,91,15,75,1013.9,3.0,4.0,5.0,,
2022-10-25 16:58:06,52.391556666999996,13.037258332999999,38.0,3.2216538190841675,3.4067761898040767,3.4067761898040767,22.312678337097168,25.66496753692627,25.711523056030273,25.7169132232666,25.72054958343506,7.0,10.0,10.0,1191.0,384.0,51.0,2.0,1.0,0.0,4.5,6.5,8.5,1033.5,288.0,60.0,4.0,2.0,0.0,16.95197265625,76.83223035813486,1013.9308855085004,1536.0,2080.0,416.0,0.136,91,15,75,1013.9,3.0,4.0,5.0,,
2022-10-25 16:58:10,52.391481667,13.037278333,42.4,3.2822924852371216,3.4708993434906006,3.4708993434906006,22.73265266418457,26.148038864135746,26.195470809936523,26.20096302032471,26.20466709136963,7.0,10.0,11.0,1197.0,388.0,53.0,2.0,1.0,0.0,5.0,6.5,7.5,951.0,274.0,47.0,3.0,1.0,0.0,16.949921875,76.73180023191986,1013.9308488071722,1632.0,1984.0,224.0,0.136,91,15,75,1013.9,3.0,4.0,5.0,,
2022-10-25 16:58:14,52.391445000000004,13.037286667,45.7,3.230861783027649,3.4165133237838745,3.4165133237838745,22.376450538635254,25.738322257995605,25.785011291503906,25.790416717529297,25.79406261444092,7.0,10.0,10.5,1194.0,386.0,51.0,2.0,1.0,0.0,5.5,6.5,7.5,981.0,272.5,50.5,2.0,0.0,0.0,16.94044921875,76.6957331279514,1013.9319528239903,1728.0,2208.0,416.0,0.136,91,15,75,1013.9,3.0,4.0,5.0,,
2022-10-25 16:58:17,52.391426667,13.037291667,44.3,3.1162327527999882,3.2952975034713745,3.2952975034713745,21.582547187805176,24.82514190673828,24.870174407958984,24.875388145446774,24.878905296325684,7.0,10.0,10.0,1191.0,384.0,49.0,2.0,1.0,0.0,5.0,6.0,6.0,928.5,248.0,42.0,1.0,0.0,0.0,16.92833984375,76.68340482470529,1013.9278741187076,1600.0,2240.0,448.0,0.136,91,15,75,1013.9,3.0,4.0,5.0,,
2022-10-25 16:58:21,52.39139,13.037295,43.0,3.009426236152649,3.1823536157608032,3.1823536157608032,20.842823028564453,23.974279403686523,24.017767906188965,24.022802352905273,24.02620029449463,7.0,9.0,10.0,1167.0,378.0,47.0,2.0,1.0,0.0,5.5,6.5,6.5,993.0,272.5,47.0,0.0,0.0,0.0,16.92140625,76.69262428335063,1013.9306550254815,1792.0,2656.0,512.0,0.136,91,15,75,1013.9,3.0,4.0,5.0,,
2022-10-25 16:58:21,52.39139,13.037295,43.0,3.108292937278748,3.2869014739990234,3.2869014739990234,21.527557373046875,24.761890411376953,24.80680751800537,24.81200885772705,24.815516471862797,7.5,9.5,10.5,1204.5,391.5,49.0,3.0,1.0,0.0,7.0,7.5,7.5,1138.5,317.0,53.5,1.0,0.0,0.0,16.92169921875,76.675420338722,1013.9277943800087,1760.0,2176.0,352.0,0.136,91,15,75,1013.9,3.0,4.0,5.0,,
2022-10-25 16:58:28,52.391328333000004,13.037305,42.9,3.28897762298584,3.4779685735702515,3.4779685735702515,22.77895164489746,26.201294898986816,26.248823165893555,26.25432586669922,26.258037567138672,8.0,10.0,11.0,1242.0,405.0,51.0,4.0,1.0,0.0,7.0,8.5,8.5,1258.5,340.0,59.5,2.0,0.0,0.0,16.9282421875,76.59025059824195,1013.9293849691487,1632.0,1920.0,320.0,0.136,91,15,75,1013.9,3.0,4.0,5.0,,
2022-10-25 16:58:31,52.391301667,13.037305,39.6,3.537028431892395,3.7402729988098153,3.7402729988098153,24.49691390991211,28.17736625671387,28.22848033905029,28.234397888183594,28.23838996887207,7.0,9.0,10.0,1167.0,377.0,45.0,4.0,1.0,0.0,7.0,8.5,8.5,1278.0,349.5,55.5,2.0,0.0,0.0,16.938203125,76.51945411779852,1013.9349377203233,2016.0,2656.0,480.0,0.136,91,15,75,1013.9,3.0,4.0,5.0,,
2022-10-25 16:58:35,52.391218333000005,13.037335,35.9,3.849575400352478,4.07077956199646,4.07077956199646,26.66156768798828,30.667240142822266,30.722869873046875,30.72931003570557,30.733654975891113,7.0,9.0,10.0,1114.5,361.0,48.0,4.5,1.0,0.0,7.0,8.5,8.5,1237.5,348.0,55.5,2.0,0.0,0.0,16.94748046875,76.50027936469148,1013.9360196816904,1696.0,2240.0,160.0,0.136,91,15,75,1013.9,3.0,4.0,5.0,,
2022-10-25 16:58:39,52.391186667,13.037335,37.2,3.995306491851807,4.224884271621703,4.224884271621703,27.67087745666504,31.82818984985352,31.885926246643066,31.89261054992676,31.89711952209473,7.0,9.0,10.0,1062.0,345.0,51.0,5.0,1.0,0.0,6.5,7.5,7.5,1207.5,334.0,45.0,2.0,0.0,0.0,16.95607421875,76.52236755738446,1013.9309588290066,1600.0,1920.0,256.0,0.136,91,15,75,1013.9,3.0,4.0,5.0,,
2022-10-25 16:58:42,52.391161667,13.037339999999999,39.2,4.0421364307403564,4.2744054794311515,4.2744054794311515,27.995214462280273,32.20125675201416,32.259669303894036,32.26643180847168,32.27099323272705,6.0,9.0,10.0,1044.0,339.0,51.0,4.0,0.0,0.0,6.0,7.0,7.0,1128.0,314.0,32.5,1.0,0.0,0.0,16.9719921875,76.53875583901478,1013.934626431637,1696.0,2272.0,512.0,0.136,91,15,75,1013.9,3.0,4.0,5.0,,
2022-10-25 16:58:42,52.391161667,13.037339999999999,39.2,4.194115161895752,4.435117244720459,4.435117244720459,29.04779624938965,33.41197967529297,33.47258949279785,33.47960662841797,33.484338760375984,6.5,9.0,10.0,1059.0,343.0,54.0,4.5,0.0,0.0,6.0,6.0,6.0,1063.5,297.0,24.5,0.0,0.0,0.0,16.98703125,76.55500291086612,1013.9385163329797,1792.0,2496.0,320.0,0.136,91,15,75,1013.9,3.0,4.0,5.0,,
2022-10-25 16:58:49,52.391111667,13.037356667000001,37.1,4.304399967193604,4.55173921585083,4.55173921585083,29.81161117553711,34.290552139282234,34.352754592895515,34.359956741333015,34.36481285095215,7.0,9.0,10.0,1074.0,347.0,57.0,5.0,0.0,0.0,5.0,5.5,5.5,957.0,271.0,17.5,0.0,0.0,0.0,16.99708984375,76.51181592347189,1013.9392121749347,1824.0,2112.0,288.0,0.136,91,15,75,1013.9,3.0,4.0,5.0,,
2022-10-25 16:58:52,52.391085,13.037361667,35.8,4.208178520202637,4.44998836517334,4.44998836517334,29.14519596099853,33.52401351928711,33.58482551574707,33.59186553955078,33.596614837646484,6.0,9.0,9.0,1062.0,343.0,45.0,5.0,0.0,0.0,5.0,6.0,6.0,985.5,277.0,24.0,0.0,0.0,0.0,17.0028515625,76.43691165099392,1013.937841172905,1504.0,1984.0,320.0,0.136,91,15,75,1013.9,3.0,4.0,5.0,,
2022-10-25 16:58:56,52.391073333,13.037365,38.1,4.079571723937988,4.313991785049439,4.313991785049439,28.254484176635746,32.499479293823235,32.558433532714844,32.56525993347168,32.56986427307129,6.0,9.0,9.5,1065.0,343.5,48.5,5.0,0.0,0.0,6.0,7.0,7.0,1104.0,311.0,32.0,0.0,0.0,0.0,17.0067578125,76.53408496076045,1013.9417717438516,1600.0,2208.0,352.0,0.136,91,15,75,1013.9,3.0,4.0,5.0,,
2022-10-25 16:59:00,52.391036667,13.037375,37.5,3.960726022720337,4.188317060470581,4.188317060470581,27.431379318237305,31.552708625793453,31.60994529724121,31.6165714263916,31.621042251586914,6.0,9.0,10.0,1068.0,344.0,52.0,5.0,0.0,0.0,6.0,7.5,7.5,1162.5,325.0,43.0,0.0,0.0,0.0,17.009882812500006,76.63806711584289,1013.9519386695728,1728.0,1984.0,256.0,0.138,91,15,74,1013.9,3.0,5.0,6.0,,
2022-10-25 16:59:03,52.391009999999994,13.037378333,39.3,3.8721439838409424,4.094644784927368,4.094644784927368,26.81787204742432,30.847028732299805,30.902984619140625,30.90946292877197,30.913832664489746,6.0,9.0,9.0,1056.0,340.0,52.0,5.0,0.0,0.0,6.0,7.5,7.5,1188.0,331.5,45.0,0.0,0.0,0.0,17.0128125,76.64889440583292,1013.9542595937623,1952.0,2624.0,448.0,0.138,91,15,74,1013.9,3.0,5.0,6.0,,
2022-10-25 16:59:03,52.391009999999994,13.037378333,39.3,3.755260467529297,3.971044898033142,3.971044898033142,26.008355140686035,29.91588878631592,29.970154762268066,29.97643852233887,29.980676651000977,6.0,9.0,9.5,1065.0,344.0,56.0,5.0,0.0,0.0,6.5,8.5,8.5,1281.0,353.0,54.0,0.0,0.0,0.0,17.01759765625,76.54965167377205,1013.958802817424,1824.0,2496.0,320.0,0.138,91,15,74,1013.9,3.0,5.0,6.0,,
2022-10-25 16:59:10,52.390933333,13.037435,36.5,3.742223024368286,3.957258343696594,3.957258343696594,25.91805934906006,29.81202793121338,29.866106033325195,29.8723669052124,29.87659072875977,6.0,9.0,10.0,1074.0,348.0,60.0,5.0,0.0,0.0,7.5,9.0,9.0,1344.0,376.0,50.0,0.0,0.0,0.0,17.0200390625,76.39146301306111,1013.9578108134523,1504.0,2080.0,448.0,0.138,91,15,74,1013.9,3.0,5.0,6.0,,
2022-10-25 16:59:14,52.390918333,13.037466667,31.4,3.767114043235779,3.9835796356201167,3.9835796356201167,26.09045124053955,30.01031875610352,30.064756393432614,30.071059226989746,30.0753116607666,6.0,10.0,11.0,1098.0,356.0,68.0,6.0,0.0,0.0,7.0,8.5,10.0,1261.5,361.0,56.0,2.0,2.0,2.0,17.01994140625,76.30875214855958,1013.9551417790552,1632.0,2016.0,256.0,0.138,91,15,74,1013.9,3.0,5.0,6.0,,
2022-10-25 16:59:17,52.390896667,13.037483332999999,30.2,3.889933824539185,4.113456964492799,4.113456964492799,26.941082000732425,30.988749504089355,31.044962882995605,31.05147075653076,31.055861473083496,6.0,9.5,10.5,1072.5,347.5,67.0,4.5,0.0,0.0,7.0,8.0,11.0,1254.0,353.5,57.0,4.0,4.0,2.0,17.0216015625,76.22980048092192,1013.9528620169856,1600.0,2304.0,416.0,0.138,91,15,74,1013.9,3.0,5.0,6.0,,
2022-10-25 16:59:21,52.390866667,13.037516667,31.5,4.089512348175049,4.324503660202026,4.324503660202026,28.32333278656006,32.578672409057624,32.63776969909668,32.64461135864258,32.649227142333984,6.0,9.0,10.0,1047.0,339.0,66.0,3.0,0.0,0.0,7.5,8.5,11.0,1332.0,374.0,64.0,4.0,4.0,2.0,17.03107421875,76.15903163693504,1013.9500826593927,1696.0,2112.0,256.0,0.138,91,15,74,1013.9,3.0,5.0,6.0,,
2022-10-25 16:59:21,52.390866667,13.037516667,31.5,4.170118331909181,4.409741163253784,4.409741163253784,28.881596565246586,33.220809936523445,33.28107261657715,33.288047790527344,33.292755126953125,6.0,10.0,10.0,1077.0,352.0,68.0,3.0,0.0,0.0,7.5,8.5,11.5,1363.5,393.5,65.0,4.0,4.0,2.0,17.03888671875,76.07080574336064,1013.9470746957672,1760.0,2464.0,352.0,0.138,91,15,74,1013.9,3.0,5.0,6.0,,
2022-10-25 16:59:27,52.390828333,13.037558333,32.4,4.204270839691162,4.4458563327789316,4.4458563327789316,29.11813068389893,33.492881774902344,33.55363655090332,33.56067276000977,33.565418243408196,5.5,9.0,9.0,1066.5,348.0,64.0,2.5,0.0,0.0,8.0,10.0,12.5,1365.0,391.0,64.5,7.0,4.0,2.0,17.04279296875,76.00950162292996,1013.9443165095813,1472.0,1952.0,224.0,0.138,91,15,74,1013.9,3.0,5.0,6.0,,
2022-10-25 16:59:31,52.390801667,13.037588332999999,32.4,4.2323408126831055,4.475539207458496,4.475539207458496,29.31253910064697,33.71649932861328,33.77765846252441,33.784740447998054,33.789518356323235,5.0,8.0,8.0,1056.0,344.0,60.0,2.0,0.0,0.0,7.0,9.0,10.5,1393.5,388.0,57.0,6.0,2.0,0.0,17.040546875,75.9334590138657,1013.9364342284673,1664.0,2400.0,416.0,0.138,91,15,74,1013.9,3.0,5.0,6.0,,
2022-10-25 16:59:35,52.390776667,13.037618333,28.8,4.248030662536621,4.492130756378174,4.492130756378174,29.4212064743042,33.84149169921875,33.90287971496582,33.90998649597168,33.91478157043457,6.0,9.0,9.0,1062.0,348.0,58.0,2.0,0.0,0.0,8.0,11.0,11.0,1428.0,401.0,56.5,4.0,0.0,0.0,17.03849609375,75.8230908054069,1013.9397424917908,1696.0,2496.0,480.0,0.138,91,15,74,1013.9,3.0,5.0,6.0,,
2022-10-25 16:59:38,52.390763333,13.037625,28.3,4.196686506271361,4.437836170196533,4.437836170196533,29.065604209899906,33.432462692260735,33.49310874938965,33.50012969970703,33.504867553710945,6.0,9.5,9.5,1084.5,354.5,60.0,2.0,0.5,0.0,7.5,11.5,11.5,1428.0,407.0,75.0,4.0,0.0,0.0,17.03537109375,75.77789669115185,1013.9437883001236,1664.0,2240.0,384.0,0.138,91,15,74,1013.9,3.0,5.0,6.0,,
2022-10-25 16:59:42,52.39076,13.03763,31.3,4.1244940757751465,4.36149525642395,4.36149525642395,28.5656099319458,32.857349395751946,32.91695213317871,32.923851013183594,32.92850685119629,6.0,10.0,10.0,1107.0,361.0,62.0,2.0,1.0,0.0,7.5,11.0,11.0,1435.5,407.5,73.5,4.0,0.0,0.0,17.03009765625,75.75642167602307,1013.9484730555852,1728.0,2432.0,384.0,0.138,91,15,74,1013.9,3.0,5.0,6.0,,
2022-10-25 16:59:42,52.39076,13.03763,31.3,4.1013383865356445,4.3370094299316415,4.3370094299316415,28.40523815155029,32.672883987426765,32.732149124145515,32.739013671875,32.74364280700684,6.0,10.0,10.0,1101.0,357.0,64.0,2.0,1.0,0.0,8.0,11.5,11.5,1513.5,428.0,77.0,1.0,0.0,0.0,17.02599609375,75.90358238678051,1013.9509090444376,1888.0,2432.0,320.0,0.138,91,15,74,1013.9,3.0,5.0,6.0,,
2022-10-25 16:59:49,52.390715,13.037658333,31.7,4.077070951461792,4.311347246170044,4.311347246170044,28.23716449737549,32.47955894470215,32.53847503662109,32.54529571533203,32.549898147583015,6.5,10.0,10.0,1116.0,362.0,61.0,2.0,1.0,0.0,8.0,11.0,11.0,1471.5,409.5,79.0,0.0,0.0,0.0,17.03302734375,76.07673672038887,1013.9457775396954,1696.0,2432.0,352.0,0.138,91,15,74,1013.9,3.0,5.0,6.0,,
2022-10-25 16:59:52,52.39069,13.037666667,36.6,4.132323741912842,4.369775295257568,4.369775295257568,28.61983776092529,32.919723510742195,32.979440689086914,32.98635482788086,32.99101829528809,7.0,10.0,10.0,1131.0,367.0,58.0,2.0,1.0,0.0,7.0,10.0,10.0,1360.5,378.5,71.5,0.0,0.0,0.0,17.04416015625,76.14739108163438,1013.945733836919,1760.0,2304.0,384.0,0.138,91,15,74,1013.9,3.0,5.0,6.0,,
2022-10-25 16:59:56,52.390665000000006,13.037668333,32.7,4.175902843475342,4.415858268737793,4.415858268737793,28.921658515930176,33.26689338684082,33.327238082885735,33.33422470092773,33.33893585205078,7.0,10.0,10.0,1131.0,367.0,64.0,2.0,1.0,0.0,7.5,9.0,9.0,1348.5,375.5,57.5,0.0,0.0,0.0,17.04650390625,76.29240821833977,1013.940400242682,1440.0,2016.0,288.0,0.138,91,15,74,1013.9,3.0,5.0,6.0,,
2022-10-25 17:00:00,52.390636666999995,13.037691667,33.2,4.244688987731934,4.48859715461731,4.48859715461731,29.398061752319336,33.814868927001946,33.87621116638184,33.883310317993164,33.88810157775879,6.5,10.0,10.0,1119.0,362.0,63.0,2.5,1.0,0.0,7.0,8.0,8.0,1276.5,350.0,63.5,0.0,0.0,0.0,17.0471875,76.4131191133988,1013.9540678153394,1728.0,2304.0,288.0,0.14300000000000002,91,15,76,1013.9,4.0,5.0,6.0,,
2022-10-25 17:00:03,52.390625,13.037696667,31.6,4.2916481494903564,4.538254499435425,4.538254499435425,29.72329330444336,34.18896484375,34.25098419189453,34.258163452148445,34.26300621032715,6.0,10.0,10.0,1107.0,357.0,62.0,3.0,1.0,0.0,5.5,6.5,7.0,1078.5,289.0,55.0,1.0,1.0,0.0,17.04142578125,76.50180840584531,1013.9512596495638,1728.0,2080.0,224.0,0.14300000000000002,91,15,76,1013.9,4.0,5.0,6.0,,
2022-10-25 17:00:03,52.390625,13.037696667,31.6,4.283579587936401,4.529722213745117,4.529722213745117,29.66741180419922,34.12468719482422,34.18658828735352,34.193754196166985,34.198591232299805,6.0,9.0,9.0,1095.0,353.0,52.0,3.0,1.0,0.0,6.0,7.0,8.0,1042.5,285.0,50.5,2.0,2.0,0.0,17.037617187499997,76.48394998350733,1013.9516706022807,1760.0,2528.0,480.0,0.14300000000000002,91,15,76,1013.9,4.0,5.0,6.0,,
2022-10-25 17:00:10,52.3906,13.037711667,34.7,4.2888526916503915,4.535298585891724,4.535298585891724,29.703932762146,34.166696548461914,34.228673934936516,34.235849380493164,34.240690231323235,6.0,9.0,9.0,1086.0,349.0,52.0,3.0,1.0,0.0,6.0,7.0,8.0,1068.0,288.0,51.0,2.0,2.0,0.0,17.035078125,76.36634609072374,1013.9474856343448,1664.0,2272.0,288.0,0.14300000000000002,91,15,76,1013.9,4.0,5.0,6.0,,
2022-10-25 17:00:13,52.390595000000005,13.037716667,36.4,4.144079923629762,4.382206678390503,4.382206678390503,28.701258659362797,33.013378143310554,33.073265075683594,33.080198287963874,33.084875106811516,6.0,9.0,9.0,1077.0,345.0,52.0,3.0,1.0,0.0,5.0,5.5,7.5,960.0,252.0,38.5,3.0,3.0,0.0,17.03126953125,76.21071074401306,1013.9495685674307,1696.0,2368.0,224.0,0.14300000000000002,91,15,76,1013.9,4.0,5.0,6.0,,
2022-10-25 17:00:17,52.390588333000004,13.03772,36.0,4.0239388942718515,4.255162000656128,4.255162000656128,27.86918067932129,32.056286811828606,32.114436149597175,32.12116813659668,32.12571144104004,7.0,9.0,9.0,1101.0,353.0,54.0,3.0,1.0,0.0,4.0,5.0,7.5,885.0,229.5,25.0,5.0,5.0,0.0,17.0286328125,76.15174821719401,1013.9535829498681,1888.0,2560.0,576.0,0.14300000000000002,91,15,76,1013.9,4.0,5.0,6.0,,
2022-10-25 17:00:21,52.390575,13.037723332999999,31.6,3.9022297859191895,4.12645959854126,4.12645959854126,27.02624225616455,31.08670520782471,31.14309597015381,31.14962482452393,31.15402889251709,7.0,9.0,9.5,1111.5,357.5,54.0,3.0,1.0,0.0,4.5,5.0,8.0,972.0,259.5,29.5,5.0,5.0,0.0,17.03107421875,76.25546522443041,1013.9609511432919,1760.0,2368.0,352.0,0.14300000000000002,91,15,76,1013.9,4.0,5.0,6.0,,
2022-10-25 17:00:24,52.39055,13.037726667000001,31.4,3.862431406974793,4.084374189376831,4.084374189376831,26.7506046295166,30.76965522766113,30.825469970703125,30.83193302154541,30.836292266845703,6.0,8.0,9.0,1122.0,362.0,54.0,3.0,1.0,0.0,6.0,6.0,8.5,1101.0,300.5,34.5,4.0,4.0,0.0,17.04826171875,76.58572142840866,1013.9717234673268,1888.0,2496.0,416.0,0.14300000000000002,91,15,76,1013.9,4.0,5.0,6.0,,
2022-10-25 17:00:24,52.39055,13.037726667000001,31.4,3.8388351202011113,4.059422016143799,4.059422016143799,26.587181091308594,30.58167839050293,30.637152671813965,30.64357566833496,30.647908210754395,6.5,8.5,8.5,1080.0,348.0,56.0,3.0,1.0,0.0,6.0,7.0,9.0,1087.5,306.5,39.0,4.0,4.0,0.0,17.0794140625,76.89798326230525,1013.9837737423533,1664.0,2144.0,448.0,0.14300000000000002,91,15,76,1013.9,4.0,5.0,6.0,,
2022-10-25 17:00:31,52.390496667,13.037733333,30.5,3.8765077590942383,4.099259376525879,4.099259376525879,26.84809494018555,30.88179302215576,30.93781280517578,30.944297790527344,30.948673248291016,7.0,9.0,9.0,1069.5,346.5,58.0,2.5,0.5,0.0,6.0,7.0,9.5,1066.5,305.5,43.0,5.0,4.0,0.0,17.1130078125,77.07626262474456,1013.9856302893812,1504.0,2144.0,384.0,0.14300000000000002,91,15,76,1013.9,4.0,5.0,6.0,,
2022-10-25 17:00:35,52.390473333,13.03774,31.4,3.909919381141663,4.1345911026000985,4.1345911026000985,27.07949924468994,31.147963523864746,31.20446491241455,31.211007118225094,31.21541976928711,7.0,9.0,9.0,1059.0,345.0,60.0,2.0,0.0,0.0,7.0,8.0,10.0,1155.0,332.5,46.0,5.0,3.0,0.0,17.14796875,77.20302520652821,1013.9939162647042,1536.0,1952.0,384.0,0.14300000000000002,91,15,76,1013.9,4.0,5.0,6.0,,
2022-10-25 17:00:38,52.390448333,13.03775,33.7,3.9464762210845943,4.173248291015625,4.173248291015625,27.33268547058105,31.439189910888672,31.49621963500977,31.50282192230225,31.50727653503418,7.0,9.0,9.0,1095.0,355.0,60.0,2.0,0.0,0.0,6.5,7.5,10.0,1186.5,332.0,47.0,6.0,4.0,0.0,17.18185546875,77.3262296744588,1013.9912288580607,1440.0,2080.0,448.0,0.14300000000000002,91,15,76,1013.9,4.0,5.0,6.0,,
2022-10-25 17:00:42,52.390408333,13.037763333,36.7,4.013779878616333,4.244419336318971,4.244419336318971,27.79882049560547,31.975357055664066,32.03335952758789,32.040075302124016,32.044604301452644,7.0,9.0,9.0,1092.0,355.0,59.5,2.0,0.0,0.0,5.5,6.5,10.0,1108.5,301.5,41.5,7.0,5.0,1.0,17.21134765625,77.51112059421834,1014.0030372010375,1568.0,2112.0,384.0,0.14300000000000002,91,15,76,1013.9,4.0,5.0,6.0,,
2022-10-25 17:00:42,52.390408333,13.037763333,36.7,3.983675122261048,4.212584733963014,4.212584733963014,27.59031963348389,31.73552989959717,31.79309844970703,31.799763679504395,31.804258346557614,7.0,9.0,9.0,1089.0,355.0,59.0,2.0,0.0,0.0,6.0,7.0,11.0,1135.5,306.5,42.0,8.0,6.0,2.0,17.2258984375,77.57240708821779,1014.0044369830867,1728.0,2304.0,384.0,0.14300000000000002,91,15,76,1013.9,4.0,5.0,6.0,,
2022-10-25 17:00:42,52.390408333,13.037763333,36.7,3.938487052917481,4.164799928665161,4.164799928665161,27.2773551940918,31.37554454803467,31.43245887756348,31.43904781341553,31.44349384307861,7.0,9.0,9.0,1083.0,353.0,55.0,2.0,0.0,0.0,6.5,7.0,10.5,1177.5,323.0,42.0,6.0,5.0,2.0,17.2305859375,77.52815038276668,1013.9987810565823,1632.0,2208.0,384.0,0.14300000000000002,91,15,76,1013.9,4.0,5.0,6.0,,
2022-10-25 17:00:52,52.390306667,13.037786667,45.4,3.951938271522522,4.17902421951294,4.17902421951294,27.370515823364254,31.48270320892334,31.53981113433838,31.54642391204834,31.550883293151852,7.0,8.5,8.5,1074.0,351.0,55.0,1.5,0.0,0.0,6.5,7.0,10.0,1183.5,329.0,42.5,4.0,4.0,2.0,17.2329296875,77.40386896168796,1013.9992982414218,1536.0,2240.0,448.0,0.14300000000000002,91,15,76,1013.9,4.0,5.0,6.0,,
2022-10-25 17:00:56,52.390268333,13.037798333,42.4,4.062161445617677,4.295580863952637,4.295580863952637,28.13390350341797,32.360782623291016,32.41948509216309,32.426280975341804,32.43086624145508,7.0,8.0,8.0,1065.0,349.0,55.0,1.0,0.0,0.0,5.5,7.0,8.5,1155.0,324.0,44.5,2.0,2.0,2.0,17.23322265625,77.47317066480853,1014.0089803798996,1728.0,2464.0,416.0,0.14300000000000002,91,15,76,1013.9,4.0,5.0,6.0,,
2022-10-25 17:00:59,52.390241667,13.037805,40.4,4.050687074661255,4.283447504043578,4.283447504043578,28.05443477630615,32.26937484741211,32.327909469604485,32.334688186645515,32.33926010131836,6.0,8.0,8.0,1035.0,337.0,57.0,0.0,0.0,0.0,7.0,8.0,9.5,1167.0,339.5,53.0,3.0,3.0,1.0,17.23712890625,77.52229930885113,1014.0137451231328,1600.0,2016.0,224.0,0.14300000000000002,91,15,76,1013.9,4.0,5.0,6.0,,
2022-10-25 17:01:03,52.390203333,13.037813332999999,37.7,3.978391051292419,4.2069969177246085,4.2069969177246085,27.55372428894043,31.69343566894531,31.75092697143555,31.757582664489746,31.762073516845703,6.0,8.0,8.0,1041.0,339.0,58.0,0.0,0.0,0.0,7.0,8.0,9.0,1120.5,327.5,55.0,2.0,2.0,0.0,17.24640625,77.55847129599235,1014.0139800721886,1728.0,2368.0,288.0,0.14300000000000002,91,15,76,1013.9,3.0,5.0,6.0,,
2022-10-25 17:01:03,52.390203333,13.037813332999999,37.7,3.9674146175384517,4.195389986038208,4.195389986038208,27.477703094482425,31.605993270874023,31.663325309753414,31.669963836669922,31.67444133758545,6.0,8.0,8.0,1047.0,341.0,59.0,0.0,0.0,0.0,6.5,7.5,8.5,1098.0,309.5,54.0,2.0,2.0,0.0,17.2675,77.65205106617121,1014.0069240818788,1888.0,2720.0,512.0,0.14300000000000002,91,15,76,1013.9,3.0,5.0,6.0,,
2022-10-25 17:01:09,52.390153333,13.037831667,37.6,4.035311698913573,4.267188787460326,4.267188787460326,27.94794750213623,32.14689064025879,32.20520401000977,32.21195411682129,32.216508865356445,6.0,8.0,8.0,1059.0,345.0,55.0,1.0,0.0,0.0,6.0,6.5,7.5,1113.0,308.0,54.0,2.0,2.0,0.0,17.29982421875,77.70938560218036,1014.0033167638546,1728.0,2080.0,288.0,0.14300000000000002,91,15,76,1013.9,3.0,5.0,6.0,,
2022-10-25 17:01:13,52.390121666999995,13.03784,39.2,3.982315182685852,4.211146831512451,4.211146831512451,27.58090209960937,31.724698066711426,31.78224468231201,31.788908004760746,31.793402671813965,6.0,8.0,8.5,1054.5,343.5,58.0,1.5,0.5,0.5,5.5,6.0,7.0,1042.5,288.0,45.5,2.0,2.0,0.0,17.34259765625,77.60901842546367,1014.0010299648476,1792.0,2432.0,448.0,0.14300000000000002,91,15,76,1013.9,3.0,5.0,6.0,,
2022-10-25 17:01:17,52.39009,13.037844999999999,38.6,3.7254738807678223,3.939546823501587,3.939546823501587,25.80205821990967,29.67859745025635,29.7324333190918,29.738666534423828,29.742871284484863,6.0,8.0,9.0,1050.0,342.0,61.0,2.0,1.0,1.0,4.5,5.0,5.5,1005.0,266.5,33.5,1.0,1.0,0.0,17.3852734375,77.32516754876745,1013.9952277622824,1952.0,2624.0,416.0,0.14300000000000002,91,15,76,1013.9,3.0,5.0,6.0,,
2022-10-25 17:01:21,52.390056666999996,13.037851667,40.0,3.632883667945862,3.8416361808776855,3.8416361808776855,25.160792350769047,28.940987586975094,28.99348545074463,28.9995641708374,29.003664016723636,7.0,9.0,10.0,1110.0,362.0,59.0,2.0,1.0,1.0,5.0,5.0,6.0,1092.0,283.0,32.5,2.0,2.0,0.0,17.427753906249997,76.95863873701546,1013.9974605156799,1472.0,1888.0,288.0,0.14300000000000002,91,15,76,1013.9,3.0,5.0,6.0,,
2022-10-25 17:01:24,52.390031666999995,13.037858332999999,38.6,3.606125593185425,3.813340544700623,3.813340544700623,24.975470542907715,28.727821350097656,28.77993392944336,28.785966873168945,28.79003715515137,6.5,8.5,9.5,1089.0,354.0,52.0,2.0,1.0,1.0,5.5,6.0,7.0,1192.5,319.5,35.0,2.0,2.0,0.0,17.4753125,76.63146329712933,1014.01056181275,1792.0,2432.0,320.0,0.14300000000000002,91,15,76,1013.9,3.0,5.0,6.0,,
2022-10-25 17:01:24,52.390031666999995,13.037858332999999,38.6,3.5115532875061035,3.71333396434784,3.71333396434784,24.32047748565674,27.97442150115967,28.025166511535645,28.031042098999023,28.03500556945801,6.0,8.0,9.0,1068.0,346.0,45.0,2.0,1.0,1.0,5.0,6.0,7.0,1158.0,312.0,36.0,2.0,2.0,0.0,17.51369140625,76.35492987858959,1014.0060219431894,1888.0,2496.0,416.0,0.14300000000000002,91,15,76,1013.9,3.0,5.0,6.0,,
2022-10-25 17:01:31,52.389978333,13.037873333,36.6,3.3774496316909786,3.5715245008468632,3.5715245008468632,23.391695976257324,26.90609931945801,26.95490646362305,26.960556983947754,26.96436882019043,6.0,8.0,9.0,1056.0,346.0,42.0,2.0,1.0,1.0,6.0,8.0,9.0,1186.5,330.0,46.0,2.0,2.0,0.0,17.54142578125,76.10451317697724,1014.0065306910536,1696.0,2208.0,288.0,0.14300000000000002,91,15,76,1013.9,3.0,5.0,6.0,,
2022-10-25 17:01:34,52.389955,13.03788,36.9,3.2832106351852417,3.471870303153992,3.471870303153992,22.73901081085205,26.155353546142575,26.20279884338379,26.208292961120605,26.211997985839844,6.5,8.5,9.5,1090.5,355.5,47.5,2.5,1.0,1.0,6.0,7.0,7.5,1191.0,335.5,52.0,1.0,1.0,0.0,17.57072265625,76.03699857246289,1013.9987323214523,1760.0,2144.0,384.0,0.14300000000000002,91,15,76,1013.9,3.0,5.0,6.0,,
2022-10-25 17:01:38,52.389923333,13.037886667,36.6,3.2329407930374146,3.41871178150177,3.41871178150177,22.390850067138672,25.754884719848636,25.801603317260746,25.8070125579834,25.81066036224365,7.0,9.0,10.0,1125.0,365.0,53.0,3.0,1.0,1.0,6.0,7.0,7.0,1176.0,338.5,48.5,0.0,0.0,0.0,17.60685546875,76.11865427587712,1014.0030267441097,1952.0,2368.0,320.0,0.14300000000000002,91,15,76,1013.9,3.0,5.0,6.0,,
2022-10-25 17:01:42,52.389895,13.037891667,36.9,3.1634784936904907,3.345258116722107,3.345258116722107,21.909765243530273,25.20151996612549,25.24723625183105,25.25252914428711,25.256098747253414,6.0,8.0,9.0,1137.0,367.0,47.0,3.0,1.0,1.0,5.0,7.0,8.5,1110.0,323.5,51.0,2.0,2.0,2.0,17.65001953125,76.20838890158002,1014.0080186096603,1568.0,1888.0,288.0,0.14300000000000002,91,15,76,1013.9,3.0,5.0,6.0,,
2022-10-25 17:01:45,52.389871667,13.037898333,36.6,3.1166534423828125,3.2957422733306885,3.2957422733306885,21.5854606628418,24.828492164611816,24.87353134155273,24.878746032714844,24.88226318359375,6.0,8.0,9.5,1155.0,373.0,47.0,3.5,1.5,1.5,5.0,6.5,8.0,1117.5,324.0,52.5,2.0,2.0,2.0,17.6942578125,76.29489311790167,1014.0013818370523,1888.0,2688.0,448.0,0.14300000000000002,91,15,76,1013.9,3.0,5.0,6.0,,
2022-10-25 17:01:45,52.389871667,13.037898333,36.6,3.1658838987350464,3.347801685333252,3.347801685333252,21.926424980163574,25.22068214416504,25.266432762146,25.27172946929932,25.27530193328857,7.0,9.0,11.0,1173.0,379.0,47.0,4.0,2.0,2.0,6.0,7.0,8.5,1107.0,314.5,41.5,2.0,2.0,2.0,17.733125,76.2805882671251,1013.9900741394904,1472.0,2016.0,256.0,0.14300000000000002,91,15,76,1013.9,3.0,5.0,6.0,,
2022-10-25 17:01:52,52.389821667,13.03792,36.4,3.282198190689087,3.4707995653152466,3.4707995653152466,22.73199939727783,26.14728832244873,26.194719314575195,26.200210571289066,26.203914642333984,7.0,9.0,11.0,1221.0,397.0,45.0,4.0,2.0,2.0,5.5,6.5,7.5,1093.5,307.5,42.0,2.0,2.0,2.0,17.768671875,76.16237199512955,1013.979986101201,1632.0,2304.0,448.0,0.14300000000000002,91,15,76,1013.9,3.0,5.0,6.0,,
2022-10-25 17:01:56,52.389793333,13.037941667,35.3,3.3844420909881587,3.57891857624054,3.57891857624054,23.440123558044434,26.96180248260498,27.01071071624756,27.01637363433838,27.020193099975586,7.0,9.0,11.0,1215.0,395.0,42.0,4.0,2.0,2.0,5.5,6.5,7.5,1062.0,300.0,49.5,2.0,2.0,2.0,17.795625,76.01181735226588,1013.9733166812503,1472.0,1824.0,320.0,0.14300000000000002,91,15,76,1013.9,3.0,5.0,6.0,,
2022-10-25 17:01:59,52.389776667,13.037966667000001,35.7,3.4535964727401733,3.6520467996597286,3.6520467996597286,23.919076919555664,27.512714385986328,27.562621116638184,27.56839942932129,27.57229804992676,7.0,9.0,11.0,1209.0,393.0,39.0,4.0,2.0,2.0,5.5,7.0,7.0,1047.0,288.5,57.5,1.0,0.0,0.0,17.81330078125,75.8598447406319,1013.974803315314,1632.0,1952.0,160.0,0.14300000000000002,91,15,76,1013.9,3.0,5.0,6.0,,
2022-10-25 17:02:03,52.389765000000004,13.03801,35.3,3.4171007871627808,3.6134539842605586,3.6134539842605586,23.66631317138672,27.22197532653809,27.271355628967285,27.27707290649414,27.28092956542969,7.0,9.0,11.0,1218.0,396.0,51.0,3.0,2.0,2.0,4.5,6.0,6.0,996.0,277.5,59.0,2.0,0.0,0.0,17.82462890625,75.72755332122351,1013.9825768627333,1664.0,2400.0,352.0,0.129,92,15,75,1014.0,3.0,4.0,5.0,,
2022-10-25 17:02:03,52.389765000000004,13.03801,35.3,3.373423218727112,3.567266702651977,3.567266702651977,23.36380958557129,26.874022483825684,26.922771453857425,26.928415298461914,26.93222427368164,7.0,9.0,10.5,1191.0,386.0,47.0,2.5,1.5,1.5,4.5,6.0,6.0,964.5,272.0,56.5,2.0,0.0,0.0,17.829707031250006,75.62181693974375,1013.9741979685243,1600.0,2048.0,288.0,0.129,92,15,75,1014.0,3.0,4.0,5.0,,
2022-10-25 17:02:03,52.389765000000004,13.03801,35.3,3.3048185110092163,3.4947197437286377,3.4947197437286377,22.88866424560547,26.32749080657959,26.375248908996586,26.38077735900879,26.38450813293457,7.0,9.0,10.0,1164.0,376.0,43.0,2.0,1.0,1.0,4.0,6.0,6.0,922.5,258.5,48.0,2.0,0.0,0.0,17.82716796875,75.43588228086371,1013.9716908179727,1536.0,2176.0,320.0,0.129,92,15,75,1014.0,3.0,4.0,5.0,,
2022-10-25 17:02:13,52.38973,13.038125,36.4,3.291548609733581,3.480687379837036,3.480687379837036,22.7967586517334,26.221776962280273,26.26934242248535,26.2748498916626,26.278564453125,7.0,9.0,10.0,1185.0,374.0,39.0,2.0,1.0,1.0,4.0,5.0,5.0,894.0,246.5,36.5,2.0,0.0,0.0,17.835859375,75.30340619558241,1013.9742845392444,1856.0,2336.0,320.0,0.129,92,15,75,1014.0,3.0,4.0,5.0,,
2022-10-25 17:02:17,52.38971,13.038165,37.5,3.213288187980652,3.3979300260543823,3.3979300260543823,22.254738807678226,25.598323822021484,25.644758224487305,25.650135040283203,25.65376091003418,7.0,8.5,10.0,1179.0,372.0,39.0,2.0,1.0,1.0,3.5,4.5,4.5,844.5,233.5,21.5,1.0,0.0,0.0,17.841328125,75.15333325487606,1013.9732452368297,1760.0,2432.0,480.0,0.129,92,15,75,1014.0,3.0,4.0,5.0,,
2022-10-25 17:02:20,52.3897,13.03819,37.6,3.1092664003372192,3.287930727005005,3.287930727005005,21.53429889678955,24.76964473724365,24.814576148986816,24.819777488708496,24.82328701019287,7.0,8.0,10.0,1173.0,370.0,39.0,2.0,1.0,1.0,4.5,5.0,5.0,880.5,241.5,16.0,0.0,0.0,0.0,17.8411328125,74.96816204376718,1013.969575208631,1472.0,1952.0,288.0,0.129,92,15,75,1014.0,3.0,4.0,5.0,,
2022-10-25 17:02:24,52.389688333,13.038225,38.1,3.010787844657898,3.183793544769287,3.183793544769287,20.852252960205078,23.985126495361328,24.02863502502441,24.033672332763672,24.03707027435303,7.0,9.0,11.0,1179.0,372.0,48.0,3.0,2.0,2.0,4.0,5.0,5.0,910.5,247.5,23.0,0.0,0.0,0.0,17.83869140625,74.81017499729909,1013.9588580157363,1760.0,2688.0,416.0,0.129,92,15,75,1014.0,3.0,4.0,5.0,,
2022-10-25 17:02:24,52.389688333,13.038225,38.1,2.9796068668365483,3.1508207321166988,3.1508207321166988,20.636298179626465,23.73672580718994,23.779784202575684,23.78476905822754,23.78813171386719,7.0,9.0,10.5,1167.0,369.0,44.0,2.5,2.0,2.0,3.5,5.0,5.0,954.0,268.0,24.5,0.0,0.0,0.0,17.849140625,74.72283914051127,1013.9584860024333,1792.0,2432.0,448.0,0.129,92,15,75,1014.0,3.0,4.0,5.0,,
2022-10-25 17:02:30,52.389673333000005,13.038268333,36.8,3.009217619895935,3.1821329593658447,3.1821329593658447,20.84137725830078,23.97261619567871,24.01610279083252,24.021137237548828,24.02453327178955,7.0,9.0,10.0,1155.0,366.0,40.0,2.0,2.0,2.0,4.5,6.0,6.0,952.5,275.5,27.5,0.0,0.0,0.0,17.87521484375,74.70994287902025,1013.9620778475107,1472.0,2080.0,416.0,0.129,92,15,75,1014.0,3.0,4.0,5.0,,
2022-10-25 17:02:34,52.389661667,13.038296667000001,35.1,3.0355154275894165,3.209941864013672,3.209941864013672,21.02351188659668,24.18211555480957,24.22598075866699,24.231060028076172,24.23448657989502,7.0,9.0,11.0,1143.0,364.0,46.0,2.0,2.0,2.0,4.5,5.5,5.5,964.5,281.0,31.0,0.0,0.0,0.0,17.90744140625,74.66723906514592,1013.9615655627807,1696.0,2656.0,448.0,0.129,92,15,75,1014.0,3.0,4.0,5.0,,
2022-10-25 17:02:38,52.38965,13.038325,36.0,3.0477097034454346,3.2228370904922485,3.2228370904922485,21.1079683303833,24.279260635375977,24.32330322265625,24.32840156555176,24.331841468811035,7.0,9.0,10.0,1116.0,355.0,45.0,2.0,1.5,1.5,4.5,5.5,6.0,964.5,282.5,31.0,1.0,1.0,0.0,17.939765625,74.58691491635896,1013.955348876451,1792.0,2496.0,448.0,0.129,92,15,75,1014.0,3.0,4.0,5.0,,
2022-10-25 17:02:42,52.389638333,13.038355000000001,35.2,3.030959129333496,3.2051239013671875,3.2051239013671875,20.991955757141113,24.145819664001465,24.18961906433105,24.194690704345703,24.19811153411865,7.0,9.0,9.0,1089.0,346.0,44.0,2.0,1.0,1.0,4.5,5.5,6.5,993.0,286.0,31.0,2.0,2.0,0.0,17.972773437500006,74.54777718362537,1013.9636487562973,1792.0,2432.0,480.0,0.129,92,15,75,1014.0,3.0,4.0,5.0,,
2022-10-25 17:02:45,52.389631666999996,13.038376667,35.0,3.038225650787353,3.212807893753052,3.212807893753052,21.042282104492188,24.20370674133301,24.24761199951172,24.25269412994385,24.25612449645996,6.0,8.0,9.0,1071.0,338.0,44.0,2.0,1.0,1.0,6.0,6.0,7.0,1023.0,296.5,38.0,2.0,2.0,0.0,18.0094921875,74.57766999749863,1013.9705187467647,1760.0,2272.0,384.0,0.129,92,15,75,1014.0,3.0,4.0,5.0,,
2022-10-25 17:02:45,52.389631666999996,13.038376667,35.0,2.9889931678771973,3.1607465744018555,3.1607465744018555,20.701306343078613,23.811501502990726,23.854694366455078,23.85969543457031,23.86306858062744,6.5,8.5,9.5,1099.5,347.5,48.0,2.5,1.0,1.0,5.5,6.0,7.0,1000.5,281.5,35.5,2.0,2.0,0.0,18.03546875,74.49293156903224,1013.9697459836003,1792.0,2144.0,384.0,0.129,92,15,75,1014.0,3.0,4.0,5.0,,
2022-10-25 17:02:52,52.389616667,13.038436667000001,34.0,2.9749596118927,3.145906567573548,3.145906567573548,20.604111671447754,23.69970417022705,23.742694854736328,23.74767208099365,23.75102996826172,7.0,9.0,10.0,1128.0,357.0,52.0,3.0,1.0,1.0,5.5,6.0,7.0,1003.5,280.0,32.0,2.0,2.0,0.0,18.0548046875,74.2840883339191,1013.9756221664787,1536.0,1952.0,384.0,0.129,92,15,75,1014.0,3.0,4.0,5.0,,
2022-10-25 17:02:55,52.38961,13.038461667,34.3,2.9880356788635254,3.1597341299057007,3.1597341299057007,20.69467544555664,23.80387306213379,23.847052574157715,23.85205173492432,23.85542583465576,7.0,9.0,10.0,1122.0,355.0,42.0,3.0,1.0,1.0,5.0,5.5,6.0,1011.0,280.0,33.0,1.0,1.0,0.0,18.07287109375,74.10936269736091,1013.974382586292,1760.0,2336.0,320.0,0.129,92,15,75,1014.0,3.0,4.0,5.0,,
2022-10-25 17:02:59,52.3896,13.038496667,34.6,3.0761001110076904,3.252858877182007,3.252858877182007,21.304595947265625,24.505430221557614,24.549882888793945,24.555028915405273,24.55850028991699,7.0,9.5,10.0,1134.0,359.0,46.0,3.5,1.0,1.0,4.5,5.0,5.0,940.5,259.0,34.0,0.0,0.0,0.0,18.08419921875,74.10435901387748,1013.9737720450804,1888.0,2368.0,352.0,0.129,92,15,75,1014.0,3.0,4.0,5.0,,
2022-10-25 17:03:03,52.389586666999996,13.03853,36.1,3.179173231124878,3.361854553222656,3.361854553222656,22.018463134765625,25.32655048370361,25.37249183654785,25.37781047821045,25.38139915466309,7.0,10.0,10.0,1146.0,363.0,50.0,4.0,1.0,1.0,3.0,4.0,4.0,852.0,231.0,30.0,0.0,0.0,0.0,18.08927734375,74.05396383891556,1013.9737580531391,1632.0,2144.0,288.0,0.131,92,15,74,1014.1,2.0,3.0,4.0,,
2022-10-25 17:03:06,52.38957,13.038563332999999,38.3,3.291901111602783,3.481060147285461,3.481060147285461,22.7992000579834,26.22458553314209,26.272156715393066,26.27766418457031,26.28137969970703,7.0,10.0,10.0,1101.0,357.0,54.0,4.0,1.0,1.0,3.5,4.5,4.5,856.5,240.0,34.5,0.0,0.0,0.0,18.08908203125,73.87649904676941,1013.9692493902536,1568.0,2048.0,288.0,0.131,92,15,74,1014.1,2.0,3.0,4.0,,
2022-10-25 17:03:06,52.38957,13.038563332999999,38.3,3.3951302766799927,3.590221047401428,3.590221047401428,23.51414966583252,27.04694938659668,27.09601211547852,27.10169219970703,27.10552406311035,7.0,10.5,10.5,1132.5,367.5,59.0,4.0,1.0,1.0,3.5,4.0,4.0,904.5,247.5,36.0,0.0,0.0,0.0,18.090546875,73.71304105056461,1013.9758480980744,1280.0,1856.0,256.0,0.131,92,15,74,1014.1,2.0,3.0,4.0,,
2022-10-25 17:03:13,52.389558333000004,13.03863,38.1,3.4432990550994877,3.641157627105713,3.641157627105713,23.847758293151852,27.43068122863769,27.48043918609619,27.48620128631592,27.490087509155273,7.0,11.0,11.0,1164.0,378.0,64.0,4.0,1.0,1.0,3.0,4.0,4.0,811.5,223.0,31.0,0.0,0.0,0.0,18.09826171875,73.6904136086408,1013.9759876236762,1664.0,2208.0,224.0,0.131,92,15,74,1014.1,2.0,3.0,4.0,,
2022-10-25 17:03:17,52.389548333,13.038665,40.8,3.445543646812439,3.643531084060669,3.643531084060669,23.863304138183594,27.448561668396,27.49835300445557,27.50411796569824,27.50800704956055,7.0,11.0,11.0,1170.0,380.0,70.0,3.0,0.0,0.0,3.5,3.5,3.5,777.0,214.5,23.0,0.0,0.0,0.0,18.118769531250006,73.64939667739948,1013.989650611284,1568.0,2080.0,448.0,0.131,92,15,74,1014.1,2.0,3.0,4.0,,
2022-10-25 17:03:20,52.389536667,13.038689999999999,43.6,3.431752562522888,3.628947734832764,3.628947734832764,23.76778984069824,27.33869743347168,27.38828945159912,27.39403057098389,27.39790439605713,7.0,11.0,11.0,1159.5,375.5,70.0,3.0,0.0,0.0,3.5,4.5,4.5,778.5,210.0,19.5,0.0,0.0,0.0,18.13908203125,73.6219884325055,1014.0013161849935,1696.0,2016.0,320.0,0.131,92,15,74,1014.1,2.0,3.0,4.0,,
2022-10-25 17:03:24,52.389518333000005,13.038711667000001,44.8,3.327910780906677,3.519138813018799,3.519138813018799,23.04859733581543,26.51145172119141,26.55954360961914,26.565110206604004,26.568866729736328,7.0,11.0,11.0,1149.0,371.0,70.0,3.0,0.0,0.0,3.5,4.0,4.5,766.5,199.5,20.5,1.0,1.0,0.0,18.16134765625,73.60853079133386,1014.0086583010417,1600.0,2240.0,480.0,0.131,92,15,74,1014.1,2.0,3.0,4.0,,
2022-10-25 17:03:24,52.389518333000005,13.038711667000001,44.8,3.2004361152648926,3.384339213371277,3.384339213371277,22.16572666168213,25.495938301086426,25.542187690734863,25.547542572021484,25.551154136657715,7.0,11.0,11.0,1179.0,379.0,66.0,4.0,0.0,0.0,4.0,4.0,5.0,720.0,200.5,21.0,2.0,2.0,0.0,18.17609375,73.58023194651952,1014.0320963971793,1760.0,2464.0,352.0,0.131,92,15,74,1014.1,2.0,3.0,4.0,,
2022-10-25 17:03:24,52.389518333000005,13.038711667000001,44.8,3.0482155084609985,3.223371744155884,3.223371744155884,21.11147117614746,24.283289909362797,24.327338218688965,24.332438468933105,24.335878372192386,7.0,11.0,11.0,1219.5,391.5,66.0,3.5,0.0,0.0,4.0,5.0,6.0,798.0,228.0,27.0,2.0,2.0,0.0,18.1673046875,73.58222854332296,1014.050290954541,1376.0,1856.0,224.0,0.131,92,15,74,1014.1,2.0,3.0,4.0,,
2022-10-25 17:03:34,52.389465,13.038795,37.7,2.9620836973190308,3.132290720939636,3.132290720939636,20.51493549346924,23.597129821777344,23.639934539794922,23.644890785217285,23.64823341369629,7.0,11.0,11.0,1260.0,404.0,66.0,3.0,0.0,0.0,5.0,5.5,7.0,861.0,257.5,38.0,2.0,2.0,0.0,18.13849609375,73.44478188110008,1014.0598132093448,2016.0,2688.0,352.0,0.131,92,15,74,1014.1,2.0,3.0,4.0,,
2022-10-25 17:03:38,52.389448333000004,13.03883,35.6,3.0965675115585327,3.274502158164978,3.274502158164978,21.446348190307614,24.668479919433594,24.71322822570801,24.718409538269047,24.721904754638672,8.0,12.0,12.0,1287.0,414.0,70.0,3.0,0.0,0.0,5.0,6.0,7.0,889.5,273.0,39.0,2.0,2.0,0.0,18.09748046875,73.25442255066507,1014.0584447595784,1824.0,2592.0,384.0,0.131,92,15,74,1014.1,2.0,3.0,4.0,,
2022-10-25 17:03:41,52.389438333,13.038856667000001,34.7,3.10740327835083,3.2859606742858887,3.2859606742858887,21.52139663696289,24.754802703857425,24.79970741271973,24.804905891418453,24.8084135055542,7.5,11.5,11.5,1296.0,417.0,73.0,2.5,0.0,0.0,5.0,5.5,6.5,892.5,266.0,33.0,2.0,2.0,0.0,18.05197265625,73.21312470150222,1014.0630707450392,1504.0,2048.0,416.0,0.131,92,15,74,1014.1,2.0,3.0,4.0,,
2022-10-25 17:03:45,52.389418333,13.038891667,32.7,3.0751930475234985,3.2518994808197017,3.2518994808197017,21.29831314086914,24.49820232391357,24.54264259338379,24.5477876663208,24.551258087158203,7.0,11.0,11.0,1305.0,420.0,76.0,2.0,0.0,0.0,4.0,5.0,6.0,886.5,254.0,36.5,2.0,2.0,0.0,18.01310546875,73.18310830295387,1014.072760165023,1536.0,2368.0,448.0,0.131,92,15,74,1014.1,2.0,3.0,4.0,,
2022-10-25 17:03:45,52.389418333,13.038891667,32.7,3.0934475660324097,3.2712029218673706,3.2712029218673706,21.42474174499512,24.64362621307373,24.68832874298096,24.69350433349609,24.69699668884277,7.5,11.5,11.5,1290.0,415.0,76.0,2.0,0.0,0.0,4.5,6.0,7.0,945.0,267.0,48.0,2.0,2.0,0.0,17.980097656250006,73.07584884053459,1014.0812057338343,1728.0,2272.0,352.0,0.131,92,15,74,1014.1,2.0,3.0,4.0,,
2022-10-25 17:03:51,52.389401667,13.038928333,34.3,3.0858219861984253,3.2631393671035767,3.2631393671035767,21.371928215026852,24.58287715911865,24.62747001647949,24.63263416290283,24.63611602783203,8.0,12.0,12.0,1305.0,421.0,75.0,1.5,0.0,0.0,4.0,5.5,7.0,927.0,253.5,41.0,2.0,2.0,0.0,17.9579296875,72.9703739889933,1014.0899140654776,1472.0,2304.0,384.0,0.131,92,15,74,1014.1,2.0,3.0,4.0,,
2022-10-25 17:03:55,52.389383333000005,13.038963333,33.9,3.05318546295166,3.228627443313598,3.228627443313598,21.145893096923828,24.322882652282715,24.36700344085693,24.372112274169922,24.375557899475094,8.0,12.0,12.0,1320.0,427.0,74.0,1.0,0.0,0.0,4.0,6.0,7.0,940.5,248.5,44.5,2.0,2.0,0.0,17.9505078125,72.89107118442126,1014.0927625766957,1664.0,2304.0,384.0,0.131,92,15,74,1014.1,2.0,3.0,4.0,,
2022-10-25 17:03:59,52.389366667,13.038998333,34.7,2.968144178390503,3.1386994123458862,3.1386994123458862,20.556909561157227,23.64541053771973,23.688302040100094,23.693267822265625,23.69661808013916,8.0,12.0,12.0,1347.0,436.0,76.0,1.0,0.0,0.0,5.0,6.5,7.0,970.5,263.5,56.5,1.0,1.0,0.0,17.951484375,72.80634429625795,1014.0918590043393,1760.0,2016.0,224.0,0.131,92,15,74,1014.1,2.0,3.0,4.0,,
2022-10-25 17:04:03,52.389363333,13.039016667,34.5,2.8907790184021,3.056888699531555,3.056888699531555,20.021090507507324,23.02908802032471,23.07086277008057,23.075698852539066,23.07896137237549,7.0,10.5,10.5,1330.5,431.5,74.0,1.0,0.0,0.0,4.5,6.5,6.5,958.5,260.5,54.5,0.0,0.0,0.0,17.96564453125,72.74750648297895,1014.1026184565393,1504.0,2208.0,384.0,0.129,92,15,75,1014.1,3.0,4.0,5.0,,
2022-10-25 17:04:06,52.389348333,13.039045,35.1,2.816111207008362,2.9779303073883057,2.9779303073883057,19.503952026367188,22.43425464630127,22.47494983673096,22.479660987854004,22.482839584350586,7.0,10.0,10.0,1314.0,427.0,72.0,1.0,0.0,0.0,4.5,6.0,6.0,894.0,240.5,48.5,0.0,0.0,0.0,17.98185546875,72.8688990806883,1014.1108936523193,1920.0,2752.0,544.0,0.129,92,15,75,1014.1,3.0,4.0,5.0,,
2022-10-25 17:04:06,52.389348333,13.039045,35.1,2.792137026786804,2.9525786638259888,2.9525786638259888,19.33791160583496,22.24326801300049,22.28361701965332,22.288288116455078,22.2914400100708,7.0,10.0,10.0,1320.0,429.0,66.0,1.0,0.0,0.0,5.0,6.0,6.0,964.5,263.0,52.5,0.0,0.0,0.0,18.0051953125,72.99489526835886,1014.1183475592154,1952.0,2752.0,384.0,0.129,92,15,75,1014.1,3.0,4.0,5.0,,
2022-10-25 17:04:13,52.389334999999996,13.039111667,33.3,2.743854641914368,2.9015216827392583,2.9015216827392583,19.00351428985596,21.858630180358887,21.89828109741211,21.90287208557129,21.90596866607666,7.5,10.5,10.5,1327.5,433.0,65.0,1.0,0.0,0.0,5.0,6.0,7.0,930.0,260.0,51.5,2.0,2.0,0.0,18.03791015625,73.05448355194801,1014.1236526012179,1536.0,2080.0,416.0,0.129,92,15,75,1014.1,3.0,4.0,5.0,,
2022-10-25 17:04:16,52.389336666999995,13.039145,32.6,2.802775263786316,2.9638279676437382,2.9638279676437382,19.41158962249756,22.328015327453613,22.36851692199707,22.37320709228516,22.37636947631836,8.0,11.0,11.0,1335.0,437.0,64.0,1.0,0.0,0.0,5.0,5.5,6.5,882.0,248.0,39.5,2.0,2.0,0.0,18.07697265625,73.05392168124699,1014.1234947182608,1824.0,2656.0,416.0,0.129,92,15,75,1014.1,3.0,4.0,5.0,,
2022-10-25 17:04:20,52.389340000000004,13.039181667000001,32.8,2.8519366979599,3.0158145427703857,3.0158145427703857,19.7520751953125,22.71965503692627,22.76086902618408,22.765640258789066,22.768857955932614,8.0,10.0,10.0,1380.0,454.0,68.0,0.0,0.0,0.0,5.0,5.0,6.0,877.5,253.0,36.0,2.0,2.0,0.0,18.1200390625,73.02001547104284,1014.1282474808254,1856.0,2624.0,480.0,0.129,92,15,75,1014.1,3.0,4.0,5.0,,
2022-10-25 17:04:24,52.389346667,13.039221667,33.2,2.8437238931655884,3.007129669189453,3.007129669189453,19.69519329071045,22.65422821044922,22.695322036743164,22.700079917907715,22.70328998565674,7.5,10.0,10.5,1354.5,444.5,68.0,0.5,0.5,0.5,4.5,5.0,6.0,862.5,242.0,25.5,2.0,2.0,0.0,18.1618359375,72.99610617985928,1014.1417904144788,1664.0,2208.0,416.0,0.129,92,15,75,1014.1,3.0,4.0,5.0,,
2022-10-25 17:04:27,52.38935,13.039248333,33.5,2.7580816745758057,2.916566252708435,2.916566252708435,19.102048873901367,21.971967697143555,22.01182556152344,22.01643943786621,22.01955223083496,7.0,10.0,11.0,1329.0,435.0,68.0,1.0,1.0,1.0,4.0,4.0,5.5,793.5,219.5,21.0,2.0,2.0,0.0,18.2003125,72.94448877326641,1014.1448352392887,1632.0,2304.0,192.0,0.129,92,15,75,1014.1,3.0,4.0,5.0,,
2022-10-25 17:04:27,52.38935,13.039248333,33.5,2.70024573802948,2.8554069995880127,2.8554069995880127,18.701485633850094,21.511223793029785,21.550244331359863,21.554762840271,21.55781078338623,7.0,10.0,10.0,1335.0,435.0,72.0,1.0,1.0,1.0,3.5,4.5,4.5,790.5,219.0,24.0,0.0,0.0,0.0,18.236640625,72.88914279820108,1014.143499290647,1504.0,2016.0,352.0,0.129,92,15,75,1014.1,3.0,4.0,5.0,,
2022-10-25 17:04:34,52.38935,13.039344999999999,36.8,2.661484956741333,2.8144190311431885,2.8144190311431885,18.433034896850586,21.202441215515137,21.240901947021484,21.2453556060791,21.248358726501465,6.5,9.5,10.0,1300.5,423.5,70.0,1.0,1.0,1.0,4.0,5.0,5.0,816.0,227.5,27.0,0.0,0.0,0.0,18.26984375,72.81632959489451,1014.1328245707514,1824.0,2400.0,448.0,0.129,92,15,75,1014.1,3.0,4.0,5.0,,
2022-10-25 17:04:38,52.38935,13.039355,36.3,2.62319815158844,2.7739320993423457,2.7739320993423457,18.167865753173828,20.897433280944824,20.935340881347656,20.93972969055176,20.942689895629886,6.0,9.0,10.0,1266.0,412.0,68.0,1.0,1.0,1.0,4.0,5.0,5.5,823.5,229.5,28.0,1.0,1.0,0.0,18.29904296875,72.67841037598899,1014.1431970093344,1376.0,2272.0,416.0,0.129,92,15,75,1014.1,3.0,4.0,5.0,,
2022-10-25 17:04:41,52.389353333,13.039396667,33.3,2.5347721576690674,2.68042516708374,2.68042516708374,17.555441856384274,20.19299793243408,20.22962760925293,20.233867645263672,20.23672866821289,7.0,10.0,11.0,1335.0,429.0,74.0,1.0,1.0,1.0,5.0,6.0,7.0,844.5,245.0,29.0,2.0,2.0,0.0,18.3159375,72.57931794560108,1014.1358243603121,1408.0,1952.0,288.0,0.129,92,15,75,1014.1,3.0,4.0,5.0,,
2022-10-25 17:04:45,52.389359999999996,13.039441667,33.5,2.509283304214477,2.65347158908844,2.65347158908844,17.37890911102295,19.98994255065918,20.026203155517575,20.030402183532715,20.03323459625244,7.0,10.0,11.0,1323.0,423.0,78.0,1.0,1.0,1.0,4.0,5.0,6.0,858.0,252.5,36.5,4.0,2.0,0.0,18.3239453125,72.40426547025298,1014.1314139978602,1664.0,1920.0,288.0,0.129,92,15,75,1014.1,3.0,4.0,5.0,,
2022-10-25 17:04:45,52.389359999999996,13.039441667,33.5,2.4598296880722046,2.6011762619018555,2.6011762619018555,17.036401748657227,19.59597587585449,19.63152313232422,19.63563823699951,19.63841438293457,7.0,10.0,11.0,1311.0,417.0,82.0,1.0,1.0,1.0,4.5,5.5,6.5,867.0,255.5,31.0,4.0,2.0,0.0,18.33927734375,72.2914824186216,1014.1231422997637,1952.0,2592.0,416.0,0.129,92,15,75,1014.1,3.0,4.0,5.0,,
2022-10-25 17:04:45,52.389359999999996,13.039441667,33.5,2.437084197998047,2.5771238803863525,2.5771238803863525,16.878870010375973,19.41477680206299,19.44999408721924,19.454071044921875,19.456822395324707,6.0,10.0,10.0,1308.0,414.0,80.0,1.0,1.0,1.0,3.5,4.5,6.0,849.0,251.5,28.0,4.0,2.0,0.0,18.36134765625,72.25772440665162,1014.1175828815117,1280.0,1920.0,288.0,0.129,92,15,75,1014.1,3.0,4.0,5.0,,
2022-10-25 17:04:55,52.389405,13.039543333,25.0,2.464276075363159,2.6058781147003174,2.6058781147003174,17.067195892333984,19.631397247314453,19.66700839996338,19.671131134033203,19.67391300201416,6.0,10.0,10.5,1311.0,415.0,80.0,1.5,1.0,1.0,3.0,4.0,5.5,837.0,240.5,25.0,4.0,2.0,0.0,18.38166015625,72.20337027164146,1014.1099654152839,1696.0,2272.0,384.0,0.129,92,15,75,1014.1,3.0,4.0,5.0,,
2022-10-25 17:04:59,52.38942,13.039583333,26.2,2.4887663125991817,2.631775736808777,2.631775736808777,17.236812591552734,19.82649707794189,19.86246109008789,19.86662578582764,19.869434356689453,6.0,10.0,11.0,1314.0,416.0,80.0,2.0,1.0,1.0,5.0,6.0,7.0,873.0,247.0,31.0,4.0,2.0,0.0,18.40353515625,72.22716720224382,1014.1065930759894,1664.0,2400.0,416.0,0.129,92,15,75,1014.1,3.0,4.0,5.0,,
2022-10-25 17:05:03,52.389425,13.039633333,29.3,2.692063093185425,2.846754312515259,2.846754312515259,18.644814491271973,21.4460391998291,21.484941482543945,21.489444732666016,21.492483139038086,7.0,11.0,12.0,1290.0,408.0,76.0,2.0,1.0,1.0,5.0,5.0,6.0,901.5,255.0,26.5,2.0,2.0,0.0,18.42658203125,72.25454155614705,1014.0942548456418,1472.0,2240.0,320.0,0.124,92,15,74,1014.0,2.0,4.0,5.0,,
2022-10-25 17:05:06,52.389428333000005,13.039663333,28.4,2.79839825630188,2.9591996669769287,2.9591996669769287,19.381275177001953,22.293147087097168,22.333585739135746,22.338268280029297,22.34142589569092,7.0,11.0,12.5,1276.5,404.0,83.0,3.5,1.5,1.0,4.0,4.0,5.5,880.5,253.0,30.0,2.0,2.0,0.0,18.4508984375,72.20759900193991,1014.0806511425424,1888.0,2528.0,384.0,0.124,92,15,74,1014.0,2.0,4.0,5.0,,
2022-10-25 17:05:06,52.389428333000005,13.039663333,28.4,2.901759386062622,3.06850004196167,3.06850004196167,20.09713840484619,23.116562843322754,23.15849494934082,23.163350105285645,23.166625022888184,7.0,11.0,13.0,1263.0,400.0,90.0,5.0,2.0,1.0,4.5,5.0,6.0,904.5,256.5,30.5,2.0,2.0,0.0,18.47169921875,72.18380981803122,1014.0671235936228,1760.0,2560.0,352.0,0.124,92,15,74,1014.0,2.0,4.0,5.0,,
2022-10-25 17:05:12,52.389445,13.039706667,31.4,3.0127114057540894,3.185827612876892,3.185827612876892,20.86557483673096,24.00044918060303,24.043986320495605,24.04902648925781,24.05242729187012,7.0,12.0,14.0,1275.0,400.0,100.0,8.0,2.0,1.0,4.5,5.5,6.5,897.0,260.5,40.0,3.0,1.0,0.0,18.477265625,72.13728683521906,1014.0536603453623,1536.0,2208.0,480.0,0.124,92,15,74,1014.0,2.0,4.0,5.0,,
2022-10-25 17:05:16,52.389448333000004,13.039713333,33.3,3.043473243713379,3.2183570861816406,3.2183570861816406,21.07862663269043,24.24551010131836,24.289491653442386,24.29458332061768,24.29801845550537,7.0,12.0,13.5,1278.0,402.0,100.0,7.5,1.5,0.5,4.0,5.0,6.0,841.5,249.0,38.5,3.0,1.0,0.0,18.46359375,72.11818584777647,1014.0437290669124,1952.0,2560.0,448.0,0.124,92,15,74,1014.0,2.0,4.0,5.0,,
2022-10-25 17:05:20,52.389468333,13.039719999999999,34.4,3.0636374950408936,3.239680051803589,3.239680051803589,21.218280792236328,24.406147003173828,24.450419425964355,24.455544471740726,24.45900249481201,7.0,12.0,13.0,1281.0,404.0,100.0,7.0,1.0,0.0,4.0,4.0,6.0,837.0,246.5,38.5,4.0,2.0,0.0,18.44318359375,72.0980170503986,1014.0428174480894,1792.0,2528.0,512.0,0.124,92,15,74,1014.0,2.0,4.0,5.0,,
2022-10-25 17:05:24,52.389493333000004,13.039723333,36.1,3.0256080627441406,3.199465274810791,3.199465274810791,20.954894065856934,24.10318946838379,24.14691162109375,24.151973724365234,24.155388832092285,7.0,12.0,13.0,1254.0,398.0,92.0,8.0,2.0,0.0,4.0,4.0,6.0,880.5,246.5,31.0,4.0,2.0,0.0,18.431269531250006,72.09951080874208,1014.044994483534,1568.0,2208.0,416.0,0.124,92,15,74,1014.0,2.0,4.0,5.0,,
2022-10-25 17:05:27,52.389513333000004,13.039738332999999,37.6,2.8776955604553223,3.0430535078048706,3.0430535078048706,19.930476188659668,22.92486000061035,22.96644592285156,22.971261024475094,22.97450828552246,7.0,11.5,12.5,1239.0,394.0,88.0,8.0,2.0,0.0,4.0,4.5,6.0,904.5,252.5,35.0,4.0,2.0,0.0,18.41935546875,72.05023389689319,1014.0329272566388,1792.0,2528.0,320.0,0.124,92,15,74,1014.0,2.0,4.0,5.0,,
2022-10-25 17:05:27,52.389513333000004,13.039738332999999,37.6,2.7685521841049194,2.927638411521912,2.927638411521912,19.1745662689209,22.05537986755371,22.095388412475586,22.100021362304688,22.103145599365234,7.0,11.0,12.0,1224.0,390.0,84.0,8.0,2.0,0.0,4.5,5.5,6.5,930.0,259.0,40.0,2.0,2.0,0.0,18.40578125,71.93642345643605,1014.02566811234,1728.0,2400.0,384.0,0.124,92,15,74,1014.0,2.0,4.0,5.0,,
2022-10-25 17:05:34,52.38958,13.03975,34.7,2.617326855659485,2.7677234411239624,2.7677234411239624,18.1272029876709,20.85066032409668,20.88848304748535,20.89286231994629,20.8958158493042,7.0,11.0,12.0,1149.0,371.0,84.0,9.0,3.0,1.0,4.5,6.0,6.5,942.0,261.0,36.5,1.0,1.0,0.0,18.39220703125,71.96133583951858,1014.0217597387635,1536.0,2112.0,256.0,0.124,92,15,74,1014.0,2.0,4.0,5.0,,
2022-10-25 17:05:37,52.389596667,13.039763333,33.2,2.5212841033935547,2.6661618947982793,2.6661618947982793,17.46202564239502,20.08554553985596,20.121980667114254,20.126198768615726,20.12904453277588,7.0,11.0,12.0,1149.0,372.0,80.0,9.0,3.0,1.0,5.0,6.0,7.0,999.0,269.5,36.0,2.0,2.0,0.0,18.3784375,72.06404913931998,1014.02590735118,1952.0,2464.0,352.0,0.124,92,15,74,1014.0,2.0,4.0,5.0,,
2022-10-25 17:05:41,52.389616667,13.03978,32.5,2.469762325286865,2.6116796731948853,2.6116796731948853,17.105193138122562,19.67510223388672,19.710793495178226,19.71492576599121,19.717713356018066,7.0,11.0,12.0,1149.0,373.0,76.0,9.0,3.0,1.0,4.5,6.0,7.0,972.0,268.5,38.0,2.0,2.0,0.0,18.374921875,72.18875596038326,1014.0142565338562,1408.0,2144.0,288.0,0.124,92,15,74,1014.0,2.0,4.0,5.0,,
2022-10-25 17:05:45,52.389626666999995,13.039791667000001,35.2,2.478309273719788,2.620717763900757,2.620717763900757,17.16438865661621,19.743191719055176,19.779006004333496,19.78315258026123,19.78594970703125,5.0,9.0,11.0,1125.0,365.0,76.0,9.0,3.0,1.0,4.0,5.0,6.0,889.5,247.5,34.5,2.0,2.0,0.0,18.38556640625,72.25140967996167,1013.9991010783756,1696.0,2368.0,448.0,0.124,92,15,74,1014.0,2.0,4.0,5.0,,
2022-10-25 17:05:48,52.389631666999996,13.0398,37.2,2.5233395099639893,2.668335437774658,2.668335437774658,17.476261138916016,20.10192012786865,20.138383865356445,20.142605781555176,20.14545440673828,5.0,9.0,11.0,1107.0,359.0,73.0,9.0,3.5,1.0,3.5,3.5,4.5,850.5,233.5,21.0,2.0,2.0,0.0,18.4044140625,72.25101767290809,1013.9748233338347,1728.0,2464.0,448.0,0.124,92,15,74,1014.0,2.0,4.0,5.0,,
2022-10-25 17:05:48,52.389631666999996,13.0398,37.2,2.555363655090332,2.702199697494507,2.702199697494507,17.698055267333984,20.35703659057617,20.39396381378174,20.398239135742188,20.401123046875,6.0,10.0,12.0,1089.0,353.0,70.0,9.0,4.0,1.0,4.0,5.0,6.0,826.5,229.5,30.0,2.0,2.0,0.0,18.42169921875,72.21989248467959,1013.964728612926,1728.0,2400.0,320.0,0.124,92,15,74,1014.0,2.0,4.0,5.0,,
2022-10-25 17:05:55,52.389643333,13.039823333,44.1,2.6158117055892944,2.7661212682724,2.7661212682724,18.116708755493164,20.838589668273926,20.87639045715332,20.88076686859131,20.883718490600586,6.0,9.0,11.0,1026.0,332.0,66.0,9.0,4.0,1.0,3.5,4.0,4.0,781.5,228.0,27.0,0.0,0.0,0.0,18.421503906250006,72.17583377951851,1013.9510014700502,1536.0,2368.0,448.0,0.124,92,15,74,1014.0,2.0,4.0,5.0,,
2022-10-25 17:05:59,52.389665,13.03985,46.9,2.7104440927505493,2.8661913871765137,2.8661913871765137,18.77211856842041,21.592469215393066,21.63163661956787,21.6361722946167,21.639230728149414,6.0,9.0,11.0,1042.5,336.5,63.0,8.0,3.5,1.0,4.0,5.0,5.0,819.0,231.0,29.0,0.0,0.0,0.0,18.41193359375,72.00845067110197,1013.948657620646,1696.0,2336.0,352.0,0.124,92,15,74,1014.0,2.0,4.0,5.0,,
2022-10-25 17:06:02,52.389676666999996,13.039875,47.2,2.851064443588257,3.014892101287842,3.014892101287842,19.746033668518066,22.71270656585693,22.75390625,22.75867748260498,22.76189517974853,6.0,9.0,11.0,1059.0,341.0,60.0,7.0,3.0,1.0,3.5,4.0,4.0,874.5,242.5,28.0,0.0,0.0,0.0,18.3958203125,71.7657851774642,1013.9497886517228,1568.0,2304.0,416.0,0.11599999999999999,93,15,73,1014.0,3.0,4.0,5.0,,
2022-10-25 17:06:06,52.389695,13.039925,49.8,2.976660132408142,3.147704720497132,3.147704720497132,20.61588954925537,23.713250160217285,23.75626564025879,23.76124668121338,23.764606475830078,6.0,8.0,9.0,984.0,318.0,48.0,4.0,3.0,1.0,4.5,5.0,5.0,964.5,263.5,31.5,0.0,0.0,0.0,18.35392578125,71.58009585176906,1013.9545670213156,1792.0,2528.0,256.0,0.11599999999999999,93,15,73,1014.0,3.0,4.0,5.0,,
2022-10-25 17:06:06,52.389695,13.039925,49.8,3.021331667900085,3.194943189620972,3.194943189620972,20.925277709960934,24.069122314453125,24.11278343200684,24.11783790588379,24.121248245239254,6.0,8.0,9.5,999.0,320.0,46.0,4.0,3.0,1.0,5.0,5.5,5.5,1068.0,285.5,27.0,0.0,0.0,0.0,18.300703125,71.46704353005791,1013.954933159236,2016.0,2720.0,288.0,0.11599999999999999,93,15,73,1014.0,3.0,4.0,5.0,,
2022-10-25 17:06:06,52.389695,13.039925,49.8,3.1205291748046875,3.299840807914734,3.299840807914734,21.6123046875,24.8593692779541,24.90446376800537,24.90968513488769,24.913207054138184,6.0,8.0,10.0,1014.0,322.0,44.0,4.0,3.0,1.0,5.5,6.0,6.0,1107.0,291.5,26.0,0.0,0.0,0.0,18.23302734375,71.43276423974817,1013.9524373526407,1440.0,1920.0,192.0,0.11599999999999999,93,15,73,1014.0,3.0,4.0,5.0,,
2022-10-25 17:06:16,52.389775,13.040036667,45.1,3.313395500183105,3.50378954410553,3.50378954410553,22.94806671142578,26.39581871032715,26.44369983673096,26.44924354553223,26.452982902526852,6.0,8.0,9.0,1026.0,322.0,46.0,3.0,2.0,1.0,5.0,5.5,5.5,1107.0,299.5,25.0,0.0,0.0,0.0,18.16193359375,71.52282763984809,1013.9375958113519,1952.0,2592.0,480.0,0.11599999999999999,93,15,73,1014.0,3.0,4.0,5.0,,
2022-10-25 17:06:20,52.389796667,13.040043333,47.7,3.40165114402771,3.597116589546204,3.597116589546204,23.55931186676025,27.09889793395996,27.148054122924805,27.15374565124512,27.15758514404297,6.0,8.5,9.5,1029.0,323.0,51.0,3.5,2.0,1.0,6.0,7.0,7.0,1149.0,317.5,25.0,0.0,0.0,0.0,18.09669921875,71.67125721253636,1013.9365677125394,1824.0,2656.0,320.0,0.11599999999999999,93,15,73,1014.0,3.0,4.0,5.0,,
2022-10-25 17:06:23,52.389806666999995,13.040045,51.0,3.4889799356460567,3.689463376998901,3.689463376998901,24.16413688659668,27.79459285736084,27.845011711120605,27.850849151611328,27.85478687286377,6.0,9.0,10.0,1032.0,324.0,56.0,4.0,2.0,1.0,6.0,7.0,7.0,1156.5,328.5,29.5,0.0,0.0,0.0,18.04494140625,71.78811008922935,1013.9284007320113,1664.0,2176.0,224.0,0.11599999999999999,93,15,73,1014.0,3.0,4.0,5.0,,
2022-10-25 17:06:27,52.389823333,13.040053333,49.1,3.574197649955749,3.7795779705047607,3.7795779705047607,24.754343032836914,28.47347164154053,28.52512168884277,28.53110122680664,28.535136222839355,6.0,8.0,9.0,1008.0,314.0,52.0,3.0,1.0,0.0,6.0,6.5,6.5,1161.0,332.0,33.5,0.0,0.0,0.0,17.99240234375,71.91841562218715,1013.9247976910497,1600.0,2368.0,288.0,0.11599999999999999,93,15,73,1014.0,3.0,4.0,5.0,,
2022-10-25 17:06:27,52.389823333,13.040053333,49.1,3.6529253721237183,3.8628294467926025,3.8628294467926025,25.29959774017334,29.10064697265625,29.153435707092285,29.159546852111816,29.16367053985596,6.0,8.5,9.5,1033.5,323.5,55.0,3.0,1.0,0.0,5.5,6.5,7.5,1155.0,320.0,42.0,2.0,2.0,0.0,17.93869140625,72.06890746955636,1013.9259514697743,2016.0,2912.0,576.0,0.11599999999999999,93,15,73,1014.0,3.0,4.0,5.0,,
2022-10-25 17:06:33,52.389845,13.04007,55.8,3.625502705574036,3.8338311910629272,3.8338311910629272,25.10967445373535,28.882187843322754,28.934579849243164,28.940646171569824,28.94473743438721,6.0,9.0,10.0,1059.0,333.0,58.0,3.0,1.0,0.0,5.5,7.0,8.0,1176.0,322.0,45.0,2.0,2.0,0.0,17.885761718749997,72.20945699935848,1013.9233555379907,1472.0,2272.0,384.0,0.11599999999999999,93,15,73,1014.0,3.0,4.0,5.0,,
2022-10-25 17:06:37,52.389858333,13.040065,57.5,3.6189908981323238,3.8269450664520255,3.8269450664520255,25.064574241638184,28.83031177520752,28.882609367370605,28.88866424560547,28.892749786376953,7.0,10.0,11.0,1122.0,354.0,60.0,4.0,2.0,1.0,5.0,6.0,7.0,1170.0,317.0,48.0,2.0,2.0,0.0,17.838398437499997,72.31370968925174,1013.9232174206695,1824.0,2240.0,384.0,0.11599999999999999,93,15,73,1014.0,3.0,4.0,5.0,,
2022-10-25 17:06:41,52.389876666999996,13.040068332999999,59.1,3.6112661361694336,3.818776488304138,3.818776488304138,25.011073112487797,28.76877403259277,28.82096004486084,28.827001571655273,28.831077575683594,7.0,10.0,11.5,1150.5,363.5,62.0,4.0,2.0,1.5,5.0,6.0,7.0,1146.0,312.0,42.0,2.0,2.0,0.0,17.7946484375,72.4084144714098,1013.9306933341996,1792.0,2432.0,352.0,0.11599999999999999,93,15,73,1014.0,3.0,4.0,5.0,,
2022-10-25 17:06:45,52.389876666999996,13.040068332999999,59.2,3.701027274131775,3.913695335388184,3.913695335388184,25.63274478912353,29.483845710754395,29.53732872009277,29.5435209274292,29.54769802093506,7.0,10.0,12.0,1179.0,373.0,64.0,4.0,2.0,2.0,4.0,6.0,7.0,1032.0,285.0,34.0,2.0,2.0,0.0,17.74240234375,72.50181260213141,1013.93755923375,1536.0,1920.0,384.0,0.11599999999999999,93,15,73,1014.0,3.0,4.0,5.0,,
2022-10-25 17:06:48,52.389876666999996,13.040068332999999,59.6,3.7868199348449703,4.0044180154800415,4.0044180154800415,26.22693061828613,30.167304039001465,30.222026824951172,30.22836303710937,30.23263645172119,8.0,11.0,13.0,1248.0,396.0,74.0,4.0,2.0,2.0,4.5,5.5,5.5,993.0,284.0,28.0,0.0,0.0,0.0,17.69455078125,72.64341500587983,1013.9340749303709,1760.0,2048.0,288.0,0.11599999999999999,93,15,73,1014.0,3.0,4.0,5.0,,
2022-10-25 17:06:48,52.389876666999996,13.040068332999999,59.6,3.828782558441162,4.0487918853759775,4.0487918853759775,26.517558097839355,30.50159549713135,30.55692481994629,30.56333065032959,30.567652702331547,7.5,10.5,12.5,1225.5,388.5,69.5,3.5,2.0,2.0,5.5,6.5,6.5,1003.5,299.5,33.0,0.0,0.0,0.0,17.6555859375,72.7763278009316,1013.9368494701997,1984.0,2592.0,480.0,0.11599999999999999,93,15,73,1014.0,3.0,4.0,5.0,,
2022-10-25 17:06:55,52.389885,13.040075,59.1,3.8617631196975712,4.083667516708373,4.083667516708373,26.74597644805908,30.764331817626953,30.820137977600094,30.82659912109375,30.83095741271973,7.0,10.0,12.0,1203.0,381.0,65.0,3.0,2.0,2.0,5.5,6.5,6.5,1003.5,297.0,30.0,0.0,0.0,0.0,17.6262890625,72.88708344022885,1013.9454995790364,1600.0,2176.0,352.0,0.11599999999999999,93,15,73,1014.0,3.0,4.0,5.0,,
2022-10-25 17:06:58,52.389905,13.040096667,58.8,3.793213486671448,4.0111788511276245,4.0111788511276245,26.27121162414551,30.21823787689209,30.27305316925049,30.279398918151852,30.28368091583252,7.0,10.0,12.0,1191.0,375.0,63.0,3.0,2.0,2.0,5.0,6.0,6.0,954.0,280.5,31.0,0.0,0.0,0.0,17.603046875,72.99205860007517,1013.9415252255659,1888.0,2592.0,416.0,0.11599999999999999,93,15,73,1014.0,3.0,4.0,5.0,,
2022-10-25 17:07:02,52.389921666999996,13.040126667000001,54.9,3.666669487953186,3.877363443374634,3.877363443374634,25.39478874206543,29.21013927459717,29.2631254196167,29.26926040649414,29.27339839935303,7.0,10.0,11.5,1176.0,374.0,63.0,3.0,2.0,2.0,5.5,6.0,6.0,1062.0,307.0,32.5,0.0,0.0,0.0,17.59005859375,73.10210151218652,1013.9460712878283,1728.0,2368.0,512.0,0.11199999999999999,93,15,73,1014.0,3.0,4.0,5.0,,
2022-10-25 17:07:06,52.389953333,13.040156667,52.4,3.5379903316497803,3.7412900924682617,3.7412900924682617,24.503576278686523,28.18502902984619,28.23615646362305,28.24207592010498,28.24606895446777,7.0,10.0,11.0,1161.0,373.0,63.0,3.0,2.0,2.0,7.0,7.5,7.5,1171.5,343.0,34.0,0.0,0.0,0.0,17.58625,73.15587215062727,1013.9431448426593,1600.0,2368.0,384.0,0.11199999999999999,93,15,73,1014.0,3.0,4.0,5.0,,
2022-10-25 17:07:06,52.389953333,13.040156667,52.4,3.3475043773651123,3.5398584604263306,3.5398584604263306,23.18429946899414,26.667543411254886,26.71591663360596,26.72151851654053,26.725295066833496,7.0,10.0,12.0,1182.0,384.0,69.0,4.0,3.0,3.0,7.0,7.5,7.5,1198.5,346.0,33.0,0.0,0.0,0.0,17.58986328125,73.17344199432762,1013.9507701652507,1536.0,2080.0,256.0,0.11199999999999999,93,15,73,1014.0,3.0,4.0,5.0,,
2022-10-25 17:07:06,52.389953333,13.040156667,52.4,3.2797964811325078,3.4682599306106567,3.4682599306106567,22.715365409851074,26.12815570831299,26.175552368164066,26.181039810180664,26.18474102020264,7.0,10.0,12.5,1209.0,392.0,66.0,4.0,3.5,3.0,7.0,8.0,8.0,1224.0,355.0,34.5,0.0,0.0,0.0,17.60744140625,73.1388506130841,1013.9412325540272,1536.0,1888.0,160.0,0.11199999999999999,93,15,73,1014.0,3.0,4.0,5.0,,
2022-10-25 17:07:16,52.39002,13.040208332999999,56.4,3.315995931625366,3.5065394639968868,3.5065394639968868,22.966076850891113,26.416534423828125,26.464452743530273,26.470001220703125,26.473743438720703,7.0,10.0,13.0,1236.0,400.0,63.0,4.0,4.0,3.0,8.0,8.5,8.5,1359.0,383.0,32.0,0.0,0.0,0.0,17.632441406250006,73.05787099535897,1013.9363864614073,1696.0,2144.0,160.0,0.11199999999999999,93,15,73,1014.0,3.0,4.0,5.0,,
2022-10-25 17:07:20,52.390021667,13.040208332999999,57.2,3.3074414730072017,3.4974935054779053,3.4974935054779053,22.90682983398437,26.34838676452637,26.3961820602417,26.40171527862549,26.405447959899906,7.0,10.0,13.0,1209.0,393.0,61.0,4.0,4.0,3.0,7.5,8.0,8.0,1311.0,371.5,26.0,0.0,0.0,0.0,17.6442578125,72.95784234295883,1013.931581028333,1920.0,2720.0,384.0,0.11199999999999999,93,15,73,1014.0,3.0,4.0,5.0,,
2022-10-25 17:07:23,52.390028333000004,13.040218333,52.3,3.298302412033081,3.4878292083740234,3.4878292083740234,22.84353542327881,26.275580406188965,26.32324504852295,26.32876205444336,26.33248519897461,7.0,10.0,14.0,1198.5,389.5,61.0,6.5,5.5,3.0,6.0,7.0,7.0,1149.0,325.0,23.0,0.0,0.0,0.0,17.6440625,72.91706226543381,1013.9312593320557,1696.0,2240.0,352.0,0.11199999999999999,93,15,73,1014.0,3.0,4.0,5.0,,
2022-10-25 17:07:27,52.390078333000005,13.040243333,49.6,3.3199779987335205,3.510750293731689,3.510750293731689,22.993656158447266,26.448256492614746,26.496232986450195,26.50178813934326,26.505534172058105,7.0,10.0,15.0,1188.0,386.0,61.0,9.0,7.0,3.0,5.5,6.5,6.5,1066.5,297.0,24.0,0.0,0.0,0.0,17.63224609375,72.9729168335832,1013.9343911065117,1856.0,2464.0,480.0,0.11199999999999999,93,15,73,1014.0,3.0,4.0,5.0,,
2022-10-25 17:07:27,52.390078333000005,13.040243333,49.6,3.3300075531005864,3.521356225013733,3.521356225013733,23.06311893463135,26.52815723419189,26.57627773284912,26.58184909820557,26.585607528686523,7.0,10.0,14.0,1152.0,376.0,61.0,9.0,6.0,2.0,5.0,5.5,5.5,997.5,278.0,22.5,0.0,0.0,0.0,17.61271484375,73.09890719262752,1013.9340196138032,1632.0,2304.0,384.0,0.11199999999999999,93,15,73,1014.0,3.0,4.0,5.0,,
2022-10-25 17:07:33,52.390136667,13.040298332999999,47.1,3.2131547927856445,3.3977888822555538,3.3977888822555538,22.25381565093994,25.59726142883301,25.643693923950195,25.649069786071774,25.65269756317139,7.0,10.0,13.5,1158.0,378.0,62.0,8.5,5.5,1.5,5.0,5.5,5.5,880.5,260.0,30.5,0.0,0.0,0.0,17.5977734375,73.21209668003623,1013.9395332007097,1536.0,2144.0,320.0,0.11199999999999999,93,15,73,1014.0,3.0,4.0,5.0,,
2022-10-25 17:07:37,52.390165,13.040316667,47.3,3.178085684776306,3.3607046604156494,3.3607046604156494,22.010931968688965,25.31788730621338,25.363813400268555,25.36913013458252,25.37271785736084,7.0,10.0,13.0,1164.0,380.0,63.0,8.0,5.0,1.0,5.0,6.0,6.0,909.0,264.5,44.0,0.0,0.0,0.0,17.5829296875,73.27093730191437,1013.9519005084604,1824.0,2336.0,416.0,0.11199999999999999,93,15,73,1014.0,3.0,4.0,5.0,,
2022-10-25 17:07:41,52.39017,13.040321667,47.6,3.1640896797180176,3.3459044694900517,3.3459044694900517,21.913997650146484,25.206388473510746,25.25211238861084,25.25740718841553,25.26097774505615,7.0,10.0,13.0,1152.0,374.0,53.0,9.0,5.0,1.0,5.0,6.0,6.0,948.0,272.0,45.0,0.0,0.0,0.0,17.576484375,73.3515429221195,1013.94797770067,1760.0,2400.0,416.0,0.11199999999999999,93,15,73,1014.0,3.0,4.0,5.0,,
2022-10-25 17:07:44,52.390173333,13.040325,47.3,3.055106401443481,3.2306586503982544,3.2306586503982544,21.15919589996338,24.33818531036377,24.382333755493164,24.3874454498291,24.39089298248291,7.0,10.0,13.0,1167.0,380.0,53.0,9.0,5.0,1.0,5.0,6.0,6.0,958.5,272.5,38.0,0.0,0.0,0.0,17.5911328125,73.37768995891136,1013.9428200703207,1664.0,2528.0,448.0,0.11199999999999999,93,15,73,1014.0,3.0,4.0,5.0,,
2022-10-25 17:07:48,52.390191666999996,13.04035,47.8,2.9150633811950684,3.0825684070587163,3.0825684070587163,20.189279556274414,23.22254657745361,23.26467227935791,23.26954936981201,23.272838592529297,7.0,10.0,13.0,1182.0,386.0,53.0,9.0,5.0,1.0,5.0,6.0,6.0,999.0,279.5,36.0,0.0,0.0,0.0,17.6034375,73.28780552631999,1013.93882150707,1792.0,2048.0,384.0,0.11199999999999999,93,15,73,1014.0,3.0,4.0,5.0,,
2022-10-25 17:07:48,52.390191666999996,13.04035,47.8,2.8603999614715576,3.0247639417648315,3.0247639417648315,19.810688972473145,22.78707599639893,22.828411102294922,22.833197593688965,22.83642578125,7.0,10.0,13.0,1164.0,384.0,55.0,9.0,5.0,1.0,5.0,5.5,5.5,979.5,264.0,33.5,0.0,0.0,0.0,17.6130078125,73.23491918898976,1013.9361758287304,1984.0,2880.0,544.0,0.11199999999999999,93,15,73,1014.0,3.0,4.0,5.0,,
2022-10-25 17:07:55,52.390213333,13.040368333,52.7,2.915391206741333,3.0829151868820186,3.0829151868820186,20.191551208496094,23.22515869140625,23.26728820800781,23.27216625213623,23.27545738220215,7.0,10.0,13.0,1176.0,388.0,56.0,9.0,5.0,1.0,4.0,5.0,5.0,919.5,243.0,25.0,0.0,0.0,0.0,17.62765625,73.2780593696902,1013.9418939261681,1824.0,2368.0,448.0,0.11199999999999999,93,15,73,1014.0,3.0,4.0,5.0,,
2022-10-25 17:07:58,52.390221667,13.040381667,53.6,3.061048746109009,3.236942410469055,3.236942410469055,21.20035171508789,24.385523796081547,24.42975902557373,24.43488025665283,24.438335418701172,7.0,10.0,13.0,1188.0,392.0,57.0,9.0,5.0,1.0,4.0,5.0,5.0,934.5,246.0,28.0,0.0,0.0,0.0,17.6325390625,73.3570714011835,1013.9365473393248,1824.0,2688.0,544.0,0.11199999999999999,93,15,73,1014.0,3.0,4.0,5.0,,
2022-10-25 17:08:02,52.390241667,13.040410000000001,52.4,3.1422892808914185,3.322851300239563,3.322851300239563,21.76301097869873,25.032718658447266,25.078126907348636,25.08338451385498,25.08693122863769,7.0,10.0,12.0,1161.0,379.0,53.0,8.0,4.0,0.0,5.0,5.0,5.0,936.0,250.5,34.0,0.0,0.0,0.0,17.6282421875,73.3665923038119,1013.9277963136043,1920.0,2464.0,416.0,0.11199999999999999,93,15,73,1014.0,3.0,4.0,5.0,,
2022-10-25 17:08:06,52.390263333,13.04043,52.8,3.1898415088653564,3.3731359243392944,3.3731359243392944,22.09235000610352,25.41153717041016,25.45763397216797,25.462970733642575,25.46657085418701,7.0,9.5,12.0,1137.0,372.0,51.0,8.0,4.0,0.5,3.5,4.5,4.5,850.5,236.0,35.0,0.0,0.0,0.0,17.6133984375,73.39484801781742,1013.930124749711,1568.0,2336.0,448.0,0.11199999999999999,93,15,73,1014.0,3.0,4.0,5.0,,
2022-10-25 17:08:09,52.390281666999996,13.04044,52.7,3.2617186307907104,3.449143171310425,3.449143171310425,22.59016036987305,25.98413848876953,26.03127384185791,26.036731719970703,26.04041290283203,7.0,9.0,12.0,1113.0,365.0,49.0,8.0,4.0,1.0,4.5,6.0,6.0,891.0,251.5,43.5,0.0,0.0,0.0,17.586933593749997,73.40764277170933,1013.9342295977057,1760.0,2560.0,480.0,0.11199999999999999,93,15,73,1014.0,3.0,4.0,5.0,,
2022-10-25 17:08:09,52.390281666999996,13.04044,52.7,3.4046943187713623,3.600334644317627,3.600334644317627,23.58038806915283,27.123141288757324,27.172341346740726,27.17803859710693,27.181879997253414,8.0,10.0,12.0,1170.0,382.0,53.0,8.0,4.0,1.0,5.0,6.0,6.0,931.5,262.5,51.5,0.0,0.0,0.0,17.56251953125,73.43097499146322,1013.9383621908273,1664.0,2144.0,256.0,0.11199999999999999,93,15,73,1014.0,3.0,4.0,5.0,,
2022-10-25 17:08:16,52.390326667,13.040463333,51.5,3.646548986434937,3.8560867309570312,3.8560867309570312,25.25543594360352,29.04985046386719,29.10254573822021,29.108647346496586,29.11276340484619,7.5,9.5,11.0,1152.0,376.0,48.0,6.0,2.5,1.0,5.0,6.5,6.5,934.5,271.5,52.0,0.0,0.0,0.0,17.5426953125,73.45504075637783,1013.9383386914444,1664.0,2208.0,320.0,0.11199999999999999,93,15,73,1014.0,3.0,4.0,5.0,,
2022-10-25 17:08:19,52.390351667,13.04047,50.5,3.793565154075623,4.011550545692444,4.011550545692444,26.27364730834961,30.22103881835937,30.275859832763672,30.28220558166504,30.286487579345703,7.0,9.0,10.0,1134.0,370.0,43.0,4.0,1.0,1.0,4.0,6.0,6.0,952.5,275.0,53.0,0.0,0.0,0.0,17.521015625,73.49583184607359,1013.9277268661957,1664.0,2016.0,224.0,0.11199999999999999,93,15,73,1014.0,3.0,4.0,5.0,,
2022-10-25 17:08:23,52.390375,13.040493332999999,52.1,3.814250707626343,4.0334248542785645,4.0334248542785645,26.416912078857425,30.38582801818848,30.44094753265381,30.447328567504886,30.451634407043453,7.0,9.0,10.0,1119.0,363.0,39.0,4.0,1.0,1.0,5.0,7.0,7.0,999.0,284.5,50.0,0.0,0.0,0.0,17.51046875,73.48053540701943,1013.932106386065,1536.0,2336.0,480.0,0.11199999999999999,93,15,73,1014.0,3.0,4.0,5.0,,
2022-10-25 17:08:27,52.390388333000004,13.040505,53.5,3.7565144300460815,3.972370982170105,3.972370982170105,26.01704025268555,29.925878524780273,29.980164527893066,29.98644828796387,29.99068832397461,7.0,9.0,10.0,1111.5,359.5,37.0,4.0,1.0,1.0,5.0,7.0,7.0,1026.0,287.5,41.0,0.0,0.0,0.0,17.51046875,73.46011438186025,1013.9379630458037,1600.0,2336.0,352.0,0.11199999999999999,93,15,73,1014.0,3.0,4.0,5.0,,
2022-10-25 17:08:27,52.390388333000004,13.040505,53.5,3.725948452949524,3.940048575401306,3.940048575401306,25.805344581604004,29.682377815246586,29.73622131347656,29.742454528808594,29.74666118621826,7.0,9.0,10.0,1104.0,356.0,35.0,4.0,1.0,1.0,4.5,6.0,6.0,999.0,280.5,34.5,0.0,0.0,0.0,17.5051953125,73.47629329300368,1013.925092654012,1600.0,2080.0,288.0,0.11199999999999999,93,15,73,1014.0,3.0,4.0,5.0,,
2022-10-25 17:08:27,52.390388333000004,13.040505,53.5,3.680932521820069,3.8924460411071777,3.8924460411071777,25.493572235107425,29.32376289367676,29.37695598602295,29.3831148147583,29.38726902008057,7.0,9.0,10.0,1086.0,350.0,39.0,3.0,1.0,1.0,5.0,6.0,6.5,969.0,267.5,36.5,1.0,0.0,0.0,17.49474609375,73.51206824771602,1013.9287955095504,1728.0,2528.0,416.0,0.11199999999999999,93,15,73,1014.0,3.0,4.0,5.0,,
2022-10-25 17:08:37,52.390453333,13.04054,58.2,3.618637442588806,3.8265713453292847,3.8265713453292847,25.06212615966797,28.827497482299805,28.87978935241699,28.88584327697754,28.88992786407471,7.0,9.0,10.0,1077.0,346.0,43.5,3.5,1.5,1.0,4.0,4.0,5.0,909.0,252.5,33.0,2.0,0.0,0.0,17.478828125,73.58102664715145,1013.9444043173396,1632.0,2080.0,352.0,0.11199999999999999,93,15,73,1014.0,3.0,4.0,5.0,,
2022-10-25 17:08:41,52.39048,13.040525,54.5,3.5469982624053955,3.7508156299591056,3.7508156299591056,24.565964698791504,28.25679016113281,28.308048248291016,28.31398200988769,28.31798553466797,7.0,9.0,10.0,1068.0,342.0,48.0,4.0,2.0,1.0,5.0,6.0,6.0,969.0,266.0,42.0,2.0,0.0,0.0,17.465546875,73.62658341637629,1013.9359105662827,1792.0,2496.0,192.0,0.11199999999999999,93,15,73,1014.0,3.0,4.0,5.0,,
2022-10-25 17:08:44,52.3905,13.040510000000001,47.0,3.4356776475906368,3.633098244667053,3.633098244667053,23.79497337341309,27.36996555328369,27.4196138381958,27.425362586975094,27.429240226745605,7.0,9.0,11.0,1047.0,335.0,46.0,5.0,3.0,2.0,4.5,4.5,5.5,880.5,243.5,33.5,2.0,0.0,0.0,17.44962890625,73.59680089534106,1013.933948056575,1344.0,2016.0,384.0,0.11199999999999999,93,15,73,1014.0,3.0,4.0,5.0,,
2022-10-25 17:08:48,52.39052,13.040485,44.0,3.335338592529297,3.5269935131073,3.5269935131073,23.10004138946533,26.57062530517578,26.618824005126953,26.62440395355225,26.628169059753414,6.5,9.5,11.5,1057.5,337.5,51.0,5.5,3.0,2.0,5.0,5.0,6.0,888.0,251.5,29.0,2.0,0.0,0.0,17.428046875,73.6478487097728,1013.9418940597162,1920.0,2720.0,416.0,0.11199999999999999,93,15,73,1014.0,3.0,4.0,5.0,,
2022-10-25 17:08:48,52.39052,13.040485,44.0,3.11875832080841,3.29796826839447,3.29796826839447,21.600040435791016,24.84526252746582,24.89033031463623,24.895548820495605,24.89906883239746,6.0,10.0,12.0,1068.0,340.0,56.0,6.0,3.0,2.0,4.5,4.5,5.0,892.5,249.5,22.0,1.0,0.0,0.0,17.403828125,73.722334046221,1013.9505125232236,1856.0,2368.0,448.0,0.11199999999999999,93,15,73,1014.0,3.0,4.0,5.0,,
2022-10-25 17:08:54,52.390553333,13.040456667,46.3,2.9843349456787114,3.155820608139038,3.155820608139038,20.669044494628906,23.77439117431641,23.81751823425293,23.82251071929932,23.82588005065918,6.0,9.0,11.0,1011.0,323.0,50.0,6.0,3.0,2.0,4.0,5.0,5.0,921.0,253.5,20.0,0.0,0.0,0.0,17.38361328125,73.75318389284523,1013.9448121784436,1664.0,2304.0,320.0,0.11199999999999999,93,15,73,1014.0,3.0,4.0,5.0,,
2022-10-25 17:08:58,52.390576667,13.040435,47.1,2.8620256185531616,3.026483058929444,3.026483058929444,19.82194805145264,22.800026893615726,22.84138584136963,22.846174240112305,22.84940433502197,6.0,9.0,10.5,1026.0,328.0,52.0,5.5,2.5,1.5,4.0,5.0,5.0,906.0,258.0,11.0,0.0,0.0,0.0,17.37033203125,73.80899382788549,1013.9446788336586,1952.0,2720.0,416.0,0.11199999999999999,93,15,73,1014.0,3.0,4.0,5.0,,
2022-10-25 17:09:02,52.39059,13.040423333,47.1,2.904902219772339,3.071823477745056,3.071823477745056,20.118906021118164,23.14159870147705,23.18357753753662,23.188438415527344,23.19171619415283,6.0,9.0,10.0,1041.0,333.0,54.0,5.0,2.0,1.0,3.5,4.5,4.5,943.5,264.5,14.0,0.0,0.0,0.0,17.35431640625,73.83029548902277,1013.9467311388584,1792.0,2304.0,320.0,0.114,93,14,77,1013.9,3.0,4.0,5.0,,
2022-10-25 17:09:05,52.390598333,13.040398332999999,49.7,2.8563637733459477,3.0204960107803345,3.0204960107803345,19.78273582458496,22.754923820495605,22.7962007522583,22.80097961425781,22.804203033447266,6.0,9.0,10.0,1005.0,323.0,52.0,5.0,2.0,1.0,4.5,6.0,6.0,990.0,276.5,17.5,0.0,0.0,0.0,17.33205078125,73.83355827737985,1013.951867133312,1472.0,2048.0,320.0,0.114,93,14,77,1013.9,3.0,4.0,5.0,,
2022-10-25 17:09:09,52.390613333000005,13.040366667,50.4,2.785895109176636,2.945978045463562,2.945978045463562,19.29468059539795,22.19354248046875,22.233800888061523,22.2384614944458,22.24160671234131,6.0,8.5,10.0,990.0,318.0,54.0,5.0,2.0,1.0,4.5,6.5,6.5,1068.0,292.5,26.0,0.0,0.0,0.0,17.31212890625,73.84401265750998,1013.9658809648413,1952.0,2592.0,416.0,0.114,93,14,77,1013.9,3.0,4.0,5.0,,
2022-10-25 17:09:09,52.390613333000005,13.040366667,50.4,2.9701160192489624,3.1407846212387085,3.1407846212387085,20.570566177368164,23.66111850738525,23.70403861999512,23.70900821685791,23.712360382080078,6.0,8.0,10.0,975.0,313.0,56.0,5.0,2.0,1.0,5.0,6.5,6.5,1123.5,306.5,25.0,0.0,0.0,0.0,17.289765625,73.84726124675433,1013.96248719937,1984.0,2368.0,416.0,0.114,93,14,77,1013.9,3.0,4.0,5.0,,
2022-10-25 17:09:16,52.390640000000005,13.04031,49.6,3.1882671117782597,3.371471047401428,3.371471047401428,22.081446647644047,25.398995399475094,25.44506931304932,25.450403213500977,25.454001426696774,5.0,8.0,9.0,927.0,297.0,58.0,4.0,2.0,1.0,5.0,6.0,6.0,1087.5,294.0,28.0,0.0,0.0,0.0,17.2628125,73.82591978935973,1013.9665822368488,1632.0,2144.0,224.0,0.114,93,14,77,1013.9,3.0,4.0,5.0,,
2022-10-25 17:09:19,52.390663333,13.040281667,49.2,3.3052154779434204,3.4951394796371464,3.4951394796371464,22.89141273498535,26.330653190612797,26.37841606140137,26.38394641876221,26.387676239013672,5.0,7.5,9.0,892.5,286.5,58.0,4.0,2.0,1.0,5.0,6.0,6.0,1078.5,298.0,27.0,0.0,0.0,0.0,17.2341015625,73.83156695684701,1013.9661045607318,1728.0,2368.0,384.0,0.114,93,14,77,1013.9,3.0,4.0,5.0,,
2022-10-25 17:09:23,52.390685,13.040255,45.0,3.3991789817810063,3.594502329826355,3.594502329826355,23.542189598083496,27.07920265197754,27.12832450866699,27.134011268615726,27.137847900390625,5.0,7.0,9.0,858.0,276.0,58.0,4.0,2.0,1.0,5.0,6.0,6.0,1015.5,281.5,28.5,0.0,0.0,0.0,17.21232421875,73.88603959173723,1013.9686866634372,1824.0,2496.0,384.0,0.114,93,14,77,1013.9,3.0,4.0,5.0,,
2022-10-25 17:09:27,52.39073,13.04025,43.0,3.4590038061141968,3.6577649116516113,3.6577649116516113,23.956527709960934,27.5557918548584,27.60577774047852,27.61156463623047,27.61546897888184,5.0,8.0,9.0,915.0,297.0,58.0,4.0,2.0,1.0,6.0,6.0,6.0,1044.0,300.0,26.5,0.0,0.0,0.0,17.19220703125,74.06016364283651,1013.9756749091364,1760.0,2144.0,384.0,0.114,93,14,77,1013.9,3.0,4.0,5.0,,
2022-10-25 17:09:30,52.390741667,13.040225,43.6,3.4521303176879883,3.650496363639832,3.650496363639832,23.90892314910889,27.501033782958984,27.550920486450195,27.55669689178467,27.56059265136719,5.0,7.5,8.5,909.0,296.0,53.5,3.5,1.5,1.0,5.5,6.0,6.0,985.5,287.5,25.0,0.0,0.0,0.0,17.17716796875,74.19084784533176,1013.9768140070483,2016.0,2304.0,320.0,0.114,93,14,77,1013.9,3.0,4.0,5.0,,
2022-10-25 17:09:30,52.390741667,13.040225,43.6,3.37256383895874,3.5663578510284424,3.5663578510284424,23.3578577041626,26.86717700958252,26.915912628173828,26.921555519104004,26.925362586975094,5.0,7.0,8.0,903.0,295.0,49.0,3.0,1.0,1.0,5.5,6.0,6.0,1015.5,295.5,31.0,0.0,0.0,0.0,17.165546875,74.19922784635901,1013.9743865728346,1408.0,1728.0,160.0,0.114,93,14,77,1013.9,3.0,4.0,5.0,,
2022-10-25 17:09:37,52.390771666999996,13.040158332999999,45.5,3.3349996805191036,3.52663516998291,3.52663516998291,23.097694396972656,26.567925453186035,26.61612033843994,26.62169933319092,26.62546348571777,6.0,8.0,8.0,987.0,319.0,51.0,3.0,0.0,0.0,6.0,6.5,6.5,1072.5,309.0,32.0,0.0,0.0,0.0,17.1512890625,74.25157157351944,1013.970121794029,1728.0,2400.0,288.0,0.114,93,14,77,1013.9,3.0,4.0,5.0,,
2022-10-25 17:09:40,52.390781667,13.04012,47.4,3.274580836296081,3.4627445936203003,3.4627445936203003,22.67924213409424,26.086605072021484,26.13392543792725,26.13940525054932,26.14310073852539,6.0,8.0,8.0,981.0,317.5,51.0,3.0,0.0,0.0,6.0,7.0,7.0,1116.0,316.0,31.0,0.0,0.0,0.0,17.137421875,74.30057325954606,1013.9665000601708,1760.0,2176.0,320.0,0.114,93,14,77,1013.9,3.0,4.0,5.0,,
2022-10-25 17:09:44,52.390836666999995,13.040101667,47.1,3.2204606533050537,3.405514597892761,3.405514597892761,22.304414749145508,25.655463218688965,25.702001571655273,25.70738983154297,25.711024284362797,6.0,8.0,8.0,975.0,316.0,51.0,3.0,0.0,0.0,5.0,6.0,6.0,1008.0,279.0,26.0,0.0,0.0,0.0,17.125019531249997,74.34298774314921,1013.9728172963717,1664.0,2208.0,352.0,0.114,93,14,77,1013.9,3.0,4.0,5.0,,
2022-10-25 17:09:48,52.390843333,13.040065,46.1,3.0599524974823,3.2357832193374634,3.2357832193374634,21.19275951385498,24.37679004669189,24.42101001739502,24.42612934112549,24.42958354949951,6.0,9.0,9.0,1014.0,327.0,57.0,4.0,0.0,0.0,5.0,6.0,6.0,1072.5,292.0,26.0,0.0,0.0,0.0,17.11408203125,74.33099097790404,1013.9798755922113,1664.0,2304.0,256.0,0.114,93,14,77,1013.9,3.0,4.0,5.0,,
2022-10-25 17:09:48,52.390843333,13.040065,46.1,2.9168745279312134,3.0844838619232178,3.0844838619232178,20.201823234558105,23.23697566986084,23.279126167297363,23.28400707244873,23.287299156188965,6.0,9.0,9.0,1020.0,329.0,55.0,4.5,0.0,0.0,5.0,5.0,5.0,1051.5,281.0,17.0,0.0,0.0,0.0,17.093378906250006,74.42674489685412,1013.985887804272,1664.0,2240.0,448.0,0.114,93,14,77,1013.9,3.0,4.0,5.0,,
2022-10-25 17:09:48,52.390843333,13.040065,46.1,2.968213677406311,3.1387730836868286,3.1387730836868286,20.55739116668701,23.64596366882324,23.68885707855225,23.69382381439209,23.69717311859131,6.0,9.0,9.0,1026.0,331.0,53.0,5.0,0.0,0.0,5.0,5.5,5.5,1009.5,276.0,22.5,0.0,0.0,0.0,17.07111328125,74.48810977568841,1013.9817977224118,1600.0,2304.0,384.0,0.114,93,14,77,1013.9,3.0,4.0,5.0,,
2022-10-25 17:09:58,52.390859999999996,13.039975,38.0,3.0294297933578487,3.2035067081451416,3.2035067081451416,20.981364250183105,24.13363552093506,24.17741298675537,24.18248176574707,24.18589973449707,6.0,11.0,11.0,1083.0,350.0,63.0,8.0,0.0,0.0,5.0,6.0,6.0,1008.0,273.5,27.0,0.0,0.0,0.0,17.07150390625,74.79255878578601,1013.9715723727307,1856.0,2528.0,384.0,0.114,93,14,77,1013.9,3.0,4.0,5.0,,
2022-10-25 17:10:02,52.390868333,13.039941667,37.0,3.1249266862869263,3.3044910430908203,3.3044910430908203,21.64276123046875,24.89440155029297,24.93955993652344,24.944787979125977,24.948315620422363,6.5,11.0,11.0,1104.0,357.0,62.0,7.5,0.0,0.0,6.0,7.0,7.0,1096.5,303.0,34.5,0.0,0.0,0.0,17.081074218749997,75.10574727469086,1013.9630992031019,1952.0,2656.0,352.0,0.11900000000000001,92,14,78,1014.0,3.0,4.0,5.0,,
2022-10-25 17:10:05,52.390868333,13.039913333,34.7,3.2868902683258057,3.47576117515564,3.47576117515564,22.76449489593506,26.18466663360596,26.23216533660889,26.237664222717285,26.241374015808105,7.0,11.0,11.0,1125.0,364.0,61.0,7.0,0.0,0.0,5.0,6.5,7.0,1056.0,295.0,44.0,1.0,1.0,0.0,17.0997265625,75.35906817549349,1013.9620687041228,1792.0,2496.0,480.0,0.11900000000000001,92,14,78,1014.0,3.0,4.0,5.0,,
2022-10-25 17:10:09,52.390873333,13.039878332999999,35.2,3.3272516727447514,3.5184420347213745,3.5184420347213745,23.044032096862797,26.50620174407959,26.55428409576416,26.55984973907471,26.563605308532715,7.0,11.0,11.0,1149.0,374.0,61.0,7.0,0.0,0.0,5.5,6.5,7.5,1089.0,306.0,53.0,2.0,2.0,0.0,17.12794921875,75.46314322790425,1013.9542330873863,1664.0,2592.0,448.0,0.11900000000000001,92,14,78,1014.0,3.0,4.0,5.0,,
2022-10-25 17:10:09,52.390873333,13.039878332999999,35.2,3.3806334733963013,3.5748910903930664,3.5748910903930664,23.41374683380127,26.93146228790283,26.98031520843506,26.985971450805664,26.989787101745605,7.0,11.0,11.5,1162.5,378.5,64.0,7.5,0.5,0.5,5.0,6.0,7.0,1069.5,290.0,48.0,2.0,2.0,0.0,17.147480468749997,75.42854664359216,1013.9630088284172,1664.0,2272.0,352.0,0.11900000000000001,92,14,78,1014.0,3.0,4.0,5.0,,
2022-10-25 17:10:15,52.390871667,13.039816667,33.9,3.4766921997070312,3.676469683647156,3.676469683647156,24.07903480529785,27.696704864501953,27.74694538116455,27.75276279449463,27.756686210632324,7.0,11.0,12.0,1176.0,383.0,67.0,8.0,1.0,1.0,6.0,6.0,7.5,1006.5,276.0,43.0,2.0,2.0,0.0,17.1708203125,75.31908929290839,1013.9646804422687,1472.0,2112.0,416.0,0.11900000000000001,92,14,78,1014.0,3.0,4.0,5.0,,
2022-10-25 17:10:19,52.390871667,13.039773333,33.1,3.4232078790664677,3.6199119091033936,3.6199119091033936,23.70861053466797,27.270626068115234,27.32009506225586,27.32582187652588,27.32968521118164,7.0,11.0,12.0,1131.0,368.0,65.0,9.0,1.0,1.0,4.5,5.0,6.5,927.0,251.5,36.5,2.0,2.0,0.0,17.19376953125,75.1718984585435,1013.9573435858383,1984.0,2784.0,384.0,0.11900000000000001,92,14,78,1014.0,3.0,4.0,5.0,,
2022-10-25 17:10:23,52.390878333,13.039731667,29.2,3.3714256286621094,3.5651543140411377,3.5651543140411377,23.349974632263184,26.85810947418213,26.90682888031006,26.9124698638916,26.916275024414066,7.0,11.0,12.0,1131.0,368.0,66.5,9.0,1.0,1.0,4.0,4.0,4.5,936.0,252.0,26.0,1.0,1.0,0.0,17.21642578125,75.08985881332548,1013.9528662891223,1728.0,2144.0,512.0,0.11900000000000001,92,14,78,1014.0,3.0,4.0,5.0,,
2022-10-25 17:10:26,52.390895,13.039691667,29.0,3.298170328140259,3.4876896142959595,3.4876896142959595,22.84261989593506,26.27452850341797,26.322190284729004,26.32770729064941,26.331430435180664,7.0,11.0,12.0,1131.0,368.0,68.0,9.0,1.0,1.0,4.5,4.5,4.5,916.5,250.5,19.0,0.0,0.0,0.0,17.23576171875,75.01759193291977,1013.9529505368896,1664.0,2208.0,416.0,0.11900000000000001,92,14,78,1014.0,3.0,4.0,5.0,,
2022-10-25 17:10:30,52.390896667,13.039653333,29.7,3.253166675567627,3.440099835395813,3.440099835395813,22.53093147277832,25.916010856628414,25.963022232055664,25.968464851379395,25.97213649749756,7.0,11.0,12.0,1086.0,357.0,68.0,8.0,1.0,1.0,4.5,5.0,5.0,951.0,262.5,20.0,0.0,0.0,0.0,17.25958984375,75.00772926838792,1013.9512359017822,1728.0,2720.0,352.0,0.11900000000000001,92,14,78,1014.0,3.0,4.0,5.0,,
2022-10-25 17:10:30,52.390896667,13.039653333,29.7,3.1934236288070683,3.37692391872406,3.37692391872406,22.117159843444824,25.44007396697998,25.48622226715088,25.49156475067139,25.4951696395874,6.5,10.5,11.5,1066.5,351.0,65.0,7.5,1.0,1.0,4.5,5.0,5.5,1041.0,281.5,24.0,1.0,1.0,0.0,17.27765625,74.94898368253979,1013.953406304932,1760.0,2464.0,416.0,0.11900000000000001,92,14,78,1014.0,3.0,4.0,5.0,,
2022-10-25 17:10:37,52.39089,13.03958,38.7,3.201543092727661,3.385509967803955,3.385509967803955,22.173394203186035,25.50475788116455,25.55102348327637,25.556379318237305,25.55999279022217,6.0,10.0,11.0,1047.0,345.0,62.0,7.0,1.0,1.0,6.0,6.5,8.5,1123.5,293.5,31.5,4.0,3.0,1.0,17.29728515625,74.82544468752646,1013.9581500721354,1728.0,2112.0,352.0,0.11900000000000001,92,14,78,1014.0,3.0,4.0,5.0,,
2022-10-25 17:10:40,52.390888333,13.039551667000001,39.6,3.19319224357605,3.3766791820526123,3.3766791820526123,22.11555767059326,25.438231468200684,25.48437595367432,25.489718437194824,25.493322372436523,6.0,10.0,11.0,1059.0,351.0,60.0,6.0,1.0,1.0,5.0,6.5,9.0,1179.0,310.0,48.5,6.0,4.0,2.0,17.320625,74.77101815281972,1013.958133599696,2016.0,2976.0,416.0,0.11900000000000001,92,14,78,1014.0,3.0,4.0,5.0,,
2022-10-25 17:10:44,52.390883333000005,13.039503332999999,40.1,3.165074348449707,3.3469456434249882,3.3469456434249882,21.920817375183105,25.2142333984375,25.259971618652344,25.26526641845703,25.26883888244629,6.0,9.5,10.5,1056.0,350.0,58.5,5.5,1.0,1.0,5.0,6.5,9.0,1153.5,300.0,55.0,6.0,4.0,2.0,17.332539062499997,74.71475102207408,1013.952671761911,1792.0,2528.0,480.0,0.11900000000000001,92,14,78,1014.0,3.0,4.0,5.0,,
2022-10-25 17:10:48,52.390888333,13.039458332999999,39.0,3.205172061920166,3.3893474340438843,3.3893474340438843,22.198527336120605,25.53366756439209,25.57998561859131,25.58534812927246,25.58896541595459,6.0,9.0,10.0,1053.0,349.0,57.0,5.0,1.0,1.0,5.0,7.0,9.5,1198.5,313.0,59.0,6.0,4.0,2.0,17.33478515625,74.75617885299067,1013.9530268986164,1568.0,2304.0,288.0,0.11900000000000001,92,14,78,1014.0,3.0,4.0,5.0,,
2022-10-25 17:10:51,52.390888333,13.039426667,36.8,3.2522528171539307,3.4391335248947144,3.4391335248947144,22.52460193634033,25.90873146057129,25.955729484558105,25.96117115020752,25.96484184265137,6.0,8.0,9.0,1026.0,338.0,45.0,2.0,1.0,1.0,5.0,7.0,9.0,1233.0,315.5,63.0,5.0,3.0,2.0,17.33517578125,74.78020000929445,1013.9561798364402,1632.0,2272.0,224.0,0.11900000000000001,92,14,78,1014.0,3.0,4.0,5.0,,
2022-10-25 17:10:51,52.390888333,13.039426667,36.8,3.266718029975891,3.4544298648834233,3.4544298648834233,22.62478542327881,26.023966789245605,26.071173667907715,26.07663917541504,26.080326080322266,6.0,8.0,9.0,1051.5,346.5,45.0,2.0,1.0,1.0,4.5,6.0,7.5,1162.5,299.0,50.5,3.0,2.0,2.0,17.33673828125,74.7838745314412,1013.94704422515,1632.0,2400.0,384.0,0.11900000000000001,92,14,78,1014.0,3.0,4.0,5.0,,
2022-10-25 17:10:58,52.39089,13.03936,37.3,3.414169788360596,3.610354542732239,3.610354542732239,23.64601325988769,27.198625564575195,27.24796295166016,27.25367546081543,27.25752925872803,6.0,8.0,9.0,1077.0,355.0,45.0,2.0,1.0,1.0,6.0,6.5,8.0,1131.0,294.5,33.5,2.0,2.0,2.0,17.3333203125,74.78332407848958,1013.9497768694639,1536.0,2112.0,384.0,0.11900000000000001,92,14,78,1014.0,3.0,4.0,5.0,,
2022-10-25 17:11:02,52.39089,13.039323332999999,37.8,3.5519438982009888,3.7560455799102783,3.7560455799102783,24.60021686553955,28.296189308166504,28.34751796722412,28.35346031188965,28.35746955871582,6.0,8.0,9.0,1071.0,353.0,43.0,2.0,1.0,1.0,6.0,6.0,8.0,1161.0,306.5,28.0,2.0,2.0,2.0,17.32560546875,74.75812281442738,1013.9496116235774,1600.0,2496.0,352.0,0.105,93,14,77,1014.0,3.0,4.0,6.0,,
2022-10-25 17:11:05,52.390895,13.03929,38.9,3.605679392814636,3.812868714332581,3.812868714332581,24.97237968444824,28.72426700592041,28.776371955871586,28.78240489959717,28.786474227905273,6.0,8.0,8.5,1059.0,349.0,40.0,2.0,1.0,0.5,5.5,7.0,9.0,1090.5,294.0,33.0,4.0,2.0,2.0,17.318476562500006,74.73301908946664,1013.9428838625644,1536.0,1728.0,160.0,0.105,93,14,77,1014.0,3.0,4.0,6.0,,
2022-10-25 17:11:09,52.390898333,13.039243333,36.6,3.69746196269989,3.9099252223968506,3.9099252223968506,25.608052253723145,29.455443382263184,29.50887489318848,29.515061378479004,29.5192346572876,6.0,8.0,8.0,1047.0,345.0,37.0,2.0,1.0,0.0,5.5,7.0,8.5,1029.0,297.0,25.0,4.0,2.0,2.0,17.32150390625,74.67191785171002,1013.9361621414666,1632.0,2368.0,544.0,0.105,93,14,77,1014.0,3.0,4.0,6.0,,
2022-10-25 17:11:09,52.390898333,13.039243333,36.6,3.705945253372192,3.9188959598541264,3.9188959598541264,25.6668062210083,29.52302551269531,29.576580047607425,29.58277988433838,29.586962699890137,6.0,8.0,8.0,1047.0,341.0,39.0,1.0,1.0,0.0,6.0,8.0,9.0,1075.5,321.5,36.0,3.0,1.0,1.0,17.336445312499997,74.5990661217445,1013.93652423346,1760.0,2592.0,384.0,0.105,93,14,77,1014.0,3.0,4.0,6.0,,
2022-10-25 17:11:09,52.390898333,13.039243333,36.6,3.62089478969574,3.8289583921432495,3.8289583921432495,25.077759742736816,28.845479011535645,28.897804260253906,28.90386199951172,28.90794944763184,6.0,7.5,8.0,1044.0,339.0,39.0,1.0,1.0,0.0,6.0,8.0,8.0,1008.0,304.5,44.5,2.0,0.0,0.0,17.351093749999997,74.56038358182607,1013.938912033987,1760.0,2464.0,320.0,0.105,93,14,77,1014.0,3.0,4.0,6.0,,
2022-10-25 17:11:19,52.390951666999996,13.039208333,42.9,3.535640954971313,3.738805651664734,3.738805651664734,24.4873046875,28.16631317138672,28.21740531921387,28.22332096099853,28.22731208801269,6.0,7.0,8.0,1041.0,337.0,39.0,1.0,1.0,0.0,5.5,8.0,8.0,978.0,292.0,47.0,2.0,0.0,0.0,17.36134765625,74.53809573327031,1013.9332220457737,1696.0,2496.0,480.0,0.105,93,14,77,1014.0,3.0,4.0,6.0,,
2022-10-25 17:11:23,52.390975,13.039196667,43.8,3.5439026355743413,3.747542142868042,3.747542142868042,24.54452419281006,28.232129096984863,28.28334140777588,28.289270401000977,28.293270111083984,6.0,8.0,8.0,1041.0,337.0,43.0,1.0,1.0,0.0,5.5,7.0,7.0,1026.0,299.0,46.0,0.0,0.0,0.0,17.37287109375,74.50917676965744,1013.916239318526,2048.0,2464.0,384.0,0.105,93,14,77,1014.0,3.0,4.0,6.0,,
2022-10-25 17:11:26,52.390986667,13.039195,43.8,3.5775245428085327,3.783095955848694,3.783095955848694,24.77738380432129,28.49997520446777,28.55167293548584,28.557658195495605,28.56169605255127,6.0,7.5,8.0,1041.0,334.0,43.0,1.0,1.0,0.0,5.0,7.0,7.0,1003.5,290.0,46.0,0.0,0.0,0.0,17.389375,74.40586985117665,1013.927536906354,1728.0,2240.0,352.0,0.105,93,14,77,1014.0,3.0,4.0,6.0,,
2022-10-25 17:11:30,52.390986667,13.039195,45.9,3.608870029449463,3.816242575645447,3.816242575645447,24.99447822570801,28.74968433380127,28.80183696746826,28.807873725891113,28.8119478225708,6.0,7.0,8.0,1041.0,331.0,43.0,1.0,1.0,0.0,4.5,6.0,6.0,928.5,265.0,38.0,0.0,0.0,0.0,17.412421875,74.19096458375292,1013.937902077074,1696.0,2784.0,576.0,0.105,93,14,77,1014.0,3.0,4.0,6.0,,
2022-10-25 17:11:30,52.390986667,13.039195,45.9,3.623449921607971,3.831660389900208,3.831660389900208,25.09545707702637,28.86583423614502,28.91819667816162,28.924259185791016,28.92834854125977,6.0,7.0,7.0,990.0,316.0,39.0,1.0,1.0,0.0,4.0,5.5,5.5,945.0,261.0,31.5,0.0,0.0,0.0,17.429609375,74.06400951698643,1013.9469780218532,2016.0,2848.0,352.0,0.105,93,14,77,1014.0,3.0,4.0,6.0,,
2022-10-25 17:11:36,52.39099,13.039196667,45.4,3.6016662120819087,3.8086248636245728,3.8086248636245728,24.9445858001709,28.692296981811523,28.744343757629395,28.75036907196045,28.75443458557129,5.5,7.0,7.0,975.0,309.0,42.5,1.0,1.0,0.0,3.5,5.0,5.0,1017.0,279.0,33.0,0.0,0.0,0.0,17.43927734375,74.04508481484619,1013.9436648830825,1728.0,2144.0,160.0,0.105,93,14,77,1014.0,3.0,4.0,6.0,,
2022-10-25 17:11:40,52.39099,13.039196667,45.5,3.460399389266968,3.65924060344696,3.65924060344696,23.966193199157715,27.566909790039066,27.61691474914551,27.62270545959473,27.62660980224609,5.0,7.0,7.0,960.0,302.0,46.0,1.0,1.0,0.0,4.5,5.0,6.0,1006.5,277.0,37.5,2.0,0.0,0.0,17.4536328125,74.0678573865427,1013.933015021268,1632.0,2496.0,352.0,0.105,93,14,77,1014.0,3.0,4.0,6.0,,
2022-10-25 17:11:44,52.391008333,13.039191667,46.4,3.3752626180648804,3.569211721420288,3.569211721420288,23.376548767089844,26.888675689697266,26.937451362609863,26.943098068237305,26.94690799713135,5.0,7.0,7.0,942.0,298.0,46.0,2.0,1.0,0.0,5.0,6.0,6.5,969.0,271.0,44.5,2.0,0.0,0.0,17.46818359375,74.09748948236499,1013.927705194654,1696.0,2496.0,416.0,0.105,93,14,77,1014.0,3.0,4.0,6.0,,
2022-10-25 17:11:48,52.391021667,13.039185,45.9,3.4110109806060787,3.607014179229736,3.607014179229736,23.624135971069336,27.173460960388184,27.222753524780273,27.22846031188965,27.23231029510498,5.0,6.5,7.0,901.5,282.5,44.0,2.0,1.0,0.0,4.5,5.5,6.5,955.5,269.0,49.0,2.0,0.0,0.0,17.466328124999997,74.08354128478717,1013.9279949381656,1728.0,2304.0,288.0,0.105,93,14,77,1014.0,3.0,4.0,6.0,,
2022-10-25 17:11:51,52.391045,13.039183332999999,45.6,3.558138132095337,3.7625955343246464,3.7625955343246464,24.64311695098877,28.34553527832031,28.396953582763672,28.40290641784668,28.406922340393066,4.0,5.0,6.0,861.0,267.0,42.0,2.0,1.0,0.0,5.5,7.0,7.0,975.0,285.5,55.0,2.0,0.0,0.0,17.46037109375,74.05869987230902,1013.9298937058369,1728.0,2272.0,384.0,0.105,93,14,77,1014.0,3.0,4.0,6.0,,
2022-10-25 17:11:51,52.391045,13.039183332999999,45.6,3.6930181980133057,3.905225992202759,3.905225992202759,25.57727432250977,29.42004203796387,29.47340965270996,29.47958755493164,29.48375606536865,4.5,5.5,5.5,834.0,258.0,42.0,2.0,1.0,0.0,4.0,5.0,6.0,906.0,270.5,54.0,2.0,0.0,0.0,17.45099609375,73.96508730439675,1013.9345273278273,1888.0,2592.0,352.0,0.105,93,14,77,1014.0,3.0,4.0,6.0,,
2022-10-25 17:11:58,52.391086666999996,13.039175,42.8,3.7352381944656368,3.9498721361160283,3.9498721361160283,25.86968421936035,29.756383895874023,29.8103609085083,29.81661128997803,29.82082557678223,5.0,6.0,6.0,843.0,260.0,41.0,1.5,0.5,0.0,4.5,5.5,5.5,829.5,250.5,46.5,0.0,0.0,0.0,17.43673828125,73.92870109055752,1013.9344624123653,1728.0,2400.0,448.0,0.105,93,14,77,1014.0,3.0,4.0,6.0,,
2022-10-25 17:12:01,52.391088333,13.039175,44.2,3.6218670606613164,3.829986453056336,3.829986453056336,25.08449363708496,28.853224754333496,28.905564308166504,28.91162395477295,28.915711402893066,5.0,6.0,6.0,852.0,262.0,40.0,1.0,0.0,0.0,5.0,6.0,6.0,891.0,256.5,44.5,0.0,0.0,0.0,17.423359375,73.78338136002489,1013.9283156899268,1856.0,2464.0,448.0,0.111,93,14,77,1014.0,3.0,4.0,5.0,,
2022-10-25 17:12:05,52.391113333,13.03917,42.7,3.538615345954895,3.7419509887695312,3.7419509887695312,24.50790405273437,28.19000720977783,28.24114418029785,28.2470645904541,28.25105857849121,5.0,6.0,7.0,852.0,266.0,40.0,2.0,1.0,1.0,4.5,6.0,6.0,964.5,272.0,46.0,0.0,0.0,0.0,17.424921875000006,73.99502461006055,1013.9275436707557,1888.0,2240.0,192.0,0.111,93,14,77,1014.0,3.0,4.0,5.0,,
2022-10-25 17:12:09,52.39114,13.039164999999999,45.5,3.71837317943573,3.9320380687713614,3.9320380687713614,25.75288009643555,29.62203121185303,29.675764083862305,29.68198585510254,29.68618202209473,5.0,6.0,7.0,843.0,263.0,39.0,2.0,1.0,1.0,4.0,6.0,7.0,967.5,271.5,54.5,2.0,1.0,0.0,17.42267578125,73.96055626458184,1013.9288625758458,2112.0,2880.0,256.0,0.111,93,14,77,1014.0,3.0,4.0,5.0,,
2022-10-25 17:12:12,52.391163333,13.039164999999999,45.6,3.763583302497864,3.9798460006713863,3.9798460006713863,26.065998077392575,29.982192039489746,30.036579132080078,30.04287624359131,30.047123908996586,5.0,6.0,7.0,834.0,260.0,38.0,2.0,1.0,1.0,5.5,7.5,9.5,1083.0,309.0,56.5,4.0,2.0,0.0,17.408320312500006,73.90369716088979,1013.9361638081664,1920.0,2208.0,160.0,0.111,93,14,77,1014.0,3.0,4.0,5.0,,
2022-10-25 17:12:12,52.391163333,13.039164999999999,45.6,3.862666964530945,4.084623336791991,4.084623336791991,26.75223636627197,30.77153205871582,30.827351570129395,30.833813667297363,30.83817386627197,4.0,6.0,7.0,822.0,254.0,36.0,3.0,2.0,1.0,5.0,8.0,9.5,1167.0,340.5,60.5,5.0,3.0,0.0,17.3880078125,73.85612844908816,1013.9395049065621,1760.0,2784.0,192.0,0.111,93,14,77,1014.0,3.0,4.0,5.0,,
2022-10-25 17:12:19,52.391213333,13.039163333,43.9,3.97326397895813,4.20157527923584,4.20157527923584,27.518214225769047,31.65259075164795,31.71000862121582,31.716655731201172,31.72114086151123,4.0,6.0,7.0,816.0,253.0,36.0,3.0,2.0,1.0,5.5,8.0,10.5,1168.5,341.5,56.0,6.0,4.0,0.0,17.3626171875,73.8588908700817,1013.9378230614357,1824.0,3008.0,544.0,0.111,93,14,77,1014.0,3.0,4.0,5.0,,
2022-10-25 17:12:23,52.391243333,13.03916,45.4,4.070643901824951,4.304551124572754,4.304551124572754,28.192652702331547,32.42835807800293,32.4871826171875,32.493993759155266,32.49858856201172,4.0,6.0,7.0,810.0,252.0,36.0,3.0,2.0,1.0,6.0,8.0,10.5,1191.0,353.0,49.0,6.0,4.0,0.0,17.33390625,73.92931310230307,1013.9331770879053,2080.0,2400.0,224.0,0.111,93,14,77,1014.0,3.0,4.0,5.0,,
2022-10-25 17:12:26,52.391266667,13.039148333,44.0,4.0931360721588135,4.328335523605347,4.328335523605347,28.348430633544922,32.607540130615234,32.666690826416016,32.673538208007805,32.678157806396484,5.0,6.0,8.0,855.0,267.0,42.0,3.0,2.0,1.0,7.0,8.0,10.0,1236.0,351.0,31.5,4.0,3.0,0.0,17.3020703125,73.97197286698966,1013.9426158152867,1824.0,2592.0,224.0,0.111,93,14,77,1014.0,3.0,4.0,5.0,,
2022-10-25 17:12:30,52.3913,13.03915,40.4,4.0625689029693595,4.2960119247436515,4.2960119247436515,28.13672637939453,32.364028930664055,32.42273712158203,32.429533004760735,32.434118270874016,5.0,6.0,8.0,843.0,264.5,40.0,3.0,2.0,1.0,5.0,5.5,6.5,1122.0,312.0,23.5,2.0,2.0,0.0,17.26798828125,74.10298078942651,1013.9450025453963,2272.0,3296.0,448.0,0.111,93,14,77,1014.0,3.0,4.0,5.0,,
2022-10-25 17:12:30,52.3913,13.03915,40.4,3.9412031173706055,4.167672395706177,4.167672395706177,27.296165466308594,31.39718151092529,31.45413589477539,31.460729598999023,31.465177536010746,4.0,5.0,7.0,831.0,262.0,38.0,3.0,2.0,1.0,6.0,6.0,6.5,1132.5,300.0,18.0,1.0,1.0,0.0,17.23556640625,74.1865319025431,1013.9409203226683,2304.0,3296.0,384.0,0.111,93,14,77,1014.0,3.0,4.0,5.0,,
2022-10-25 17:12:30,52.3913,13.03915,40.4,3.777916312217712,3.9950027465820312,3.9950027465820312,26.16526699066162,30.09637451171875,30.15096950531006,30.157289505004886,30.16155338287353,3.5,5.5,6.5,807.0,254.0,35.0,2.0,2.0,1.0,6.0,6.0,7.0,1090.5,292.5,15.0,2.0,2.0,0.0,17.20724609375,74.2536951334367,1013.9461016952637,2016.0,2912.0,448.0,0.111,93,14,77,1014.0,3.0,4.0,5.0,,
2022-10-25 17:12:40,52.39138,13.039151667,36.7,3.612245798110962,3.819812297821045,3.819812297821045,25.01785659790039,28.77657699584961,28.828777313232425,28.83482074737549,28.838897705078125,4.5,6.0,7.5,822.0,261.0,39.0,2.5,2.5,1.5,5.5,5.5,6.5,1011.0,274.0,20.0,2.0,2.0,0.0,17.181171875,74.25976609899436,1013.9466181217081,2112.0,2944.0,512.0,0.111,93,14,77,1014.0,3.0,4.0,5.0,,
2022-10-25 17:12:44,52.39141,13.039146667,38.8,3.3892605304718018,3.5840139389038086,3.5840139389038086,23.47349548339844,27.00018882751465,27.049166679382324,27.05483627319336,27.058661460876465,5.0,6.0,8.0,837.0,268.0,43.0,3.0,3.0,2.0,5.0,5.0,6.5,946.5,264.0,24.0,2.0,2.0,0.0,17.159296875,74.27333942573506,1013.9490346315373,2080.0,2752.0,320.0,0.111,93,14,77,1014.0,3.0,4.0,5.0,,
2022-10-25 17:12:47,52.391441666999995,13.039148333,38.7,3.2085886001586914,3.3929603099823,3.3929603099823,22.22218990325928,25.56088447570801,25.60725212097168,25.61262035369873,25.616241455078125,5.0,6.0,8.0,840.0,269.0,43.0,3.0,3.0,2.0,5.0,6.0,7.0,939.0,265.0,31.5,2.0,2.0,0.0,17.137421875,74.30740386699212,1013.9497764754241,1856.0,2656.0,320.0,0.111,93,14,77,1014.0,3.0,4.0,5.0,,
2022-10-25 17:12:51,52.391481667,13.039146667,39.3,3.146841287612915,3.3276647329330444,3.3276647329330444,21.79453754425049,25.068981170654297,25.11445617675781,25.11972045898437,25.123271942138672,4.0,5.0,7.5,840.0,267.0,46.0,3.5,3.5,2.0,5.0,5.5,7.0,934.5,268.5,30.0,2.0,2.0,0.0,17.1188671875,74.3727465262738,1013.9518076390127,2016.0,2752.0,480.0,0.111,93,14,77,1014.0,3.0,4.0,5.0,,
2022-10-25 17:12:51,52.391481667,13.039146667,39.3,3.046249270439148,3.2212926149368286,3.2212926149368286,21.097853660583496,24.26762580871582,24.311646461486816,24.31674289703369,24.32018184661865,4.0,5.0,8.0,840.0,265.0,49.0,4.0,4.0,2.0,6.0,7.0,7.0,1002.0,294.0,45.5,0.0,0.0,0.0,17.10373046875,74.47624564834398,1013.9452560510002,2336.0,3264.0,608.0,0.111,93,14,77,1014.0,3.0,4.0,5.0,,
2022-10-25 17:12:57,52.391516667,13.039143333,41.6,2.912575125694275,3.0799372196197514,3.0799372196197514,20.172046661376953,23.202725410461426,23.244813919067386,23.24968719482422,23.25297451019287,4.0,7.0,9.0,834.0,261.0,59.0,4.0,3.0,1.0,6.0,7.0,7.0,1041.0,297.5,45.5,0.0,0.0,0.0,17.09025390625,74.56637707310426,1013.9447843447364,1856.0,2848.0,512.0,0.111,93,14,77,1014.0,3.0,4.0,5.0,,
2022-10-25 17:13:01,52.391543333,13.039145,40.8,2.79701030254364,2.95773184299469,2.95773184299469,19.371662139892575,22.28208923339844,22.322508811950684,22.32718849182129,22.330345153808594,4.0,6.5,8.5,846.0,266.0,61.0,4.0,3.0,1.0,6.0,7.0,7.0,1047.0,298.0,47.0,0.0,0.0,0.0,17.075703125,74.60165504204579,1013.9467218974984,2240.0,2944.0,224.0,0.113,93,14,77,1013.9,3.0,4.0,5.0,,
2022-10-25 17:13:05,52.391568333,13.039145,40.2,2.7124195098876958,2.8682804107666016,2.8682804107666016,18.785799980163574,21.608205795288086,21.6474027633667,21.65194129943848,21.65500259399414,4.0,6.0,8.0,858.0,271.0,63.0,4.0,3.0,1.0,6.0,7.0,7.0,1036.5,293.0,43.5,0.0,0.0,0.0,17.06037109375,74.56500593962205,1013.9431903548816,2208.0,3072.0,544.0,0.113,93,14,77,1013.9,3.0,4.0,5.0,,
2022-10-25 17:13:09,52.391591667,13.03915,41.1,2.5998395681381226,2.749231338500977,2.749231338500977,18.006088256835938,20.71134853363037,20.74891948699951,20.753268241882324,20.756202697753906,4.0,6.0,7.0,870.0,275.0,57.0,3.0,2.0,1.0,6.0,7.0,7.0,1014.0,286.5,45.0,0.0,0.0,0.0,17.04279296875,74.53825963763146,1013.9376280380777,2080.0,2912.0,384.0,0.113,93,14,77,1013.9,3.0,4.0,5.0,,
2022-10-25 17:13:12,52.39162,13.03914,40.0,2.500583291053772,2.6442716121673584,2.6442716121673584,17.318655014038086,19.920635223388672,19.95677089691162,19.96095371246338,19.96377658843994,4.0,6.5,7.5,913.5,290.5,58.0,3.0,2.0,1.0,5.0,5.5,5.5,955.5,253.5,32.5,0.0,0.0,0.0,17.02677734375,74.51176697983917,1013.9421643423017,2240.0,3008.0,480.0,0.113,93,14,77,1013.9,3.0,4.0,5.0,,
2022-10-25 17:13:12,52.39162,13.03914,40.0,2.516670823097229,2.6612836122512817,2.6612836122512817,17.430073738098145,20.048794746398926,20.085163116455078,20.08937358856201,20.09221363067627,5.0,8.0,9.0,957.0,306.0,59.0,3.0,2.0,1.0,4.5,5.0,5.0,879.0,235.5,28.5,0.0,0.0,0.0,17.014375,74.49952775771261,1013.9434587606848,2112.0,3008.0,512.0,0.113,93,14,77,1013.9,3.0,4.0,5.0,,
2022-10-25 17:13:19,52.39164,13.039151667,39.1,2.594237923622132,2.7433078289031982,2.7433078289031982,17.967291831970215,20.66672420501709,20.70421314239502,20.708553314208984,20.711482048034668,5.0,8.0,10.0,975.0,312.0,57.0,6.0,3.0,1.0,4.5,5.0,5.0,871.5,239.0,24.0,0.0,0.0,0.0,17.00177734375,74.4838413510377,1013.9343985386972,1984.0,2176.0,192.0,0.113,93,14,77,1013.9,3.0,4.0,5.0,,
2022-10-25 17:13:22,52.391683333,13.039158333,38.3,2.701737403869629,2.8569843769073486,2.8569843769073486,18.711816787719727,21.523107528686523,21.56215000152588,21.566670417785645,21.56972026824951,5.5,8.0,10.0,987.0,316.5,57.0,6.0,3.0,1.0,4.5,5.0,5.0,894.0,240.5,21.0,0.0,0.0,0.0,16.99142578125,74.44801591157491,1013.9365640615554,1792.0,2400.0,160.0,0.113,93,14,77,1013.9,3.0,4.0,5.0,,
2022-10-25 17:13:26,52.391690000000004,13.039155000000001,41.3,2.8566254377365112,3.0207725763320923,3.0207725763320923,19.784547805786133,22.75700664520264,22.7982873916626,22.803067207336426,22.806291580200195,5.5,7.5,9.5,999.0,321.0,57.0,6.0,3.0,1.0,5.0,5.0,5.0,909.0,245.0,23.0,0.0,0.0,0.0,16.97501953125,74.49323357041489,1013.9346006761116,1920.0,2752.0,352.0,0.113,93,14,77,1013.9,3.0,4.0,5.0,,
2022-10-25 17:13:30,52.391709999999996,13.039151667,39.7,2.9763944149017334,3.14742374420166,3.14742374420166,20.614048957824707,23.71113395690918,23.75414657592773,23.75912570953369,23.762484550476074,4.0,8.0,10.0,993.0,318.0,62.0,7.0,3.0,1.0,5.0,5.5,5.5,915.0,259.5,25.0,0.0,0.0,0.0,16.95197265625,74.61944184757292,1013.9250338929343,1792.0,2624.0,320.0,0.113,93,14,77,1013.9,3.0,4.0,5.0,,
2022-10-25 17:13:33,52.391733333000005,13.039153333,38.9,2.92671275138855,3.0948872566223145,3.0948872566223145,20.269962310791016,23.31535053253174,23.357644081115726,23.36254024505615,23.3658447265625,4.0,8.0,9.5,990.0,317.0,60.0,6.5,2.5,0.5,5.0,6.0,6.0,973.5,267.5,28.0,0.0,0.0,0.0,16.931953125,74.6743686985102,1013.9296506800683,1920.0,2464.0,224.0,0.113,93,14,77,1013.9,3.0,4.0,5.0,,
2022-10-25 17:13:33,52.391733333000005,13.039153333,38.9,2.801694631576538,2.9626853466033936,2.9626853466033936,19.4041051864624,22.319406509399414,22.359893798828125,22.36458110809326,22.367743492126465,4.0,8.0,9.0,987.0,316.0,58.0,6.0,2.0,0.0,5.0,6.0,6.0,960.0,270.0,34.5,0.0,0.0,0.0,16.914375,74.66471459886026,1013.9341104664684,2176.0,2784.0,256.0,0.113,93,14,77,1013.9,3.0,4.0,5.0,,
2022-10-25 17:13:40,52.391796667,13.039153333,38.8,2.715522766113281,2.8715618848800664,2.8715618848800664,18.807292938232425,21.632927894592285,21.67216968536377,21.67671203613281,21.679777145385746,5.0,8.0,9.0,1017.0,324.0,60.0,6.0,2.0,0.0,5.0,6.0,6.0,955.5,276.5,41.0,0.0,0.0,0.0,16.9065625,74.67030679855769,1013.9354420202113,1856.0,2464.0,288.0,0.113,93,14,77,1013.9,3.0,4.0,5.0,,
2022-10-25 17:13:44,52.391815,13.039155000000001,36.7,2.6875888109207158,2.8420228958129883,2.8420228958129883,18.613825798034668,21.4103946685791,21.449233055114746,21.4537296295166,21.45676326751709,5.0,8.0,9.0,1020.0,327.0,59.0,5.5,1.5,0.0,4.5,5.5,5.5,930.0,274.0,35.0,0.0,0.0,0.0,16.91544921875,74.7811920619881,1013.9367171822228,1728.0,2464.0,448.0,0.113,93,14,77,1013.9,3.0,4.0,5.0,,
2022-10-25 17:13:47,52.391835,13.039153333,39.0,2.7227683067321777,2.8792238235473637,2.8792238235473637,18.8574743270874,21.690648078918453,21.729995727539066,21.73455047607422,21.737624168396,5.0,8.0,9.0,1023.0,330.0,58.0,5.0,1.0,0.0,5.0,5.5,5.5,912.0,258.5,29.0,0.0,0.0,0.0,16.9235546875,74.78933536193621,1013.932524742305,1888.0,2432.0,128.0,0.113,93,14,77,1013.9,3.0,4.0,5.0,,
2022-10-25 17:13:51,52.391858333,13.039156667,41.6,2.8165600299835205,2.978404998779297,2.978404998779297,19.507061004638672,22.43782997131348,22.47853279113769,22.483243942260746,22.48642349243164,5.5,8.5,9.5,1122.0,359.0,56.0,5.0,2.0,0.0,5.0,6.0,6.0,925.5,259.0,28.5,0.0,0.0,0.0,16.931171875,74.77344911461371,1013.9342142718233,2208.0,3072.0,224.0,0.113,93,14,77,1013.9,3.0,4.0,5.0,,
2022-10-25 17:13:51,52.391858333,13.039156667,41.6,2.8998191356658936,3.0664483308792114,3.0664483308792114,20.083701133728027,23.101104736328125,23.14301109313965,23.14786148071289,23.1511344909668,6.0,9.0,10.0,1128.0,361.0,55.0,5.0,2.0,0.0,4.5,5.0,5.0,949.5,248.5,27.5,0.0,0.0,0.0,16.93439453125,74.70212228032466,1013.9420342511867,2016.0,2880.0,448.0,0.113,93,14,77,1013.9,3.0,4.0,5.0,,
2022-10-25 17:13:51,52.391858333,13.039156667,41.6,2.9975950717926025,3.1698426008224487,3.1698426008224487,20.760881423950195,23.880026817321774,23.923344612121586,23.92835998535156,23.931742668151852,6.0,9.0,10.0,1134.0,363.0,54.0,5.0,2.0,0.0,4.0,5.0,5.0,949.5,243.0,25.5,0.0,0.0,0.0,16.9352734375,74.76726788805355,1013.9434830484148,2112.0,3104.0,320.0,0.113,93,14,77,1013.9,3.0,4.0,5.0,,
2022-10-25 17:14:01,52.391903333,13.039145,38.9,3.1108692884445186,3.289625883102417,3.289625883102417,21.545401573181152,24.78241443634033,24.82736968994141,24.832573890686035,24.836085319519047,6.0,9.0,10.0,1128.0,363.0,54.0,5.0,2.0,0.0,4.0,5.0,5.0,924.0,228.0,26.0,0.0,0.0,0.0,16.937421875,74.91478619661096,1013.938665412545,2176.0,2880.0,352.0,0.122,92,14,78,1014.0,2.0,4.0,5.0,,
2022-10-25 17:14:05,52.39193,13.039143333,38.4,3.1092917919158936,3.287957668304444,3.287957668304444,21.534475326538086,24.76984691619873,24.81477928161621,24.81998157501221,24.823490142822266,6.0,9.0,10.0,1096.5,351.5,50.0,5.0,2.0,0.0,4.0,5.0,5.0,954.0,241.0,26.0,0.0,0.0,0.0,16.93927734375,75.03494489588383,1013.9467394588112,2176.0,2944.0,384.0,0.122,92,14,78,1014.0,2.0,4.0,5.0,,
2022-10-25 17:14:08,52.391935,13.039153333,40.2,3.0408027172088623,3.2155331373214717,3.2155331373214717,21.060131072998047,24.224236488342285,24.268178939819336,24.27326583862305,24.276698112487797,6.0,9.0,10.0,1065.0,340.0,46.0,5.0,2.0,0.0,4.0,5.0,5.0,942.0,246.0,25.5,0.0,0.0,0.0,16.94162109375,75.08328442139538,1013.9514388474768,2080.0,2944.0,384.0,0.122,92,14,78,1014.0,2.0,4.0,5.0,,
2022-10-25 17:14:12,52.39196,13.03915,36.4,3.0026015043258667,3.1751365661621094,3.1751365661621094,20.795555114746094,23.919910430908203,23.96329975128174,23.96832370758057,23.97171211242676,6.0,8.0,9.0,1059.0,338.0,44.0,2.0,1.0,0.0,5.0,5.0,5.0,979.5,259.0,23.0,0.0,0.0,0.0,16.941425781249997,75.12780080642274,1013.9486091305802,2208.0,3200.0,544.0,0.122,92,14,78,1014.0,2.0,4.0,5.0,,
2022-10-25 17:14:12,52.39196,13.03915,36.4,2.878923773765564,3.044352173805237,3.044352173805237,19.93898200988769,22.934643745422363,22.976247787475586,22.981064796447754,22.98431396484375,6.0,8.5,9.0,1090.5,347.5,47.0,2.0,1.0,0.0,5.0,6.0,6.0,1009.5,267.0,27.0,0.0,0.0,0.0,16.93576171875,75.16458838288109,1013.9501393171377,2048.0,2752.0,288.0,0.122,92,14,78,1014.0,2.0,4.0,5.0,,
2022-10-25 17:14:18,52.392011667,13.039143333,35.6,2.817429542541504,2.979324460029602,2.979324460029602,19.513083457946774,22.44475746154785,22.485472679138184,22.490185737609863,22.493366241455078,6.0,9.0,9.0,1122.0,357.0,50.0,2.0,1.0,0.0,6.0,7.0,7.0,1089.0,296.5,37.5,0.0,0.0,0.0,16.92658203125,75.1425474879012,1013.9550689636026,1792.0,2656.0,320.0,0.122,92,14,78,1014.0,2.0,4.0,5.0,,
2022-10-25 17:14:22,52.392048333000005,13.039141667,37.4,2.617242932319641,2.767634868621826,2.767634868621826,18.12662124633789,20.84999179840088,20.887813568115234,20.892191886901852,20.89514636993408,6.0,9.0,9.0,1128.0,360.0,50.0,1.0,1.0,0.0,6.0,7.0,7.0,1110.0,301.5,50.0,0.0,0.0,0.0,16.917109375,75.2575748385287,1013.9570074992914,2176.0,2976.0,224.0,0.122,92,14,78,1014.0,2.0,4.0,5.0,,
2022-10-25 17:14:26,52.392076667,13.039143333,35.5,2.559081554412842,2.706131339073181,2.706131339073181,17.723804473876953,20.38665580749512,20.4236364364624,20.42791748046875,20.430806159973145,6.5,9.0,9.0,1144.5,365.0,50.0,1.0,1.0,0.0,6.0,7.5,7.5,1101.0,304.5,47.0,0.0,0.0,0.0,16.910078125,75.25987185283225,1013.958790807068,2304.0,3136.0,384.0,0.122,92,14,78,1014.0,2.0,4.0,5.0,,
2022-10-25 17:14:30,52.392101667,13.039143333,37.0,2.526118516921997,2.6712740659713745,2.6712740659713745,17.49550724029541,20.12405776977539,20.16056251525879,20.1647891998291,20.16763973236084,7.0,9.0,9.0,1161.0,370.0,50.0,1.0,1.0,0.0,6.0,7.0,10.0,1053.0,301.5,53.0,4.0,4.0,2.0,16.900703125,75.3269501657791,1013.958381918766,1824.0,2912.0,416.0,0.122,92,14,78,1014.0,2.0,4.0,5.0,,
2022-10-25 17:14:33,52.39212,13.03914,36.6,2.551061749458313,2.697650671005249,2.697650671005249,17.66826057434082,20.322766304016113,20.359631538391113,20.36389923095703,20.366779327392575,7.0,9.0,10.0,1206.0,387.0,50.0,1.0,1.0,0.0,6.0,6.5,9.5,985.5,287.5,44.5,4.0,4.0,2.0,16.88986328125,75.50362695926344,1013.963080509046,2112.0,2848.0,320.0,0.122,92,14,78,1014.0,2.0,4.0,5.0,,
2022-10-25 17:14:33,52.39212,13.03914,36.6,2.5624383687973022,2.7096810340881348,2.7096810340881348,17.747053146362305,20.41339683532715,20.450425148010254,20.454712867736816,20.45760536193848,7.5,10.0,10.5,1255.5,402.5,54.0,1.5,1.0,0.0,5.0,5.5,8.0,942.0,270.5,32.5,4.0,4.0,2.0,16.88166015625,75.57439542414987,1013.9595875959748,2176.0,2944.0,224.0,0.122,92,14,78,1014.0,2.0,4.0,5.0,,
2022-10-25 17:14:40,52.39217,13.03914,33.8,2.548086881637573,2.694504857063293,2.694504857063293,17.647658348083496,20.299067497253414,20.33588981628418,20.340153694152832,20.3430290222168,8.0,11.0,11.0,1305.0,418.0,58.0,2.0,1.0,0.0,5.0,5.0,8.0,900.0,262.0,19.0,4.0,4.0,2.0,16.874921875,75.62825059347423,1013.9484793112724,1696.0,2624.0,384.0,0.122,92,14,78,1014.0,2.0,4.0,5.0,,
2022-10-25 17:14:43,52.392191667,13.039155000000001,33.7,2.5514837503433228,2.6980968713760376,2.6980968713760376,17.67118263244629,20.326128005981445,20.362998962402344,20.367267608642575,20.37014675140381,7.0,10.0,10.0,1230.0,397.0,50.0,1.0,0.0,0.0,4.5,4.5,7.5,885.0,259.5,18.0,4.0,4.0,2.0,16.87853515625,75.74907028732947,1013.9477491736716,1632.0,2496.0,352.0,0.122,92,14,78,1014.0,2.0,4.0,5.0,,
2022-10-25 17:14:47,52.3922,13.039191667,35.1,2.6561120748519897,2.8087373971939087,2.8087373971939087,18.39582347869873,21.159639358520508,21.19802188873291,21.202466011047363,21.205463409423828,7.0,10.0,10.0,1243.5,401.0,51.0,1.0,0.0,0.0,4.0,5.0,5.0,900.0,258.0,11.0,0.0,0.0,0.0,16.901484375,75.89371410224084,1013.947131725816,1984.0,2880.0,448.0,0.122,92,14,78,1014.0,2.0,4.0,5.0,,
2022-10-25 17:14:51,52.392206666999996,13.03924,35.4,2.9155064821243286,3.0830368995666504,3.0830368995666504,20.19234848022461,23.226076126098636,23.268208503723145,23.27308559417725,23.276376724243164,6.5,9.5,9.5,1257.0,405.0,52.0,1.0,0.0,0.0,4.0,4.0,4.0,928.5,266.5,10.0,0.0,0.0,0.0,16.9262890625,75.88053988817583,1013.948734681936,2016.0,2720.0,256.0,0.122,92,14,78,1014.0,2.0,4.0,5.0,,
2022-10-25 17:14:54,52.392208333,13.039273332999999,37.2,3.0879714488983154,3.265412211418152,3.265412211418152,21.38681507110596,24.600001335144047,24.64462471008301,24.649791717529297,24.65327739715576,7.0,10.0,10.0,1281.0,413.0,58.0,2.0,0.0,0.0,5.0,5.0,5.0,888.0,260.5,11.0,0.0,0.0,0.0,16.9473828125,75.86332845945904,1013.9509053213294,2048.0,2976.0,256.0,0.122,92,14,78,1014.0,2.0,4.0,5.0,,
2022-10-25 17:14:54,52.392208333,13.039273332999999,37.2,3.186599850654602,3.3697080612182617,3.3697080612182617,22.069899559021,25.38571357727051,25.431763648986816,25.43709468841553,25.44069099426269,7.0,11.0,11.0,1278.0,414.0,64.0,2.5,0.0,0.0,5.0,5.0,5.0,892.5,261.0,14.0,0.0,0.0,0.0,16.9704296875,75.76737675800977,1013.9562936692747,1888.0,2656.0,416.0,0.122,92,14,78,1014.0,2.0,4.0,5.0,,
2022-10-25 17:15:01,52.392216667,13.039346667,35.4,3.2406610250473022,3.4268757104873657,3.4268757104873657,22.44431972503662,25.816387176513672,25.8632173538208,25.86863899230957,25.872297286987305,7.0,12.0,12.0,1275.0,415.0,70.0,3.0,0.0,0.0,5.0,7.0,7.0,942.0,278.5,32.0,4.0,0.0,0.0,16.9907421875,75.67789333391025,1013.9580088216259,2208.0,3264.0,448.0,0.11900000000000001,92,14,77,1014.0,3.0,4.0,5.0,,
2022-10-25 17:15:05,52.392226666999996,13.039388333,34.5,3.349005103111267,3.54144549369812,3.54144549369812,23.19469356536865,26.67949867248535,26.72789478302002,26.733497619628906,26.737277030944824,8.0,12.0,13.0,1314.0,426.0,76.0,4.0,1.0,1.0,5.5,8.0,9.5,1038.0,303.5,49.5,6.0,2.0,0.0,17.006464843750006,75.57396155472037,1013.9655330019517,2304.0,3136.0,352.0,0.11900000000000001,92,14,77,1014.0,3.0,4.0,5.0,,
2022-10-25 17:15:09,52.392236667,13.039436667,35.8,3.2733030319213867,3.4613933563232417,3.4613933563232417,22.670392990112305,26.07642650604248,26.12372875213623,26.129204750061035,26.132899284362797,7.0,11.0,12.5,1282.5,415.5,72.0,4.0,1.0,1.0,4.0,7.0,11.0,1041.0,288.0,53.5,9.0,6.0,2.0,17.01359375,75.48584846678806,1013.9697595681199,2080.0,2560.0,160.0,0.11900000000000001,92,14,77,1014.0,3.0,4.0,5.0,,
2022-10-25 17:15:12,52.392241667,13.03947,36.5,3.2267507314682007,3.412166118621826,3.412166118621826,22.347978591918945,25.7055721282959,25.752201080322266,25.75760078430176,25.761242866516113,6.0,10.0,12.0,1251.0,405.0,68.0,4.0,1.0,1.0,5.0,7.0,11.0,1032.0,274.0,53.0,8.0,6.0,2.0,17.021015624999997,75.52480824705556,1013.9794850488844,2400.0,3360.0,384.0,0.11900000000000001,92,14,77,1014.0,3.0,4.0,5.0,,
2022-10-25 17:15:12,52.392241667,13.03947,36.5,3.1237456798553467,3.3032422065734863,3.3032422065734863,21.63458251953125,24.88499355316162,24.930133819580078,24.9353609085083,24.93888664245605,7.5,11.5,12.5,1314.0,425.0,68.0,4.0,1.0,1.0,4.0,6.5,11.0,1036.5,267.0,53.0,10.0,8.0,2.0,17.0305859375,75.46113315215655,1013.9777031302333,2240.0,3040.0,512.0,0.11900000000000001,92,14,77,1014.0,3.0,4.0,5.0,,
2022-10-25 17:15:19,52.392246666999995,13.039545,34.8,3.04523241519928,3.220217347145081,3.220217347145081,21.09081077575684,24.259525299072266,24.30353164672852,24.308627128601074,24.31206321716309,7.5,11.5,13.0,1300.5,421.0,67.0,4.0,1.0,1.0,3.5,6.0,9.0,972.0,255.5,46.5,7.0,5.0,2.0,17.03400390625,75.46855069620074,1013.9774846580073,1824.0,2432.0,224.0,0.11900000000000001,92,14,77,1014.0,3.0,4.0,5.0,,
2022-10-25 17:15:23,52.392275,13.039596667,35.1,3.002816081047058,3.175363659858704,3.175363659858704,20.79704189300537,23.921619415283203,23.96501350402832,23.97003650665283,23.97342586517334,7.0,11.0,13.0,1287.0,417.0,66.0,4.0,1.0,1.0,4.5,6.0,7.0,982.5,263.0,41.0,4.0,2.0,0.0,17.034296875,75.4480037153235,1013.9829837999404,1984.0,2432.0,192.0,0.11900000000000001,92,14,77,1014.0,3.0,4.0,5.0,,
2022-10-25 17:15:26,52.39228,13.03963,37.2,2.9431579113006587,3.1122773885726933,3.1122773885726933,20.38385772705078,23.446358680725094,23.48888969421387,23.49381446838379,23.49713611602783,7.0,12.0,13.0,1254.0,404.0,70.0,4.0,1.0,1.0,5.0,6.0,7.0,954.0,273.5,44.5,2.0,2.0,0.0,17.02951171875,75.44036662467703,1013.9842928736552,1888.0,2304.0,352.0,0.11900000000000001,92,14,77,1014.0,3.0,4.0,5.0,,
2022-10-25 17:15:30,52.392283333,13.039668333,35.5,2.8955708742141724,3.0619559288024902,3.0619559288024902,20.054277420043945,23.067261695861816,23.109105110168453,23.1139497756958,23.117218017578125,6.0,10.0,11.5,1222.5,394.5,68.0,3.5,1.0,1.0,5.5,6.0,7.0,1021.5,291.5,44.0,2.0,2.0,0.0,17.02296875,75.40156155309705,1013.9835404415744,1696.0,2880.0,480.0,0.11900000000000001,92,14,77,1014.0,3.0,4.0,5.0,,
2022-10-25 17:15:30,52.392283333,13.039668333,35.5,2.9310487508773804,3.099472403526306,3.099472403526306,20.299991607666016,23.34989261627197,23.39224910736084,23.3971529006958,23.40046119689941,6.5,9.5,11.5,1191.0,385.0,66.0,3.0,1.0,1.0,5.0,5.5,5.5,1000.5,290.5,33.5,0.0,0.0,0.0,17.01583984375,75.4107047611941,1013.9742978395302,1824.0,2624.0,256.0,0.11900000000000001,92,14,77,1014.0,3.0,4.0,5.0,,
2022-10-25 17:15:36,52.392288333,13.03973,36.9,3.0331317186355586,3.20742130279541,3.20742130279541,21.007003784179688,24.163126945495605,24.20695781707764,24.212032318115234,24.21545600891113,7.0,11.0,12.0,1272.0,410.0,70.0,3.0,1.0,1.0,5.5,6.0,6.0,1029.0,295.5,44.0,0.0,0.0,0.0,17.011640625,75.39630129666256,1013.9749003435376,2176.0,3168.0,352.0,0.11900000000000001,92,14,77,1014.0,3.0,4.0,5.0,,
2022-10-25 17:15:40,52.392288333,13.039765,38.4,3.1509184837341313,3.3319761753082275,3.3319761753082275,21.82277584075928,25.101460456848145,25.14699459075928,25.15226650238037,25.15582275390625,6.5,10.5,11.5,1246.5,402.0,70.0,3.0,1.0,1.0,4.5,5.5,5.5,924.0,265.0,41.5,0.0,0.0,0.0,17.008417968750006,75.36833274022123,1013.9779484634848,2048.0,2752.0,448.0,0.11900000000000001,92,14,77,1014.0,3.0,4.0,5.0,,
2022-10-25 17:15:44,52.39229,13.039805,39.6,3.1406949758529663,3.3211653232574463,3.3211653232574463,21.751968383789066,25.02001762390137,25.06540298461914,25.07065773010254,25.07420253753662,6.0,10.0,11.0,1221.0,394.0,70.0,3.0,1.0,1.0,5.0,6.0,6.0,969.0,281.5,38.0,0.0,0.0,0.0,17.0075390625,75.29272722018581,1013.982351785828,1888.0,3168.0,352.0,0.11900000000000001,92,14,77,1014.0,3.0,4.0,5.0,,
2022-10-25 17:15:47,52.392296667,13.039836667000001,39.3,3.1326185464859013,3.31262481212616,3.31262481212616,21.696033477783203,24.95567798614502,25.000946044921875,25.00618839263916,25.009723663330078,5.0,9.0,10.0,1185.0,380.0,63.0,2.0,1.0,1.0,4.0,5.5,5.5,954.0,277.0,43.0,0.0,0.0,0.0,17.00509765625,75.23403503804988,1013.9825075440491,1632.0,2528.0,224.0,0.11900000000000001,92,14,77,1014.0,3.0,4.0,5.0,,
2022-10-25 17:15:51,52.392298333,13.039875,39.4,3.0762407779693604,3.2530075311660767,3.2530075311660767,21.30556964874268,24.506549835205078,24.55100440979004,24.556151390075684,24.5596227645874,5.0,8.5,9.5,1167.0,374.0,58.0,1.5,1.0,1.0,5.0,6.0,6.0,933.0,269.0,47.0,0.0,0.0,0.0,17.001093750000006,75.25396336251183,1013.9825957165456,2080.0,3168.0,576.0,0.11900000000000001,92,14,77,1014.0,3.0,4.0,5.0,,
2022-10-25 17:15:51,52.392298333,13.039875,39.4,2.9888643026351933,3.1606101989746094,3.1606101989746094,20.700413703918453,23.810474395751953,23.85366630554199,23.85866641998291,23.86203956604004,6.0,9.0,10.0,1149.0,368.0,53.0,1.0,1.0,1.0,4.0,5.0,5.0,888.0,247.5,37.0,0.0,0.0,0.0,16.99552734375,75.26335327594232,1013.98596021432,2272.0,3040.0,576.0,0.11900000000000001,92,14,77,1014.0,3.0,4.0,5.0,,
2022-10-25 17:15:58,52.3923,13.039935,37.5,2.798075079917908,2.9588578939437866,2.9588578939437866,19.37903594970703,22.29057216644287,22.33100700378418,22.335688591003414,22.33884620666504,6.0,9.0,9.0,1092.0,349.0,59.0,1.0,0.0,0.0,4.5,5.5,5.5,976.5,271.0,32.5,0.0,0.0,0.0,16.99103515625,75.26948787317335,1013.9852433345883,1696.0,2208.0,288.0,0.11900000000000001,92,14,77,1014.0,3.0,4.0,5.0,,
2022-10-25 17:16:01,52.392301667,13.039961667,37.7,2.623435854911804,2.7741835117340092,2.7741835117340092,18.169511795043945,20.899327278137207,20.93723773956299,20.941627502441406,20.944588661193848,6.0,9.0,9.0,1095.0,351.0,60.0,1.0,0.0,0.0,5.0,5.0,5.0,979.5,255.5,27.5,0.0,0.0,0.0,16.9899609375,75.23845293224832,1013.9767847431532,2144.0,3072.0,512.0,0.125,92,14,79,1014.0,3.0,4.0,5.0,,
2022-10-25 17:16:05,52.392301667,13.04,35.4,2.5277810096740723,2.67303204536438,2.67303204536438,17.5070219039917,20.13730239868164,20.17383098602295,20.17806053161621,20.180912971496586,6.0,9.0,9.0,1098.0,353.0,61.0,1.0,0.0,0.0,4.0,4.0,4.0,957.0,250.0,19.0,0.0,0.0,0.0,16.992792968750006,75.19433943113971,1013.9822889535401,2176.0,3296.0,544.0,0.125,92,14,79,1014.0,3.0,4.0,5.0,,
2022-10-25 17:16:09,52.392309999999995,13.040031667000001,32.9,2.4853771924972534,2.6281917095184326,2.6281917095184326,17.213339805603027,19.7994966506958,19.83541202545166,19.839570999145508,19.84237575531006,6.0,9.0,9.0,1095.0,351.0,65.0,1.0,0.0,0.0,4.5,5.0,5.0,1018.5,261.0,20.0,0.0,0.0,0.0,16.99630859375,75.17776527715759,1013.9763800936876,2048.0,2784.0,256.0,0.125,92,14,79,1014.0,3.0,4.0,5.0,,
2022-10-25 17:16:12,52.392311667,13.040065,33.8,2.529681205749512,2.6750415563583374,2.6750415563583374,17.520182609558105,20.15244007110596,20.188995361328125,20.19322872161865,20.196084022521973,6.0,9.0,9.0,1089.0,349.0,63.5,1.0,0.0,0.0,4.5,4.5,4.5,988.5,265.5,17.0,0.0,0.0,0.0,17.003437499999997,75.16177471632764,1013.9806070403822,2176.0,2976.0,544.0,0.125,92,14,79,1014.0,3.0,4.0,5.0,,
2022-10-25 17:16:12,52.392311667,13.040065,33.8,2.607832074165344,2.7576830387115483,2.7576830387115483,18.061442375183105,20.77501964569092,20.812705993652344,20.817068099975586,20.82001209259033,5.5,8.5,8.5,1083.0,347.0,62.0,1.0,0.0,0.0,4.0,4.5,4.5,946.5,247.0,28.0,0.0,0.0,0.0,17.01359375,75.16683838945838,1013.9981841000233,2272.0,3360.0,480.0,0.125,92,14,79,1014.0,3.0,4.0,5.0,,
2022-10-25 17:16:19,52.392325,13.040165,36.7,2.6473063230514526,2.7994256019592285,2.7994256019592285,18.33483600616455,21.089488983154297,21.127744674682614,21.13217258453369,21.13516139984131,5.0,8.0,9.0,1083.0,345.0,58.0,2.0,1.0,1.0,4.5,4.5,4.5,885.0,242.5,31.0,0.0,0.0,0.0,17.0130078125,75.13589597620134,1013.9980542745562,1792.0,2464.0,288.0,0.125,92,14,79,1014.0,3.0,4.0,5.0,,
2022-10-25 17:16:22,52.392326667,13.0402,34.2,2.614123821258545,2.7643364667892456,2.7643364667892456,18.105019569396973,20.82514476776123,20.8629207611084,20.86729431152344,20.8702449798584,5.0,7.5,8.5,1059.0,338.0,56.0,2.0,1.0,1.0,4.0,5.0,5.0,969.0,269.5,46.5,0.0,0.0,0.0,17.0063671875,75.1451088418263,1013.9954682480195,2144.0,2784.0,352.0,0.125,92,14,79,1014.0,3.0,4.0,5.0,,
2022-10-25 17:16:26,52.392333333,13.040239999999999,37.4,2.5404372215271,2.6864155530929565,2.6864155530929565,17.59467601776123,20.238126754760746,20.274837493896484,20.279088973999023,20.281956672668453,5.0,7.0,8.0,1035.0,331.0,54.0,2.0,1.0,1.0,4.5,5.5,5.5,904.5,255.5,49.0,0.0,0.0,0.0,16.99865234375,75.16785927563582,1013.9977993272348,2368.0,3200.0,448.0,0.125,92,14,79,1014.0,3.0,4.0,5.0,,
2022-10-25 17:16:30,52.392345,13.040286667,37.7,2.442241907119751,2.5825778245925903,2.5825778245925903,16.91459083557129,19.45586395263672,19.491156578063965,19.49524211883545,19.49799919128418,5.0,8.0,9.0,930.0,300.0,54.0,3.0,1.0,1.0,4.5,5.5,5.5,957.0,262.0,48.0,0.0,0.0,0.0,16.97892578125,75.21953371568169,1013.9962134670407,1696.0,2208.0,192.0,0.125,92,14,79,1014.0,3.0,4.0,5.0,,
2022-10-25 17:16:30,52.392345,13.040286667,37.7,2.4063262939453125,2.5445984601974487,2.5445984601974487,16.665844917297367,19.16974639892578,19.204519271850586,19.20854663848877,19.211261749267575,5.0,8.0,9.0,930.0,300.0,54.0,3.0,1.0,1.0,4.5,5.5,5.5,1009.5,278.5,40.0,0.0,0.0,0.0,16.952265625000006,75.45192683856463,1013.9923914841133,2048.0,2944.0,320.0,0.125,92,14,79,1014.0,3.0,4.0,5.0,,
2022-10-25 17:16:30,52.392345,13.040286667,37.7,2.452410221099853,2.593330383300781,2.593330383300781,16.985014915466312,19.536869049072266,19.57230854034424,19.576412200927734,19.579179763793945,4.0,7.0,8.0,930.0,300.0,54.0,3.0,1.0,1.0,4.5,5.5,5.5,1054.5,284.0,35.5,0.0,0.0,0.0,16.91623046875,75.77924409469945,1013.9973527544553,2016.0,2848.0,320.0,0.125,92,14,79,1014.0,3.0,4.0,5.0,,
2022-10-25 17:16:40,52.392346667,13.0404,37.4,2.635654926300049,2.787104845046997,2.787104845046997,18.25414085388184,20.99666976928711,21.034756660461426,21.03916645050049,21.04214096069336,5.5,7.5,8.5,942.0,306.0,59.0,4.0,1.0,1.0,5.0,5.0,5.0,1011.0,274.5,22.5,0.0,0.0,0.0,16.8723828125,76.15047477693577,1013.9969506589853,1856.0,2496.0,384.0,0.125,92,14,79,1014.0,3.0,4.0,5.0,,
2022-10-25 17:16:44,52.392346667,13.040445,38.3,2.846245765686035,3.0097965002059937,3.0097965002059937,19.712658882141113,22.674318313598636,22.71544933319092,22.72021102905273,22.72342395782471,6.0,9.0,10.0,991.5,322.5,62.0,5.5,1.5,1.5,4.5,4.5,4.5,1066.5,294.5,23.5,0.0,0.0,0.0,16.83537109375,76.43377244584049,1013.9919306790043,2016.0,2592.0,384.0,0.125,92,14,79,1014.0,3.0,4.0,5.0,,
2022-10-25 17:16:47,52.392353333,13.040478333,37.5,2.8885284662246704,3.0545088052749634,3.0545088052749634,20.005502700805664,23.01115894317627,23.05290126800537,23.0577335357666,23.060994148254395,5.5,9.5,10.5,1041.0,339.0,65.0,7.0,2.0,2.0,6.0,6.0,6.0,1071.0,298.5,28.0,0.0,0.0,0.0,16.80451171875,76.61146828259281,1013.9861839707339,1984.0,2912.0,384.0,0.125,92,14,79,1014.0,3.0,4.0,5.0,,
2022-10-25 17:16:51,52.392365000000005,13.040525,38.0,2.8281173706054688,2.990626573562622,2.990626573562622,19.5871057510376,22.5299015045166,22.57076930999756,22.575502395629886,22.578693389892575,5.0,8.0,10.0,1053.0,345.0,53.0,7.0,2.0,2.0,5.0,5.5,5.5,1008.0,285.0,25.0,0.0,0.0,0.0,16.77833984375,76.7141436220083,1013.9973551492592,2016.0,2656.0,384.0,0.125,92,14,79,1014.0,3.0,4.0,5.0,,
2022-10-25 17:16:51,52.392365000000005,13.040525,38.0,2.8371524810791016,3.000180602073669,3.000180602073669,19.64968013763428,22.60187816619873,22.64287757873535,22.647624015808105,22.65082550048828,5.0,8.0,10.5,1056.0,346.0,54.0,7.5,2.5,2.0,5.0,5.5,5.5,961.5,281.5,20.5,0.0,0.0,0.0,16.76115234375,76.82178226427467,1014.0007728085127,1984.0,2432.0,160.0,0.125,92,14,79,1014.0,3.0,4.0,5.0,,
2022-10-25 17:16:57,52.392373333,13.04059,39.6,2.8351367712020874,2.998049139976501,2.998049139976501,19.63572120666504,22.58582019805908,22.62679004669189,22.631534576416016,22.63473415374756,5.0,8.0,11.0,1059.0,347.0,55.0,8.0,3.0,2.0,4.5,5.0,5.0,912.0,262.5,20.0,0.0,0.0,0.0,16.74728515625,76.90583148113754,1014.0046496499896,2112.0,3008.0,448.0,0.125,92,14,79,1014.0,3.0,4.0,5.0,,
2022-10-25 17:17:01,52.392373333,13.040608333,39.8,2.8901623487472534,3.0562366247177124,3.0562366247177124,20.016818046569824,23.024174690246586,23.065940856933594,23.07077693939209,23.074037551879886,6.0,9.0,11.0,1005.0,329.0,47.0,8.0,3.0,2.0,4.0,4.5,5.5,909.0,255.5,14.5,2.0,2.0,0.0,16.73419921875,76.97967793104883,1014.004799787028,2016.0,2400.0,416.0,0.124,92,14,78,1014.0,3.0,4.0,5.0,,
2022-10-25 17:17:05,52.392375,13.040618333,40.5,2.9450660943984985,3.114295244216919,3.114295244216919,20.397074699401852,23.46156024932861,23.504119873046875,23.50904655456543,23.512370109558105,5.5,8.5,11.0,1011.0,331.0,49.5,8.0,3.0,2.0,4.0,4.0,5.0,913.5,259.5,11.0,2.0,2.0,0.0,16.7190625,77.03247880874076,1014.0065813646512,2368.0,3232.0,480.0,0.124,92,14,78,1014.0,3.0,4.0,5.0,,
2022-10-25 17:17:08,52.392375,13.04062,44.3,2.929407358169556,3.0977368354797363,3.0977368354797363,20.28862476348877,23.33681678771973,23.379149436950684,23.38405036926269,23.38735675811768,5.0,8.0,11.0,1017.0,333.0,52.0,8.0,3.0,2.0,5.0,5.0,6.0,970.5,274.5,14.0,2.0,2.0,0.0,16.708027343749997,77.06177288986501,1014.005933342044,2112.0,2912.0,480.0,0.124,92,14,78,1014.0,3.0,4.0,5.0,,
2022-10-25 17:17:12,52.392376667,13.04062,43.9,2.905623197555542,3.0725858211517334,3.0725858211517334,20.12389850616455,23.14734268188477,23.189332008361816,23.19419288635254,23.19747257232666,5.0,8.0,10.0,1035.0,343.0,54.0,7.0,2.0,1.0,5.0,5.5,6.5,1017.0,276.0,20.0,2.0,2.0,0.0,16.69865234375,77.0498753531186,1014.008022284802,2272.0,3360.0,608.0,0.124,92,14,78,1014.0,3.0,4.0,5.0,,
2022-10-25 17:17:12,52.392376667,13.04062,43.9,2.871524691581726,3.0365281105041504,3.0365281105041504,19.887737274169922,22.875701904296875,22.91719722747803,22.92200088500977,22.92524242401123,5.0,8.5,10.0,1056.0,350.0,54.0,7.0,2.0,1.0,5.0,5.0,6.0,1009.5,267.5,20.0,2.0,2.0,0.0,16.68830078125,77.00672574437083,1014.0160207968268,2176.0,3072.0,288.0,0.124,92,14,78,1014.0,3.0,4.0,5.0,,
2022-10-25 17:17:19,52.392378333,13.04068,41.6,2.780164122581482,2.939917802810669,2.939917802810669,19.25498867034912,22.147887229919434,22.18806266784668,22.192713737487797,22.19585132598877,6.0,10.0,11.0,1077.0,357.0,54.0,7.0,2.0,1.0,5.0,5.0,5.0,982.5,259.0,24.0,0.0,0.0,0.0,16.6805859375,77.0503799915888,1014.0216819408816,2048.0,3040.0,448.0,0.124,92,14,78,1014.0,3.0,4.0,5.0,,
2022-10-25 17:17:22,52.392378333,13.04072,41.9,2.668453097343445,2.8217875957489014,2.8217875957489014,18.481295585632324,21.257951736450195,21.29651355743408,21.30097770690918,21.303990364074707,6.0,10.0,11.0,1101.0,363.0,54.0,6.0,2.0,1.0,5.0,5.5,5.5,1048.5,270.0,28.0,0.0,0.0,0.0,16.67091796875,77.01770591629275,1014.016601758456,2144.0,3136.0,288.0,0.124,92,14,78,1014.0,3.0,4.0,5.0,,
2022-10-25 17:17:26,52.392376667,13.040745,40.3,2.665560245513916,2.8187284469604488,2.8187284469604488,18.461259841918945,21.234905242919922,21.273426055908203,21.27788543701172,21.28089427947998,6.0,10.0,11.0,1110.0,363.0,54.0,6.0,2.0,1.0,6.0,6.5,6.5,1099.5,288.5,36.5,0.0,0.0,0.0,16.66134765625,76.98850804695293,1014.0225446192163,2336.0,3264.0,608.0,0.124,92,14,78,1014.0,3.0,4.0,5.0,,
2022-10-25 17:17:30,52.392379999999996,13.04079,42.5,2.7965649366378784,2.9572609663009644,2.9572609663009644,19.36857795715332,22.27854061126709,22.31895351409912,22.323633193969727,22.326788902282715,6.0,10.0,11.0,1119.0,363.0,54.0,6.0,2.0,1.0,6.0,6.5,6.5,1063.5,288.5,37.5,0.0,0.0,0.0,16.649531250000006,76.9347731345334,1014.016427510229,1984.0,3200.0,448.0,0.124,92,14,78,1014.0,3.0,4.0,5.0,,
2022-10-25 17:17:33,52.392385,13.040828333,41.5,2.913555145263672,3.080973744392395,3.080973744392395,20.178834915161133,23.21053218841553,23.25263595581055,23.2575101852417,23.260799407958984,6.0,10.0,13.0,1125.0,365.0,62.0,10.0,5.0,2.0,6.0,7.0,7.0,1108.5,308.0,47.0,0.0,0.0,0.0,16.641328125,76.90235694688073,1014.0145975099306,2368.0,3040.0,544.0,0.124,92,14,78,1014.0,3.0,4.0,5.0,,
2022-10-25 17:17:33,52.392385,13.040828333,41.5,3.035551786422729,3.2099804878234863,3.2099804878234863,21.023764610290527,24.18240547180176,24.226271629333496,24.23135089874268,24.234777450561523,6.0,9.5,12.0,1096.5,354.5,60.0,8.5,4.5,1.5,6.0,7.0,7.0,1159.5,316.0,46.5,0.0,0.0,0.0,16.63556640625,76.89106059128069,1014.0167933577087,2048.0,2912.0,352.0,0.124,92,14,78,1014.0,3.0,4.0,5.0,,
2022-10-25 17:17:40,52.392403333000004,13.04092,39.8,3.062209129333496,3.2381696701049805,3.2381696701049805,21.208388328552246,24.3947696685791,24.43902015686035,24.44414329528809,24.44760036468506,6.0,9.0,11.0,1068.0,344.0,58.0,7.0,4.0,1.0,6.0,7.0,7.0,1089.0,306.5,46.0,0.0,0.0,0.0,16.635761718749997,76.95324942509548,1014.022964101908,2048.0,3008.0,416.0,0.124,92,14,78,1014.0,3.0,4.0,5.0,,
2022-10-25 17:17:43,52.392408333,13.040951667,40.3,3.156690120697021,3.338079571723938,3.338079571723938,21.86274814605713,25.147440910339355,25.193058013916016,25.19833850860596,25.20190143585205,6.0,9.0,11.0,1050.0,338.0,58.0,6.0,4.0,1.0,6.0,7.0,7.0,1081.5,303.5,42.5,0.0,0.0,0.0,16.639667968749997,76.96079243042641,1014.0277348208923,2080.0,2944.0,352.0,0.124,92,14,78,1014.0,3.0,4.0,5.0,,
2022-10-25 17:17:47,52.39241,13.040995,38.8,3.2470675706863403,3.433650255203247,3.433650255203247,22.488689422607425,25.86742401123047,25.91434574127197,25.91977882385254,25.92344379425049,6.0,9.0,11.0,1066.5,343.0,58.0,5.5,3.5,1.0,6.0,7.0,7.5,1162.5,314.0,45.5,1.0,1.0,0.0,16.645234375,76.94097874068402,1014.032736701682,2080.0,2688.0,448.0,0.124,92,14,78,1014.0,3.0,4.0,5.0,,
2022-10-25 17:17:51,52.392435,13.041035,35.9,3.30850601196289,3.498619079589844,3.498619079589844,22.91420269012451,26.35686588287353,26.40467643737793,26.41021251678467,26.4139461517334,6.0,9.0,11.0,1083.0,348.0,58.0,5.0,3.0,1.0,6.0,7.0,8.0,1167.0,318.0,45.0,2.0,2.0,0.0,16.65060546875,76.84172571860445,1014.0399230566279,1824.0,2784.0,384.0,0.124,92,14,78,1014.0,3.0,4.0,5.0,,
2022-10-25 17:17:51,52.392435,13.041035,35.9,3.348740339279175,3.5411654710769653,3.5411654710769653,23.19286060333252,26.677390098571774,26.725781440734863,26.731383323669434,26.735164642333984,7.0,10.0,11.0,1119.0,362.0,66.0,5.0,3.0,1.0,6.0,7.5,9.0,1117.5,323.5,52.0,2.0,2.0,0.0,16.65880859375,76.60845410913467,1014.0367397560871,1984.0,2848.0,288.0,0.124,92,14,78,1014.0,3.0,4.0,5.0,,
2022-10-25 17:17:51,52.392435,13.041035,35.9,3.3594790697097783,3.552521228790283,3.552521228790283,23.26723480224609,26.762938499450684,26.811485290527344,26.81710624694824,26.820898056030273,6.5,9.5,11.0,1104.0,357.0,66.0,5.5,3.0,1.0,7.0,8.0,9.0,1101.0,316.5,56.5,2.0,2.0,0.0,16.67521484375,76.68354384004981,1014.0345498272508,1920.0,2464.0,160.0,0.124,92,14,78,1014.0,3.0,4.0,5.0,,
2022-10-25 17:18:01,52.392471666999995,13.041065,35.1,3.3062604665756226,3.4962445497512817,3.4962445497512817,22.898651123046875,26.338977813720703,26.38675594329834,26.39228820800781,26.396018981933594,6.0,9.0,11.0,1089.0,352.0,66.0,6.0,3.0,1.0,6.5,8.0,9.0,1108.5,319.5,65.5,2.0,2.0,0.0,16.691914062499997,76.81049069460614,1014.0328417766646,1952.0,2752.0,352.0,0.11599999999999999,93,14,79,1014.1,3.0,4.0,5.0,,
2022-10-25 17:18:05,52.392473333000005,13.04107,34.0,3.3599461317062382,3.553015112876892,3.553015112876892,23.270469665527344,26.766658782958984,26.81521415710449,26.820834159851074,26.824626922607425,6.0,9.0,11.0,1071.0,342.0,62.0,6.0,3.0,1.0,7.0,9.0,9.5,1135.5,339.0,69.0,1.0,1.0,0.0,16.708515624999997,76.9443977179116,1014.0284644886493,1920.0,2432.0,288.0,0.11599999999999999,93,14,79,1014.1,3.0,4.0,5.0,,
2022-10-25 17:18:08,52.392473333000005,13.041071667,33.0,3.4154951572418213,3.6117560863494873,3.6117560863494873,23.655192375183105,27.20918369293213,27.25854110717773,27.26425552368164,27.268110275268555,5.0,8.0,10.0,1059.0,337.0,63.0,6.0,3.0,1.0,7.0,8.0,8.0,1117.5,321.0,62.0,2.0,0.0,0.0,16.71857421875,77.06695519050355,1014.0233244681835,1760.0,2528.0,256.0,0.11599999999999999,93,14,79,1014.1,3.0,4.0,5.0,,
2022-10-25 17:18:12,52.392475,13.041075,32.7,3.4132660627365112,3.6093989610672,3.6093989610672,23.63975524902344,27.191426277160645,27.24075222015381,27.24646282196045,27.25031471252441,5.5,8.5,10.5,1047.0,332.0,64.0,6.0,3.0,1.0,6.0,8.0,8.0,1096.5,308.0,51.5,2.0,0.0,0.0,16.7223828125,77.16780826027363,1014.022083913764,1856.0,2432.0,224.0,0.11599999999999999,93,14,79,1014.1,3.0,4.0,5.0,,
2022-10-25 17:18:12,52.392475,13.041075,32.7,3.3659555912017822,3.559369802474976,3.559369802474976,23.31208896636963,26.81453227996826,26.86317348480225,26.868804931640625,26.87260437011719,6.0,9.0,11.0,1029.0,328.0,62.0,6.0,3.0,1.0,6.0,8.0,8.0,1149.0,318.5,45.5,2.0,0.0,0.0,16.727656250000006,77.1513859378425,1014.0266012509533,1984.0,2912.0,416.0,0.11599999999999999,93,14,79,1014.1,3.0,4.0,5.0,,
2022-10-25 17:18:18,52.392476667,13.041076667,31.5,3.411788821220398,3.6078367233276367,3.6078367233276367,23.629523277282715,27.17965888977051,27.228961944580078,27.23466968536377,27.238520622253414,6.0,9.0,11.0,1029.0,331.0,63.0,6.0,3.0,1.0,5.5,7.0,7.0,1075.5,295.0,29.5,2.0,0.0,0.0,16.7462109375,77.0749265725912,1014.0204273198002,1664.0,2432.0,160.0,0.11599999999999999,93,14,79,1014.1,3.0,4.0,5.0,,
2022-10-25 17:18:22,52.392478333,13.041076667,31.2,3.4836348295211788,3.6838111877441406,3.6838111877441406,24.12711811065674,27.752012252807614,27.802353858947754,27.80818176269531,27.81211280822754,6.0,9.0,11.0,1029.0,334.0,64.0,6.0,3.0,1.0,4.0,5.0,5.0,978.0,264.0,23.0,2.0,0.0,0.0,16.77453125,77.00008474812773,1014.0169823940204,2304.0,2944.0,512.0,0.11599999999999999,93,14,79,1014.1,3.0,4.0,5.0,,
2022-10-25 17:18:26,52.39248,13.041078333,31.2,3.5166146755218506,3.7186861038208012,3.7186861038208012,24.355531692504886,28.014742851257324,28.06556034088135,28.07144451141357,28.07541275024414,6.0,9.0,9.0,1035.0,336.0,56.0,1.0,0.0,0.0,5.0,6.0,6.0,1030.5,277.5,22.5,0.0,0.0,0.0,16.8065625,76.88788726352546,1014.0154732389301,2240.0,3072.0,416.0,0.11599999999999999,93,14,79,1014.1,3.0,4.0,5.0,,
2022-10-25 17:18:29,52.392481667,13.041078333,31.1,3.5680164098739624,3.773041486740112,3.773041486740112,24.71153163909912,28.42422866821289,28.47579002380371,28.481759071350094,28.48578643798828,6.0,9.0,9.0,1038.0,338.0,59.0,1.0,0.0,0.0,5.0,6.0,6.0,1038.0,278.5,23.0,0.0,0.0,0.0,16.837910156249997,76.78597987642631,1014.0136683404613,1888.0,2848.0,448.0,0.11599999999999999,93,14,79,1014.1,3.0,4.0,5.0,,
2022-10-25 17:18:33,52.392481667,13.041078333,31.1,3.5491529703140263,3.75309419631958,3.75309419631958,24.58088684082031,28.273956298828125,28.325243949890137,28.3311824798584,28.335187911987305,6.0,9.0,9.0,1041.0,340.0,62.0,1.0,0.0,0.0,5.0,6.0,6.0,982.5,271.5,28.5,0.0,0.0,0.0,16.8524609375,76.81942198548853,1014.0159274670397,2272.0,3072.0,352.0,0.11599999999999999,93,14,79,1014.1,3.0,4.0,5.0,,
2022-10-25 17:18:33,52.392481667,13.041078333,31.1,3.427240252494812,3.624176025390625,3.624176025390625,23.73653793334961,27.302749633789066,27.35227680206299,27.35801124572754,27.361879348754886,6.0,9.0,9.0,1047.0,342.0,60.0,1.0,0.0,0.0,5.0,6.0,6.0,1026.0,284.0,31.0,0.0,0.0,0.0,16.84962890625,76.88801656161249,1014.0204521762454,2112.0,3104.0,576.0,0.11599999999999999,93,14,79,1014.1,3.0,4.0,5.0,,
2022-10-25 17:18:40,52.392485,13.041080000000001,30.8,3.3019630908966064,3.4917002916336064,3.4917002916336064,22.86888694763184,26.30474281311035,26.35245990753174,26.357983589172363,26.36171054840088,6.0,8.5,9.0,1042.5,338.0,61.0,1.0,0.0,0.0,6.0,6.0,6.0,1018.5,281.5,30.0,0.0,0.0,0.0,16.84328125,77.00441552832228,1014.0108226436149,2240.0,2976.0,288.0,0.11599999999999999,93,14,79,1014.1,3.0,4.0,5.0,,
2022-10-25 17:18:43,52.392488333,13.041081667,30.8,3.376062750816345,3.5700578689575195,3.5700578689575195,23.38209056854248,26.895050048828125,26.94383811950684,26.949485778808594,26.953296661376953,6.0,8.0,9.0,1038.0,334.0,62.0,1.0,0.0,0.0,6.0,6.0,6.0,994.5,287.5,28.5,0.0,0.0,0.0,16.83498046875,77.023787745545,1014.013017112068,2368.0,3040.0,480.0,0.11599999999999999,93,14,79,1014.1,3.0,4.0,5.0,,
2022-10-25 17:18:47,52.39249,13.041081667,30.4,3.4955403804779053,3.696400880813599,3.696400880813599,24.209574699401852,27.84685611724853,27.897369384765625,27.903218269348145,27.90716361999512,6.0,8.0,8.0,1038.0,334.0,58.0,1.0,0.0,0.0,6.0,6.0,6.0,967.5,283.5,30.0,0.0,0.0,0.0,16.8360546875,77.05160715272285,1014.0131166222279,2208.0,3360.0,544.0,0.11599999999999999,93,14,79,1014.1,3.0,4.0,5.0,,
2022-10-25 17:18:51,52.392491667,13.041081667,30.7,3.4729892015457158,3.6725537776947017,3.6725537776947017,24.05338764190674,27.66720485687256,27.71739196777344,27.7232027053833,27.72712230682373,6.5,8.5,8.5,1069.5,343.0,57.0,0.5,0.0,0.0,5.0,5.5,5.5,978.0,279.5,26.5,0.0,0.0,0.0,16.8321484375,76.97495981425297,1014.0242277174402,1888.0,2784.0,448.0,0.11599999999999999,93,14,79,1014.1,3.0,4.0,5.0,,
2022-10-25 17:18:54,52.392501667,13.041083333,31.7,3.3521708250045776,3.544793128967285,3.544793128967285,23.21661853790283,26.7047176361084,26.75316047668457,26.75876808166504,26.76255226135254,7.0,9.0,9.0,1101.0,352.0,56.0,0.0,0.0,0.0,4.5,5.0,6.5,948.0,262.0,30.0,2.0,2.0,0.0,16.83517578125,76.87184552687793,1014.0275474279268,2240.0,2976.0,352.0,0.11599999999999999,93,14,79,1014.1,3.0,4.0,5.0,,
2022-10-25 17:18:54,52.392501667,13.041083333,31.7,3.2296299934387207,3.4152108430862427,3.4152108430862427,22.367919921875,25.728508949279785,25.775179862976074,25.78058338165283,25.784228324890137,7.0,9.0,9.0,1101.0,356.0,54.0,0.0,0.0,0.0,5.0,5.0,6.0,949.5,254.0,29.5,2.0,2.0,0.0,16.84220703125,76.4038633625361,1014.0291105885716,2144.0,2880.0,448.0,0.11599999999999999,93,14,79,1014.1,3.0,4.0,5.0,,
2022-10-25 17:19:01,52.392523333,13.041146667000001,32.9,3.265650510787964,3.4533010721206665,3.4533010721206665,22.61739253997803,26.01546287536621,26.062654495239254,26.06811809539795,26.07180404663086,6.5,8.5,8.5,1092.0,353.0,52.0,0.5,0.0,0.0,5.0,5.5,6.5,951.0,258.0,32.5,2.0,2.0,0.0,16.84240234375,76.31776061094551,1014.0277610297991,1824.0,2688.0,480.0,0.114,93,14,79,1014.1,3.0,4.0,5.0,,
2022-10-25 17:19:04,52.392523333,13.041155,35.0,3.332607746124268,3.5241059064865112,3.5241059064865112,23.081128120422363,26.54887104034424,26.59703063964844,26.60260581970215,26.60636711120605,6.0,8.0,8.0,1083.0,350.0,50.0,1.0,0.0,0.0,4.5,5.0,6.5,988.5,265.5,32.0,2.0,2.0,0.0,16.8376171875,76.31353830566563,1014.0290653079628,1888.0,2912.0,352.0,0.114,93,14,79,1014.1,3.0,4.0,5.0,,
2022-10-25 17:19:08,52.392521667,13.041165,36.8,3.404425382614136,3.6000503301620483,3.6000503301620483,23.57852649688721,27.12099933624268,27.17019557952881,27.175891876220703,27.179734230041504,7.0,9.0,9.0,1128.0,365.0,56.0,1.0,0.0,0.0,4.5,5.5,6.5,1039.5,276.5,36.0,2.0,2.0,0.0,16.833125,76.50924435861772,1014.0316882761553,2272.0,3040.0,544.0,0.114,93,14,79,1014.1,3.0,4.0,5.0,,
2022-10-25 17:19:12,52.392683333,13.041126667,37.7,3.431676268577576,3.6288670301437382,3.6288670301437382,23.767261505126953,27.33808994293213,27.38768100738525,27.393421173095703,27.397294998168945,7.0,9.0,9.0,1128.0,364.0,55.0,1.0,0.0,0.0,4.5,5.5,5.5,1017.0,280.5,41.5,0.0,0.0,0.0,16.82990234375,76.82264477809899,1014.0372400394522,1760.0,2912.0,384.0,0.114,93,14,79,1014.1,3.0,4.0,5.0,,
2022-10-25 17:19:12,52.392683333,13.041126667,37.7,3.5289734601974487,3.731755018234253,3.731755018234253,24.441125869750977,28.11319637298584,28.164194107055664,28.17009735107422,28.17407989501953,7.0,9.0,9.0,1128.0,363.0,54.0,1.0,0.0,0.0,5.0,5.5,5.5,1044.0,285.5,41.5,0.0,0.0,0.0,16.821308593749997,76.91101513112868,1014.0364433019693,1504.0,2432.0,416.0,0.114,93,14,79,1014.1,3.0,4.0,5.0,,
2022-10-25 17:19:12,52.392683333,13.041126667,37.7,3.669877767562866,3.88075590133667,3.88075590133667,25.41700839996338,29.23569679260254,29.288728713989254,29.2948694229126,29.29901123046875,7.0,8.0,8.0,1110.0,357.0,49.0,1.0,0.0,0.0,6.0,6.0,8.0,1080.0,290.0,40.0,2.0,2.0,2.0,16.81447265625,77.01007093800943,1014.0268439050484,2080.0,2752.0,448.0,0.114,93,14,79,1014.1,3.0,4.0,5.0,,
2022-10-25 17:19:22,52.39295,13.041198332999999,36.4,3.733956217765808,3.948516488075256,3.948516488075256,25.86080551147461,29.74617004394531,29.80012989044189,29.806376457214355,29.810590744018555,6.5,8.0,8.5,1110.0,356.0,47.0,1.5,0.5,0.0,5.0,6.5,8.0,1152.0,316.5,52.5,2.0,2.0,2.0,16.805292968750006,77.06730874559223,1014.0376168280284,2144.0,3040.0,416.0,0.114,93,14,79,1014.1,3.0,4.0,5.0,,
2022-10-25 17:19:26,52.392983333000004,13.041196667000001,37.3,3.810461401939392,4.0294177532196045,4.0294177532196045,26.390668869018555,30.355642318725586,30.41070652008057,30.417081832885746,30.421381950378414,6.0,8.0,9.0,1110.0,355.0,45.0,2.0,1.0,0.0,6.0,7.5,9.0,1230.0,340.0,50.0,2.0,2.0,2.0,16.7966015625,77.09699074473697,1014.0316437510107,1952.0,2688.0,448.0,0.114,93,14,79,1014.1,3.0,4.0,5.0,,
2022-10-25 17:19:29,52.393005,13.041193332999999,37.3,3.802526354789734,4.021026849746703,4.021026849746703,26.335712432861328,30.2924280166626,30.34737777709961,30.353739738464355,30.358031272888184,6.0,8.0,9.0,1098.0,347.0,49.0,2.0,1.0,0.0,7.0,8.5,10.5,1333.5,372.0,63.5,3.0,3.0,3.0,16.78556640625,77.10209777189745,1014.0226418184793,1664.0,2560.0,352.0,0.114,93,14,79,1014.1,3.0,4.0,5.0,,
2022-10-25 17:19:33,52.393029999999996,13.041188333,35.7,3.867416024208069,4.0896451473236075,4.0896451473236075,26.78512668609619,30.809364318847656,30.86525154113769,30.87172222137451,30.876087188720703,6.5,8.5,9.0,1108.5,353.5,48.0,2.0,1.0,0.0,7.5,9.5,12.5,1357.5,388.5,72.0,4.0,4.0,4.0,16.776874999999997,77.13524095007463,1014.0250254275661,1984.0,2688.0,320.0,0.114,93,14,79,1014.1,3.0,4.0,5.0,,
2022-10-25 17:19:33,52.393029999999996,13.041188333,35.7,3.9318765401840214,4.1578097343444815,4.1578097343444815,27.23157024383545,31.3228816986084,31.37970066070557,31.38628005981445,31.39071750640869,7.0,9.0,9.0,1119.0,360.0,47.0,2.0,1.0,0.0,6.5,9.0,10.5,1354.5,392.5,70.0,2.0,2.0,2.0,16.768574218749997,77.20994366545881,1014.0297241564673,2080.0,2624.0,192.0,0.114,93,14,79,1014.1,3.0,4.0,5.0,,
2022-10-25 17:19:39,52.393093333,13.041173333,36.8,3.946378827095032,4.173145294189453,4.173145294189453,27.332012176513672,31.43841361999512,31.49544239044189,31.50204467773437,31.50649929046631,7.0,9.0,9.0,1095.0,352.0,49.0,2.0,1.0,0.0,7.5,9.5,11.0,1342.5,386.0,61.0,2.0,2.0,2.0,16.76115234375,77.28135497939033,1014.0300218339136,1760.0,2752.0,416.0,0.114,93,14,79,1014.1,3.0,4.0,5.0,,
2022-10-25 17:19:43,52.393116667,13.041166667,38.1,3.893362164497376,4.117082118988037,4.117082118988037,26.964826583862305,31.016061782836914,31.072324752807614,31.078838348388672,31.083232879638672,7.0,9.0,9.0,1087.5,350.0,52.0,2.0,1.0,0.0,6.5,9.0,11.5,1290.0,374.5,69.0,5.0,3.0,2.0,16.75109375,77.34889169991487,1014.0268072978683,2112.0,3104.0,384.0,0.114,93,14,79,1014.1,3.0,4.0,5.0,,
2022-10-25 17:19:47,52.39314,13.041168333,37.0,3.8098981380462646,4.028822422027588,4.028822422027588,26.38676834106445,30.35115528106689,30.406211853027344,30.41258525848389,30.41688632965088,7.0,9.0,9.0,1080.0,348.0,55.0,2.0,1.0,0.0,5.5,8.0,10.5,1234.5,358.5,44.0,5.0,3.0,1.0,16.743281250000006,77.3683711999693,1014.0222820217757,2240.0,3200.0,480.0,0.114,93,14,79,1014.1,3.0,4.0,5.0,,
2022-10-25 17:19:50,52.393163333000004,13.041166667,37.5,3.754060626029968,3.969776153564453,3.969776153564453,26.00004577636719,29.90633106231689,29.960580825805664,29.9668607711792,29.97109794616699,7.0,9.0,9.0,1068.0,344.0,57.0,2.0,1.0,0.0,6.5,8.0,10.5,1284.0,376.5,42.0,6.0,4.0,0.0,16.73751953125,77.40550284058557,1014.0211381176416,1856.0,2912.0,384.0,0.114,93,14,79,1014.1,3.0,4.0,5.0,,
2022-10-25 17:19:54,52.393193333,13.041160000000001,39.2,3.6464149951934814,3.8559448719024663,3.8559448719024663,25.25450801849365,29.04878234863281,29.10147571563721,29.107576370239254,29.11169242858887,7.0,9.0,9.5,1074.0,347.0,57.0,2.0,1.5,0.5,6.0,7.5,10.0,1227.0,362.5,42.5,6.0,4.0,0.0,16.74064453125,77.5721758513653,1014.027962253322,2400.0,3168.0,384.0,0.114,93,14,79,1014.1,3.0,4.0,5.0,,
2022-10-25 17:19:54,52.393193333,13.041160000000001,39.2,3.4983841180801387,3.699408054351807,3.699408054351807,24.22926998138428,27.86951065063477,27.920065879821774,27.92591857910156,27.9298677444458,6.0,8.0,9.0,1080.0,350.0,57.0,2.0,2.0,1.0,6.5,8.0,12.0,1204.5,354.5,46.0,8.0,6.0,2.0,16.7462109375,77.60426070833701,1014.0312911045903,2080.0,3296.0,512.0,0.114,93,14,79,1014.1,3.0,4.0,5.0,,
2022-10-25 17:20:01,52.393258333,13.041155,36.9,3.4886066913604736,3.689068675041199,3.689068675041199,24.16155242919922,27.791619300842285,27.84203243255615,27.847869873046875,27.851806640625,5.5,7.5,8.5,1017.0,329.0,44.0,2.0,2.0,1.0,5.0,6.0,9.5,1128.0,335.5,37.5,5.0,5.0,2.0,16.760371093750006,77.6273704243847,1014.0395974770937,2048.0,2688.0,352.0,0.10800000000000001,93,14,80,1014.1,3.0,4.0,5.0,,
2022-10-25 17:20:04,52.393285,13.041153332999999,34.8,3.5556120872497563,3.759924292564392,3.759924292564392,24.62562084197998,28.32541084289551,28.376792907714844,28.38274097442627,28.38675403594971,6.0,8.0,10.0,1017.0,328.0,46.0,3.5,3.5,1.5,6.0,7.0,10.0,1123.5,318.5,51.5,4.0,4.0,2.0,16.7753125,77.59172403096653,1014.0341490020037,2272.0,3104.0,384.0,0.10800000000000001,93,14,80,1014.1,3.0,4.0,5.0,,
2022-10-25 17:20:08,52.393315,13.041143332999999,37.7,3.645692706108093,3.855181217193604,3.855181217193604,25.2495059967041,29.04302883148193,29.095712661743164,29.1018123626709,29.10592746734619,6.0,8.0,11.0,1017.0,327.0,48.0,5.0,5.0,2.0,5.5,6.5,8.5,1083.0,308.5,50.0,2.0,2.0,2.0,16.779414062500006,77.56815515129925,1014.0467618685803,2048.0,2944.0,416.0,0.10800000000000001,93,14,80,1014.1,3.0,4.0,5.0,,
2022-10-25 17:20:12,52.393343333000004,13.041138333,37.2,3.8422039747238164,4.0629844665527335,4.0629844665527335,26.610512733459476,30.608516693115234,30.66403865814209,30.670467376708984,30.6748046875,6.0,8.0,11.0,990.0,318.0,48.0,5.0,5.0,2.0,5.5,8.0,9.5,1176.0,325.5,60.0,2.0,2.0,2.0,16.7712109375,77.50793990110913,1014.04827861591,2080.0,2656.0,384.0,0.10800000000000001,93,14,80,1014.1,3.0,4.0,5.0,,
2022-10-25 17:20:15,52.393366666999995,13.041136667,35.0,3.9340318441390987,4.160089015960693,4.160089015960693,27.24649810791016,31.34005260467529,31.396903038024906,31.40348529815674,31.40792560577393,6.0,7.5,10.5,952.5,306.5,46.0,4.5,4.5,2.0,6.0,8.5,9.0,1201.5,331.0,59.5,1.0,1.0,0.0,16.77208984375,77.5184712175662,1014.0405351164444,2112.0,2816.0,512.0,0.10800000000000001,93,14,80,1014.1,3.0,4.0,5.0,,
2022-10-25 17:20:15,52.393366666999995,13.041136667,35.0,3.9289450645446777,4.154709815979004,4.154709815979004,27.211268424987797,31.29952907562256,31.356306076049805,31.362879753112797,31.36731433868408,5.5,6.5,9.5,915.0,295.0,44.0,4.0,4.0,2.0,5.5,8.0,9.0,1246.5,340.5,61.5,2.0,2.0,0.0,16.77609375,77.52951641968419,1014.0262444131496,1984.0,2976.0,352.0,0.10800000000000001,93,14,80,1014.1,3.0,4.0,5.0,,
2022-10-25 17:20:22,52.393445,13.041139999999999,33.1,3.84414291381836,4.065034627914429,4.065034627914429,26.62394142150879,30.62396240234375,30.67951393127441,30.68594455718994,30.69028377532959,5.0,6.0,9.0,933.0,305.0,46.0,4.0,4.0,2.0,7.0,8.0,9.5,1212.0,348.0,48.5,2.0,2.0,0.0,16.77189453125,77.56691975568853,1014.0260061693813,1856.0,2528.0,256.0,0.10800000000000001,93,14,80,1014.1,3.0,4.0,5.0,,
2022-10-25 17:20:26,52.393471667,13.041135,33.0,3.7651418447494502,3.9814940690994254,3.9814940690994254,26.076791763305664,29.99460792541504,30.04901695251465,30.05531597137451,30.059565544128414,5.0,6.5,9.0,904.5,295.5,46.0,4.0,4.0,2.0,6.5,8.0,9.0,1237.5,349.0,56.5,2.0,2.0,0.0,16.763984375,77.64875146415731,1014.0271702937216,2112.0,3264.0,384.0,0.10800000000000001,93,14,80,1014.1,3.0,4.0,5.0,,
2022-10-25 17:20:29,52.39348,13.041133333,34.0,3.749981880187988,3.9654631614685063,3.9654631614685063,25.97179698944092,29.8738374710083,29.92802810668945,29.93430233001709,29.9385347366333,5.0,7.0,9.0,876.0,286.0,46.0,4.0,4.0,2.0,5.5,7.0,8.0,1104.0,317.0,53.0,2.0,2.0,0.0,16.758515625,77.68249661636347,1014.0340310478383,1920.0,2656.0,288.0,0.10800000000000001,93,14,80,1014.1,3.0,4.0,5.0,,
2022-10-25 17:20:33,52.393495,13.041131667,32.7,3.703856945037842,3.9166876077651978,3.9166876077651978,25.652342796325684,29.50638771057129,29.55991268157959,29.56610870361328,29.57028961181641,6.0,7.0,9.0,912.0,294.0,42.0,4.0,4.0,2.0,5.5,6.5,8.5,1102.5,311.5,59.0,3.0,3.0,0.0,16.751972656249997,77.69181569591004,1014.0307635395151,1536.0,2528.0,352.0,0.10800000000000001,93,14,80,1014.1,3.0,4.0,5.0,,
2022-10-25 17:20:33,52.393495,13.041131667,32.7,3.5718857049942017,3.777133226394653,3.777133226394653,24.73833084106445,28.45505332946777,28.506669998168945,28.51264572143555,28.51667785644531,5.5,7.0,9.0,909.0,292.0,39.0,4.0,4.0,2.0,6.0,7.0,8.0,1114.5,309.5,54.0,2.0,2.0,0.0,16.748359375,77.71894382698545,1014.0323266540796,2016.0,2976.0,288.0,0.10800000000000001,93,14,80,1014.1,3.0,4.0,5.0,,
2022-10-25 17:20:33,52.393495,13.041131667,32.7,3.481475830078125,3.6815282106399536,3.6815282106399536,24.112165451049805,27.73481273651123,27.78512287139893,27.79094791412353,27.794878005981445,5.0,7.0,9.0,906.0,290.0,36.0,4.0,4.0,2.0,5.0,6.5,7.5,1188.0,314.5,58.5,2.0,2.0,0.0,16.74162109375,77.69011416450282,1014.0295725246186,1952.0,2880.0,448.0,0.10800000000000001,93,14,80,1014.1,3.0,4.0,5.0,,
2022-10-25 17:20:43,52.393516667,13.04113,40.2,3.5349884033203125,3.738115668296814,3.738115668296814,24.48278522491455,28.16111469268799,28.212199211120605,28.21811294555664,28.22210216522217,4.5,6.5,9.5,930.0,294.0,40.0,5.0,5.0,2.0,6.0,7.0,8.0,1134.0,297.0,54.5,2.0,2.0,0.0,16.734296875,77.68890969024865,1014.0333729389638,1856.0,2720.0,384.0,0.10800000000000001,93,14,80,1014.1,3.0,4.0,5.0,,
2022-10-25 17:20:47,52.39352,13.04113,42.7,3.6436182260513306,3.85298752784729,3.85298752784729,25.23513889312744,29.02650356292725,29.07915687561035,29.085253715515137,29.08936595916748,4.0,6.0,8.5,945.0,297.0,40.0,4.5,4.5,1.5,5.5,6.5,7.5,1182.0,314.5,49.0,2.0,2.0,0.0,16.7286328125,77.73649280792759,1014.040746199837,2080.0,2944.0,512.0,0.10800000000000001,93,14,80,1014.1,3.0,4.0,5.0,,
2022-10-25 17:20:50,52.393521666999995,13.041131667,44.0,3.667954325675965,3.8787220716476436,3.8787220716476436,25.4036865234375,29.22037506103516,29.2733793258667,29.27951622009277,29.28365612030029,4.0,6.0,8.0,960.0,300.0,40.0,4.0,4.0,1.0,5.5,6.5,6.5,1119.0,302.5,35.0,0.0,0.0,0.0,16.7270703125,77.79515872369579,1014.0431835601477,2080.0,2816.0,288.0,0.10800000000000001,93,14,80,1014.1,3.0,4.0,5.0,,
2022-10-25 17:20:54,52.393521666999995,13.041131667,44.0,3.625858426094055,3.8342071771621695,3.8342071771621695,25.112135887146,28.8850212097168,28.93741798400879,28.94348335266113,28.94757652282715,5.0,6.0,9.0,1014.0,318.0,45.0,4.0,4.0,1.0,6.0,6.0,6.0,1056.0,290.0,32.0,0.0,0.0,0.0,16.733515625000006,77.85168853786988,1014.0404412105327,1888.0,2752.0,448.0,0.10800000000000001,93,14,80,1014.1,3.0,4.0,5.0,,
2022-10-25 17:20:54,52.393521666999995,13.041131667,44.0,3.5796426534652714,3.785335779190064,3.785335779190064,24.79205322265625,28.51684856414795,28.56857681274414,28.574565887451172,28.578606605529785,6.0,7.0,9.0,1008.0,318.0,42.0,2.5,2.5,0.5,5.0,6.0,6.0,955.5,270.0,31.5,0.0,0.0,0.0,16.7360546875,77.85211090728288,1014.0287505715021,2272.0,3328.0,448.0,0.10800000000000001,93,14,80,1014.1,3.0,4.0,5.0,,
2022-10-25 17:21:00,52.393533333,13.041135,44.6,3.3418660163879395,3.5338960886001587,3.5338960886001587,23.14524936676025,26.622626304626465,26.670918464660645,26.67650985717773,26.68028163909912,6.0,7.0,8.0,1002.0,318.0,39.0,1.0,1.0,0.0,5.0,6.0,7.0,987.0,277.0,27.5,2.0,2.0,0.0,16.735859375,77.91102750020903,1014.0300998230513,2016.0,1984.0,192.0,0.10400000000000001,93,14,80,1014.1,3.0,4.0,5.0,,
2022-10-25 17:21:04,52.393571666999996,13.041126667,45.7,3.300644278526306,3.490305662155152,3.490305662155152,22.85975360870361,26.29423713684082,26.34193420410156,26.34745693206787,26.351181983947754,6.0,8.0,9.0,1143.0,360.0,54.0,2.0,1.0,0.0,5.0,6.0,7.0,1008.0,277.0,30.0,2.0,2.0,0.0,16.7419140625,78.05426646302969,1014.035069528586,2304.0,3200.0,416.0,0.10400000000000001,93,14,80,1014.1,3.0,4.0,5.0,,
2022-10-25 17:21:08,52.393621667,13.041111667000001,45.8,3.440636157989502,3.638341665267944,3.638341665267944,23.82931613922119,27.409467697143555,27.459187507629395,27.46494483947754,27.46882724761963,6.5,9.0,10.0,1189.5,375.5,55.0,2.0,1.0,0.0,4.5,5.5,6.5,1027.5,278.5,32.0,2.0,2.0,0.0,16.755390624999997,78.11202238121325,1014.0447561939276,1920.0,3136.0,416.0,0.10400000000000001,93,14,80,1014.1,3.0,4.0,5.0,,
2022-10-25 17:21:12,52.393625,13.041113333,44.0,3.536205291748047,3.739402413368225,3.739402413368225,24.49121379852295,28.170808792114254,28.22191047668457,28.22782611846924,28.231818199157715,7.0,10.0,11.0,1236.0,391.0,56.0,2.0,1.0,0.0,4.5,5.5,6.5,1029.0,276.5,33.0,2.0,2.0,0.0,16.7579296875,78.12979890487534,1014.0564640242834,2080.0,2656.0,256.0,0.10400000000000001,93,14,80,1014.1,3.0,4.0,5.0,,
2022-10-25 17:21:15,52.393641667,13.041111667000001,36.5,3.593051075935364,3.799514770507813,3.799514770507813,24.884918212890625,28.62366485595703,28.67558765411377,28.681599617004395,28.68565559387207,8.0,10.0,11.0,1260.0,399.0,62.0,2.0,1.0,0.0,5.5,7.0,8.0,1144.5,307.0,36.0,2.0,2.0,0.0,16.75890625,78.17509440072882,1014.0664311513748,2112.0,3040.0,512.0,0.10400000000000001,93,14,80,1014.1,3.0,4.0,5.0,,
2022-10-25 17:21:15,52.393641667,13.041111667000001,36.5,3.583491563796997,3.789406061172485,3.789406061172485,24.81871032714844,28.547511100769047,28.599295616149906,28.60529041290283,28.60933589935303,7.5,10.0,11.0,1254.0,395.0,60.0,2.0,1.0,0.0,6.0,7.0,9.0,1198.5,327.5,34.5,2.0,2.0,2.0,16.75978515625,78.16135106263907,1014.0620306106323,1952.0,3360.0,480.0,0.10400000000000001,93,14,80,1014.1,3.0,4.0,5.0,,
2022-10-25 17:21:22,52.393711667,13.04111,36.4,3.5866405963897705,3.7927359342575073,3.7927359342575073,24.84051990509033,28.57259559631348,28.62442684173584,28.63042736053467,28.634474754333496,6.0,9.0,10.0,1248.0,391.0,58.0,2.0,1.0,0.0,7.0,9.0,10.0,1348.5,358.0,39.0,4.0,2.0,2.0,16.763300781250006,78.1723477021675,1014.054456584014,2176.0,3040.0,320.0,0.10400000000000001,93,14,80,1014.1,3.0,4.0,5.0,,
2022-10-25 17:21:25,52.393775,13.041101667000001,37.3,3.5247592926025386,3.7272987365722656,3.7272987365722656,24.41193962097168,28.079626083374023,28.13056182861328,28.13645839691162,28.14043712615967,6.5,9.5,10.5,1236.0,387.0,64.0,2.0,1.0,0.0,6.5,8.5,10.5,1435.5,381.0,45.5,4.0,2.0,2.0,16.76896484375,78.17328356009108,1014.0621247326629,1888.0,2912.0,448.0,0.10400000000000001,93,14,80,1014.1,3.0,4.0,5.0,,
2022-10-25 17:21:29,52.39379,13.041098332999999,38.0,3.4781657457351685,3.6780278682708736,3.6780278682708736,24.089240074157715,27.70844268798828,27.758706092834476,27.764525413513184,27.76845073699951,7.0,10.0,11.0,1236.0,388.0,65.0,2.0,1.0,0.0,7.5,9.5,10.5,1489.5,398.5,51.0,4.0,2.0,2.0,16.77189453125,78.09739132017519,1014.0594342161877,2336.0,3136.0,512.0,0.10400000000000001,93,14,80,1014.1,3.0,4.0,5.0,,
2022-10-25 17:21:33,52.393791666999995,13.041098332999999,37.4,3.5657684803009038,3.77066433429718,3.77066433429718,24.69596290588379,28.40632057189941,28.45784950256348,28.4638147354126,28.46784019470215,6.5,9.5,10.5,1236.0,389.0,66.0,2.0,1.0,0.0,8.0,10.0,11.5,1501.5,405.0,52.5,4.0,2.0,2.0,16.775019531250006,78.08749380263863,1014.0562299835319,1888.0,2816.0,320.0,0.10400000000000001,93,14,80,1014.1,3.0,4.0,5.0,,
2022-10-25 17:21:36,52.393795000000004,13.0411,38.1,3.5193709135055538,3.721600770950317,3.721600770950317,24.37462043762207,28.036699295043945,28.08755779266357,28.093446731567386,28.0974178314209,7.0,10.0,10.0,1305.0,416.0,64.0,2.0,0.0,0.0,8.0,10.0,10.0,1519.5,409.5,48.0,2.0,0.0,0.0,16.77599609375,78.12236671562233,1014.051990284626,2336.0,3008.0,448.0,0.10400000000000001,93,14,80,1014.1,3.0,4.0,5.0,,
2022-10-25 17:21:36,52.393795000000004,13.0411,38.1,3.532883405685425,3.735889673233032,3.735889673233032,24.46820640563965,28.144346237182614,28.195399284362797,28.20130920410156,28.20529747009277,8.0,11.5,12.0,1308.0,418.0,67.0,2.5,0.5,0.5,8.0,9.0,9.0,1366.5,377.5,42.0,0.0,0.0,0.0,16.76994140625,78.11789558732082,1014.0478567209719,2304.0,3296.0,448.0,0.10400000000000001,93,14,80,1014.1,3.0,4.0,5.0,,
2022-10-25 17:21:43,52.393801667,13.041101667000001,39.7,3.5634673833847046,3.7682311534881587,3.7682311534881587,24.680026054382324,28.38798999786377,28.43948554992676,28.44544696807861,28.44946956634521,8.0,12.0,13.0,1311.0,420.0,70.0,3.0,1.0,1.0,7.0,8.0,8.0,1269.0,351.0,33.5,0.0,0.0,0.0,16.76935546875,78.10391372305861,1014.0502333652548,1728.0,2560.0,256.0,0.10400000000000001,93,14,80,1014.1,3.0,4.0,5.0,,
2022-10-25 17:21:47,52.393811667,13.0411,44.0,3.557013988494873,3.7614067792892456,3.7614067792892456,24.63533115386963,28.33657932281494,28.387980461120605,28.39393138885498,28.39794731140137,7.0,11.0,13.0,1344.0,425.0,74.0,4.0,2.0,2.0,7.0,8.0,8.0,1222.5,332.5,32.5,0.0,0.0,0.0,16.76359375,78.06131344833122,1014.050761212919,2176.0,3296.0,224.0,0.10400000000000001,93,14,80,1014.1,3.0,4.0,5.0,,
2022-10-25 17:21:50,52.39383,13.041098332999999,43.6,3.4758256673812866,3.675553321838379,3.675553321838379,24.07303333282471,27.68980121612549,27.74003028869629,27.74584579467773,27.749768257141113,7.0,11.0,12.5,1347.0,424.0,73.0,4.0,2.0,2.0,6.5,7.5,7.5,1194.0,327.0,34.5,0.0,0.0,0.0,16.761640625,78.04710863390977,1014.0592403377296,1984.0,2592.0,512.0,0.10400000000000001,93,14,80,1014.1,3.0,4.0,5.0,,
2022-10-25 17:21:54,52.393856667,13.041091667,44.6,3.370438814163208,3.56411075592041,3.56411075592041,23.343140602111816,26.85024833679199,26.898953437805176,26.90459251403809,26.90839672088623,7.0,11.0,12.0,1350.0,423.0,72.0,4.0,2.0,2.0,6.0,7.0,7.0,1096.5,299.0,36.0,0.0,0.0,0.0,16.77091796875,78.08681646603306,1014.0670166490636,1888.0,2688.0,448.0,0.10400000000000001,93,14,80,1014.1,3.0,4.0,5.0,,
2022-10-25 17:21:54,52.393856667,13.041091667,44.6,3.3098748922348022,3.5000667572021484,3.5000667572021484,22.923684120178226,26.36777210235596,26.415602684021,26.42114067077637,26.42487621307373,6.5,9.5,11.5,1278.0,402.0,58.0,3.0,2.0,2.0,5.0,6.0,7.0,1107.0,302.0,41.0,2.0,2.0,0.0,16.77521484375,78.09793859250694,1014.0649090846774,2144.0,3040.0,512.0,0.10400000000000001,93,14,80,1014.1,3.0,4.0,5.0,,
2022-10-25 17:21:54,52.393856667,13.041091667,44.6,3.2838456630706787,3.4725418090820312,3.4725418090820312,22.74340915679932,26.160412788391113,26.207866668701172,26.21336078643799,26.21706771850586,7.0,10.0,11.5,1243.5,390.5,58.0,3.0,2.0,2.0,6.0,7.0,8.0,1131.0,310.0,40.5,2.0,2.0,0.0,16.784785156250006,78.09951863051553,1014.0664824283496,1824.0,2464.0,352.0,0.10400000000000001,93,14,80,1014.1,3.0,4.0,5.0,,
2022-10-25 17:22:04,52.393926666999995,13.041086667,40.6,3.255310893058777,3.4423673152923584,3.4423673152923584,22.5457820892334,25.93309307098389,25.980134963989254,25.98558139801025,25.98925590515137,6.0,9.0,10.0,1209.0,379.0,58.0,3.0,2.0,2.0,6.5,7.0,8.5,1186.5,330.5,48.5,2.0,2.0,0.0,16.79171875,78.08677865745597,1014.0645435426436,1920.0,2752.0,320.0,0.096,94,13,84,1014.0,3.0,4.0,6.0,,
2022-10-25 17:22:08,52.393941667,13.041085,38.9,3.302932858467102,3.4927257299423218,3.4927257299423218,22.8756046295166,26.31246852874756,26.36019992828369,26.36572551727295,26.36945343017578,6.0,8.0,10.0,1185.0,363.0,48.0,3.0,2.0,2.0,6.0,7.5,8.5,1191.0,328.0,42.5,2.0,2.0,0.0,16.7903515625,78.07961142389159,1014.0589463216679,1856.0,2528.0,320.0,0.096,94,13,84,1014.0,3.0,4.0,6.0,,
2022-10-25 17:22:11,52.39395,13.041083333,35.8,3.348292112350464,3.540691375732422,3.540691375732422,23.1897554397583,26.67381858825684,26.722204208374023,26.727806091308594,26.73158550262451,6.0,8.5,10.5,1206.0,370.0,56.0,3.0,2.0,2.0,6.0,8.0,9.0,1168.5,328.0,50.5,2.0,2.0,0.0,16.783515625,78.09236655679051,1014.0635534171852,2144.0,2688.0,128.0,0.096,94,13,84,1014.0,3.0,4.0,6.0,,
2022-10-25 17:22:15,52.393996666999996,13.04107,38.3,3.3078272342681885,3.4979013204574585,3.4979013204574585,22.909502029418945,26.35145854949951,26.39926052093506,26.404794692993164,26.408527374267575,6.5,9.5,11.5,1227.0,377.0,64.0,3.0,2.0,2.0,6.0,8.0,8.0,1170.0,323.5,52.0,0.0,0.0,0.0,16.77404296875,78.1324590523735,1014.0529483243263,2144.0,2976.0,384.0,0.096,94,13,84,1014.0,3.0,4.0,6.0,,
2022-10-25 17:22:15,52.393996666999996,13.04107,38.3,3.2649933099746704,3.452606081962585,3.452606081962585,22.61284065246582,26.010226249694824,26.05740833282471,26.0628719329834,26.06655597686768,7.0,11.0,13.0,1266.0,394.0,66.0,8.0,3.0,2.0,6.5,8.5,8.5,1254.0,346.0,62.0,0.0,0.0,0.0,16.7606640625,78.14760830848479,1014.067658264466,2336.0,2752.0,352.0,0.096,94,13,84,1014.0,3.0,4.0,6.0,,
2022-10-25 17:22:21,52.394055,13.041051667,35.1,3.249170422554016,3.435873985290528,3.435873985290528,22.503253936767575,25.884175300598145,25.93112945556641,25.936565399169922,25.940232276916504,6.0,10.0,12.0,1266.0,393.0,64.0,8.0,3.0,2.0,7.0,9.0,9.0,1243.5,350.0,55.0,0.0,0.0,0.0,16.75158203125,78.14263747926941,1014.0668891115196,2080.0,2624.0,352.0,0.096,94,13,84,1014.0,3.0,4.0,6.0,,
2022-10-25 17:22:25,52.394086666999996,13.041051667,34.2,3.2555577754974365,3.4426283836364746,3.4426283836364746,22.5474910736084,25.93505954742432,25.982105255126953,25.98755168914795,25.99122714996338,6.0,10.0,12.0,1266.0,392.0,62.0,8.0,3.0,2.0,5.5,7.5,7.5,1158.0,323.0,49.5,0.0,0.0,0.0,16.7426953125,78.12728398224013,1014.0630989838928,2176.0,2912.0,320.0,0.096,94,13,84,1014.0,3.0,4.0,6.0,,
2022-10-25 17:22:29,52.394115,13.041046667,36.1,3.1750504970550537,3.3574950695037837,3.3574950695037837,21.989910125732425,25.29370784759521,25.33959007263184,25.34490203857422,25.34848499298096,5.0,9.0,12.0,1197.0,363.0,64.0,8.0,4.0,2.0,5.5,7.5,7.5,1192.5,326.0,43.0,0.0,0.0,0.0,16.73732421875,78.14028365962254,1014.0684484371967,2080.0,3008.0,448.0,0.096,94,13,84,1014.0,3.0,4.0,6.0,,
2022-10-25 17:22:32,52.394135,13.041038333,38.4,3.0511631965637207,3.2264888286590576,3.2264888286590576,21.131885528564453,24.30677127838135,24.350863456726074,24.35596752166748,24.35941219329834,5.0,8.5,11.0,1179.0,358.0,63.0,7.5,3.5,1.5,6.0,8.0,8.0,1189.5,332.5,40.0,0.0,0.0,0.0,16.73751953125,78.14725918679373,1014.0729487889763,1792.0,3008.0,448.0,0.096,94,13,84,1014.0,3.0,4.0,6.0,,
2022-10-25 17:22:36,52.394163333,13.041031667,41.3,3.0995877981185918,3.2776960134506226,3.2776960134506226,21.467267990112305,24.69254207611084,24.73733329772949,24.74251937866211,24.74601745605469,5.0,8.0,10.0,1161.0,353.0,62.0,7.0,3.0,1.0,6.0,8.0,9.0,1170.0,337.0,42.5,2.0,2.0,0.0,16.74455078125,78.17967020965948,1014.063651591642,1824.0,3264.0,320.0,0.096,94,13,84,1014.0,3.0,4.0,6.0,,
2022-10-25 17:22:36,52.394163333,13.041031667,41.3,3.2622445821762085,3.4496994018554688,3.4496994018554688,22.59380340576172,25.988329887390137,26.03547191619873,26.040929794311523,26.04461193084717,5.0,8.0,9.0,1092.0,334.0,54.0,6.0,2.0,0.0,6.0,7.5,8.5,1188.0,333.5,44.0,2.0,2.0,0.0,16.75646484375,78.22330923821157,1014.0674194806672,2208.0,3072.0,480.0,0.096,94,13,84,1014.0,3.0,4.0,6.0,,
2022-10-25 17:22:43,52.394216666999995,13.041026667,45.4,3.4902478456497192,3.690804243087769,3.690804243087769,24.172919273376465,27.80469417572021,27.85513114929199,27.86097049713135,27.864910125732425,5.0,8.0,9.5,1104.0,340.0,56.0,6.5,2.5,0.0,6.5,8.0,9.0,1275.0,356.0,48.0,2.0,2.0,0.0,16.772089843750006,78.2814637010061,1014.0647704723253,1856.0,2560.0,288.0,0.096,94,13,84,1014.0,3.0,4.0,6.0,,
2022-10-25 17:22:46,52.39424,13.041030000000001,43.9,3.6466875076293945,3.8562331199646,3.8562331199646,25.25639533996582,29.05095386505127,29.10365104675293,29.109752655029297,29.113868713378906,5.0,8.0,10.0,1116.0,346.0,58.0,7.0,3.0,0.0,6.0,7.5,9.0,1251.0,351.0,45.5,2.0,2.0,0.0,16.7755078125,78.33761709041539,1014.0704064061273,2080.0,3168.0,288.0,0.096,94,13,84,1014.0,3.0,4.0,6.0,,
2022-10-25 17:22:50,52.3943,13.041035,39.8,3.784150004386902,4.001594543457031,4.001594543457031,26.20843982696533,30.146034240722656,30.20071887969971,30.207050323486328,30.211320877075195,6.0,9.0,11.0,1155.0,361.0,60.0,8.0,3.0,0.0,6.5,7.5,9.0,1291.5,355.0,46.0,2.0,2.0,0.0,16.76837890625,78.3885632915557,1014.0770368072107,2304.0,3264.0,416.0,0.096,94,13,84,1014.0,3.0,4.0,6.0,,
2022-10-25 17:22:54,52.394323333,13.041028333,38.9,3.7536345720291138,3.9693256616592407,3.9693256616592407,25.99709510803223,29.90293598175049,29.957179069519047,29.96345996856689,29.96769618988037,6.0,9.5,11.5,1206.0,377.0,62.0,8.0,3.0,0.0,7.0,8.0,8.5,1329.0,362.5,42.5,1.0,1.0,0.0,16.75890625,78.42870559698855,1014.073952311002,1856.0,2592.0,256.0,0.096,94,13,84,1014.0,3.0,4.0,6.0,,
2022-10-25 17:22:57,52.394345,13.041028333,38.5,3.6970509290695186,3.909490585327149,3.909490585327149,25.605204582214355,29.45216941833496,29.50559425354004,29.51177978515625,29.51595211029053,6.0,10.0,12.0,1257.0,393.0,64.0,8.0,3.0,0.0,7.0,9.0,10.0,1366.5,379.5,49.5,2.0,2.0,0.0,16.75783203125,78.47024276316473,1014.06883824414,2400.0,3360.0,352.0,0.096,94,13,84,1014.0,3.0,4.0,6.0,,
2022-10-25 17:22:57,52.394345,13.041028333,38.5,3.6255862712860103,3.833919525146485,3.833919525146485,25.11025238037109,28.882853507995605,28.93524646759033,28.94131183624268,28.94540405273437,6.0,10.0,12.0,1275.0,407.0,70.0,8.0,3.0,0.0,7.0,8.5,9.5,1333.5,374.0,52.5,2.0,2.0,0.0,16.756464843750006,78.58825001673955,1014.0699265545312,2112.0,2880.0,288.0,0.096,94,13,84,1014.0,3.0,4.0,6.0,,
2022-10-25 17:23:04,52.394405,13.041011667000001,35.4,3.434158563613892,3.631491899490357,3.631491899490357,23.78445339202881,27.35786533355713,27.407490730285645,27.41323757171631,27.417113304138184,6.5,10.0,12.0,1269.0,406.0,65.0,9.5,3.5,0.5,7.5,9.5,10.5,1398.0,392.0,60.5,2.0,2.0,0.0,16.75119140625,78.63259887371798,1014.0679163430107,1888.0,2752.0,352.0,0.096,94,13,85,1014.1,3.0,4.0,5.0,,
2022-10-25 17:23:07,52.394431667,13.040988333,33.4,3.22562313079834,3.41097354888916,3.41097354888916,22.340167999267575,25.69658851623535,25.74320125579834,25.748598098754886,25.752238273620605,7.0,10.0,12.0,1263.0,405.0,60.0,11.0,4.0,1.0,8.0,9.5,12.0,1432.5,405.5,75.5,4.0,4.0,0.0,16.745624999999997,78.58645344570536,1014.0729439448648,2144.0,2880.0,512.0,0.096,94,13,85,1014.1,3.0,4.0,5.0,,
2022-10-25 17:23:11,52.394456667,13.040955,33.7,3.0842977762222286,3.2615274190902714,3.2615274190902714,21.36137104034424,24.57073402404785,24.61530494689941,24.620466232299805,24.62394714355469,7.0,9.0,12.0,1218.0,390.0,56.0,6.0,3.0,1.0,8.0,9.5,12.0,1372.5,392.0,77.5,4.0,4.0,1.0,16.73849609375,78.56788123421882,1014.0670382026393,1952.0,2784.0,256.0,0.096,94,13,85,1014.1,3.0,4.0,5.0,,
2022-10-25 17:23:15,52.394541667,13.040906667,32.7,2.9986847639083862,3.170994997024536,3.170994997024536,20.768428802490234,23.888708114624023,23.93204116821289,23.937058448791504,23.94044303894043,7.5,9.5,12.0,1215.0,391.0,59.0,6.0,3.0,1.0,7.0,9.0,11.5,1315.5,364.0,78.0,4.0,4.0,2.0,16.726875,78.69120135963955,1014.0687663842567,1952.0,3040.0,352.0,0.096,94,13,85,1014.1,3.0,4.0,5.0,,
2022-10-25 17:23:15,52.394541667,13.040906667,32.7,2.9775308370590214,3.1486254930496216,3.1486254930496216,20.621919631958008,23.72018814086914,23.76321601867676,23.768198013305664,23.771557807922363,8.0,10.0,12.0,1212.0,392.0,62.0,6.0,3.0,1.0,8.0,10.0,13.0,1407.0,391.0,85.5,4.0,4.0,2.0,16.7204296875,78.82936080163512,1014.0731795235154,1952.0,2720.0,224.0,0.096,94,13,85,1014.1,3.0,4.0,5.0,,
2022-10-25 17:23:15,52.394541667,13.040906667,32.7,2.994195938110352,3.1662482023239136,3.1662482023239136,20.737339973449707,23.85294914245605,23.89621734619141,23.90122699737549,23.90460586547852,7.0,10.0,12.0,1182.0,388.0,62.0,5.0,2.0,1.0,8.0,9.5,12.5,1375.5,390.0,79.5,4.0,4.0,2.0,16.71291015625,78.85945038937405,1014.0791634230973,2080.0,3232.0,416.0,0.096,94,13,85,1014.1,3.0,4.0,5.0,,
2022-10-25 17:23:25,52.394658333,13.040823332999999,39.4,3.1500440835952763,3.331051707267761,3.331051707267761,21.816720008850094,25.09449577331543,25.14001750946045,25.14528751373291,25.148842811584476,7.5,10.0,12.0,1197.0,392.0,64.0,5.5,2.0,1.0,8.0,10.0,11.5,1323.0,384.5,70.0,3.0,3.0,2.0,16.7063671875,78.92105191310455,1014.0809080563413,1792.0,2656.0,256.0,0.096,94,13,85,1014.1,3.0,4.0,5.0,,
2022-10-25 17:23:29,52.394706667,13.040785000000001,41.9,3.319889783859253,3.5106570720672607,3.5106570720672607,22.99304580688477,26.44755458831787,26.495530128479004,26.501084327697754,26.504831314086914,8.0,10.0,12.0,1212.0,396.0,66.0,6.0,2.0,1.0,8.0,10.0,12.0,1378.5,395.5,69.5,3.0,3.0,1.0,16.698261718749997,78.91273899822623,1014.0800757704719,1984.0,2720.0,320.0,0.096,94,13,85,1014.1,3.0,4.0,5.0,,
2022-10-25 17:23:32,52.394745,13.040756667,42.3,3.42093825340271,3.617512106895447,3.617512106895447,23.69289207458496,27.25254726409912,27.301981925964355,27.307705879211426,27.31156635284424,8.0,11.0,13.0,1299.0,421.0,78.0,6.0,2.0,1.0,8.5,11.0,12.0,1453.5,427.5,69.0,3.0,2.0,0.0,16.686542968749997,78.84810824903806,1014.0757913726745,1728.0,2336.0,160.0,0.096,94,13,85,1014.1,3.0,4.0,5.0,,
2022-10-25 17:23:36,52.394776666999995,13.04074,43.2,3.4789023399353027,3.678806781768799,3.678806781768799,24.094341278076172,27.71431064605713,27.764583587646484,27.770404815673828,27.774331092834476,8.0,11.0,12.5,1299.0,420.0,76.0,5.5,1.5,1.0,7.5,10.0,11.0,1360.5,395.0,62.0,4.0,2.0,0.0,16.67580078125,78.73492703413453,1014.075623730518,2048.0,3040.0,448.0,0.096,94,13,85,1014.1,3.0,4.0,5.0,,
2022-10-25 17:23:36,52.394776666999995,13.04074,43.2,3.498249292373657,3.6992653608322144,3.6992653608322144,24.228334426879886,27.868435859680176,27.918989181518555,27.924840927124023,27.92879009246826,8.0,11.0,12.0,1299.0,419.0,74.0,5.0,1.0,1.0,7.0,10.0,11.0,1408.5,395.5,62.0,4.0,2.0,0.0,16.66681640625,78.76128610934741,1014.0599720173897,1984.0,3072.0,416.0,0.096,94,13,85,1014.1,3.0,4.0,5.0,,
2022-10-25 17:23:42,52.394823333000005,13.040668333,43.0,3.545682191848755,3.74942398071289,3.74942398071289,24.556848526000977,28.24630641937256,28.2975435256958,28.303476333618164,28.307477951049805,8.0,10.0,11.0,1263.0,406.0,74.0,4.0,1.0,1.0,6.5,8.5,9.0,1380.0,381.5,51.5,3.0,1.0,0.0,16.6712109375,78.81074702075075,1014.0672190105876,2080.0,3008.0,416.0,0.096,94,13,85,1014.1,3.0,4.0,5.0,,
2022-10-25 17:23:46,52.394833333,13.040656667,43.5,3.666637063026428,3.8773289918899536,3.8773289918899536,25.39456367492676,29.209879875183105,29.26286602020264,29.269001007080078,29.27313804626465,7.0,9.5,11.0,1243.5,399.5,78.0,4.0,1.0,1.0,6.5,8.5,8.5,1342.5,371.5,48.5,2.0,0.0,0.0,16.68341796875,78.85803809862517,1014.0706379876767,2304.0,3040.0,416.0,0.096,94,13,85,1014.1,3.0,4.0,5.0,,
2022-10-25 17:23:50,52.394838333,13.040661667,50.5,3.812808513641357,4.031899929046632,4.031899929046632,26.406925201416016,30.37434005737305,30.429438591003414,30.435816764831547,30.440120697021484,6.0,9.0,11.0,1224.0,393.0,82.0,4.0,1.0,1.0,7.0,8.5,8.5,1303.5,354.0,45.0,1.0,0.0,0.0,16.69865234375,78.84665824424215,1014.0673501299917,1568.0,2272.0,320.0,0.096,94,13,85,1014.1,3.0,4.0,5.0,,
2022-10-26 16:29:00,52.394931667,13.040346667,43.0,3.1843549013137817,3.3673341274261475,3.3673341274261475,22.054351806640625,25.367830276489254,25.41384696960449,25.419174194335934,25.422768592834476,6.0,9.0,11.0,1254.0,394.0,62.0,7.0,3.0,1.0,5.0,6.0,7.0,988.5,273.0,24.5,4.0,2.0,0.0,20.62248046875,65.12604866284657,1016.2321386559616,640.0,864.0,288.0,0.12300000000000001,92,18,63,1016.4,2.0,4.0,5.0,,
2022-10-26 16:29:00,52.394931667,13.040346667,43.0,3.038264751434326,3.2128492593765263,3.2128492593765263,21.042552947998047,24.20401763916016,24.247923851013184,24.25300693511963,24.256436347961426,6.0,9.0,11.0,1242.0,392.5,64.0,6.5,3.0,1.0,5.5,6.0,7.0,936.0,264.5,27.0,4.0,2.0,0.0,20.6454296875,64.8177443992215,1016.2303751473688,864.0,992.0,320.0,0.12300000000000001,92,18,63,1016.4,2.0,4.0,5.0,,
2022-10-26 16:29:07,52.394936666999996,13.040346667,29.6,2.9163825511932373,3.0839635133743286,3.0839635133743286,20.198415756225586,23.23305702209473,23.275200843811035,23.28007984161377,23.283371925354004,6.0,9.0,11.0,1230.0,391.0,66.0,6.0,3.0,1.0,4.5,5.0,6.0,915.0,242.5,23.0,4.0,2.0,0.0,20.66232421875,64.9088519986974,1016.2312617160106,960.0,896.0,352.0,0.12300000000000001,92,18,63,1016.4,2.0,4.0,5.0,,
2022-10-26 16:29:11,52.394936666999996,13.040346667,29.7,2.8738579750061035,3.0389955043792725,3.0389955043792725,19.903898239135746,22.894289016723636,22.935818672180176,22.940627098083496,22.943870544433594,6.0,9.0,10.0,1185.0,381.0,62.0,5.0,2.0,0.0,4.0,4.0,5.0,834.0,221.0,24.5,2.0,2.0,0.0,20.655,64.635625503686,1016.2503241187578,992.0,800.0,320.0,0.12300000000000001,92,18,63,1016.4,2.0,4.0,5.0,,
2022-10-26 16:29:14,52.394936666999996,13.040346667,29.8,2.808916449546814,2.9703222513198853,2.9703222513198853,19.454121589660645,22.376937866210934,22.417529106140137,22.422229766845703,22.42539978027344,6.0,9.0,10.0,1176.0,381.0,62.0,5.5,2.0,0.0,4.5,4.5,5.5,835.5,220.5,29.0,2.0,2.0,0.0,20.627265625,64.40553371814039,1016.2484191211673,1024.0,896.0,448.0,0.12300000000000001,92,18,63,1016.4,2.0,4.0,5.0,,
2022-10-26 16:29:18,52.394859999999994,13.040423333,31.3,2.8121814727783203,2.973774790763855,2.973774790763855,19.47673511505127,22.4029483795166,22.443588256835934,22.44829273223877,22.45146656036377,6.0,9.0,10.0,1167.0,381.0,62.0,6.0,2.0,0.0,5.0,5.0,5.0,834.0,220.0,23.5,0.0,0.0,0.0,20.5751171875,64.29632127261672,1016.253425647392,1056.0,992.0,448.0,0.12300000000000001,92,18,63,1016.4,2.0,4.0,5.0,,
2022-10-26 16:29:18,52.394859999999994,13.040423333,31.3,2.8066471815109253,2.967922568321228,2.967922568321228,19.438405990600586,22.358860969543453,22.3994197845459,22.404114723205566,22.407282829284668,6.0,9.0,10.0,1200.0,387.0,60.0,3.0,1.0,0.0,4.5,4.5,4.5,849.0,220.0,22.0,0.0,0.0,0.0,20.52248046875,64.18384467780783,1016.2483685675315,1056.0,1024.0,384.0,0.12300000000000001,92,18,63,1016.4,2.0,4.0,5.0,,
2022-10-26 16:29:24,52.394576666999995,13.04065,37.0,2.8038814067840576,2.9649978876113887,2.9649978876113887,19.41925048828125,22.336828231811523,22.37734603881836,22.38203716278076,22.385202407836914,6.0,9.5,10.5,1228.5,395.5,63.0,3.5,1.0,0.0,4.5,5.0,5.0,889.5,236.5,26.0,0.0,0.0,0.0,20.470234375,64.2970315651697,1016.252348700218,1024.0,928.0,448.0,0.12300000000000001,92,18,63,1016.4,2.0,4.0,5.0,,
2022-10-26 16:29:28,52.394396666999995,13.04083,40.8,2.864752531051636,3.0293668508529663,3.0293668508529663,19.840834617614746,22.82175064086914,22.863149642944336,22.867942810058594,22.87117576599121,6.0,10.0,11.0,1257.0,404.0,66.0,4.0,1.0,0.0,4.5,4.5,6.0,901.5,235.0,26.5,2.0,2.0,2.0,20.42248046875,64.3782284263421,1016.2536220249344,992.0,928.0,384.0,0.12300000000000001,92,18,63,1016.4,2.0,4.0,5.0,,
2022-10-26 16:29:32,52.395051667,13.040121667000001,24.1,2.937394499778748,3.1061828136444087,3.1061828136444087,20.3439416885376,23.400444984436035,23.44289302825928,23.44780731201172,23.451123237609863,6.0,9.0,10.0,1227.0,396.0,58.0,4.0,1.0,0.0,4.0,4.0,6.5,868.5,230.0,23.0,3.0,2.0,2.0,20.3784375,64.47637219767861,1016.2509059156772,1152.0,1120.0,448.0,0.12300000000000001,92,18,63,1016.4,2.0,4.0,5.0,,
2022-10-26 16:29:35,52.395021666999995,13.040156667,27.2,2.9565874338150024,3.1264785528182983,3.1264785528182983,20.476868629455566,23.553343772888184,23.5960693359375,23.601015090942386,23.604352951049805,6.0,8.5,9.5,1201.5,387.0,55.0,3.5,1.0,0.0,4.0,4.0,7.0,831.0,221.5,25.0,4.0,2.0,2.0,20.32208984375,64.57926582438003,1016.2573452614757,1120.0,928.0,384.0,0.12300000000000001,92,18,63,1016.4,2.0,4.0,5.0,,
2022-10-26 16:29:39,52.394971667,13.040245,32.4,2.9805630445480347,3.151831865310669,3.151831865310669,20.64292049407959,23.744343757629395,23.78741455078125,23.79240131378174,23.795766830444336,6.0,8.0,9.0,1176.0,378.0,52.0,3.0,1.0,0.0,2.5,3.0,6.5,813.0,218.5,21.0,5.0,3.0,2.0,20.2425,64.68200392657799,1016.2708913136656,1184.0,1120.0,480.0,0.12300000000000001,92,18,63,1016.4,2.0,4.0,5.0,,
2022-10-26 16:29:42,52.394916667,13.040321667,35.1,3.0337857007980347,3.2081128358840942,3.2081128358840942,21.0115327835083,24.168335914611816,24.212177276611328,24.21725273132324,24.22067642211914,6.5,8.5,9.5,1146.0,368.0,54.0,3.0,1.0,0.0,3.5,4.0,7.5,765.0,212.0,18.0,6.0,4.0,2.0,20.17189453125,64.79269315154299,1016.2756706020288,1056.0,992.0,448.0,0.12300000000000001,92,18,63,1016.4,2.0,4.0,5.0,,
2022-10-26 16:29:42,52.394916667,13.040321667,35.1,3.1547362804412837,3.336013436317444,3.336013436317444,21.84921741485596,25.13187599182129,25.177464485168453,25.18274307250977,25.18630409240723,6.5,9.0,9.5,1093.5,350.5,52.0,2.5,0.5,0.0,3.5,3.5,6.5,766.5,216.5,25.0,6.0,2.0,0.0,20.104609375,64.94654135261548,1016.2682480917653,1056.0,960.0,416.0,0.12300000000000001,92,18,63,1016.4,2.0,4.0,5.0,,
2022-10-26 16:29:49,52.395051667,13.040078333,36.9,3.2767300605773926,3.4650173187255864,3.4650173187255864,22.69412708282471,26.10372638702393,26.15107822418213,26.15656089782715,26.160259246826172,6.0,9.0,9.0,1041.0,333.0,50.0,2.0,0.0,0.0,4.5,5.0,7.5,865.5,245.0,28.0,5.0,2.0,0.0,20.01017578125,65.09315329778437,1016.2715532648854,1152.0,1088.0,352.0,0.12300000000000001,92,18,63,1016.4,2.0,4.0,5.0,,
2022-10-26 16:29:53,52.395033333,13.040046667,36.6,3.343722105026245,3.5358587503433228,3.5358587503433228,23.15810394287109,26.63741111755371,26.685730934143066,26.691325187683105,26.695098876953125,6.0,8.0,8.0,984.0,316.0,48.0,2.0,0.0,0.0,4.5,4.5,6.5,900.0,254.0,27.0,4.0,2.0,0.0,19.94103515625,65.27319696094293,1016.2694300062848,1056.0,960.0,416.0,0.12300000000000001,92,18,63,1016.4,2.0,4.0,5.0,,
2022-10-26 16:29:56,52.395026666999996,13.040023332999999,36.9,3.4757145643234253,3.675435662269592,3.675435662269592,24.07226276397705,27.68891525268555,27.7391414642334,27.74495792388916,27.74888038635254,4.5,7.0,7.0,964.5,310.0,46.0,2.0,0.0,0.0,4.0,4.5,5.5,888.0,253.5,29.5,3.0,1.0,0.0,19.8852734375,65.49811926044359,1016.2658006016313,960.0,832.0,352.0,0.12300000000000001,92,18,63,1016.4,2.0,4.0,5.0,,
2022-10-26 16:30:00,52.395011667,13.040005,35.2,3.5771787166595463,3.782730221748352,3.782730221748352,24.77498817443848,28.49722003936768,28.54891395568848,28.55489826202393,28.55893611907959,4.0,7.0,7.0,945.0,304.0,44.0,2.0,0.0,0.0,5.0,6.0,6.5,942.0,272.0,35.5,2.0,0.0,0.0,19.8329296875,65.66783568292985,1016.2795430597804,1056.0,1120.0,448.0,0.115,93,18,63,1016.3,5.0,6.0,7.0,,
2022-10-26 16:30:00,52.395011667,13.040005,35.2,3.6916776895523067,3.9038087129592896,3.9038087129592896,25.567992210388184,29.409363746643066,29.46271228790283,29.46888828277588,29.473054885864254,4.0,7.0,7.0,933.0,300.0,42.0,2.0,0.0,0.0,4.5,5.5,5.5,984.0,280.0,31.0,0.0,0.0,0.0,19.750605468750006,65.84963869632497,1016.290917539345,1120.0,1024.0,416.0,0.115,93,18,63,1016.3,5.0,6.0,7.0,,
2022-10-26 16:30:00,52.395011667,13.040005,35.2,3.9092226028442383,4.133854150772096,4.133854150772096,27.07467365264893,31.14241313934326,31.198904037475586,31.205445289611816,31.209857940673828,4.0,6.5,6.5,942.0,303.0,44.0,1.5,0.0,0.0,4.5,6.0,6.0,994.5,282.0,36.5,0.0,0.0,0.0,19.66701171875,66.14015019170813,1016.292613501104,1024.0,928.0,416.0,0.115,93,18,63,1016.3,5.0,6.0,7.0,,
2022-10-26 16:30:10,52.394991667,13.03995,32.3,4.1135175228118905,4.349888086318971,4.349888086318971,28.48958778381348,32.76990509033203,32.829349517822266,32.836231231689446,32.84087562561035,4.0,6.0,6.0,951.0,306.0,46.0,1.0,0.0,0.0,5.0,6.0,6.0,996.0,282.5,38.5,0.0,0.0,0.0,19.5907421875,66.4156042102655,1016.2945886122234,1088.0,1056.0,416.0,0.115,93,18,63,1016.3,5.0,6.0,7.0,,
2022-10-26 16:30:14,52.394976666999995,13.03992,32.9,4.328035354614259,4.576732635498047,4.576732635498047,29.97530746459961,34.47883987426758,34.54138565063477,34.54862594604492,34.553510665893555,4.0,6.0,6.0,894.0,290.0,48.0,1.0,0.0,0.0,5.0,6.0,6.0,1033.5,289.5,36.5,0.0,0.0,0.0,19.49806640625,66.72198329899823,1016.2871374057007,1088.0,960.0,384.0,0.115,93,18,63,1016.3,5.0,6.0,7.0,,
2022-10-26 16:30:17,52.394978333000005,13.039916667,33.1,4.501976013183594,4.7606680393218985,4.7606680393218985,31.179990768432614,35.86451911926269,35.9295768737793,35.93710899353027,35.94219017028809,3.5,5.5,5.5,849.0,276.0,45.0,0.5,0.0,0.0,6.0,6.5,6.5,1086.0,291.0,35.5,0.0,0.0,0.0,19.433222656250006,66.99655893156202,1016.2894176956661,1088.0,928.0,384.0,0.115,93,18,63,1016.3,5.0,6.0,7.0,,
2022-10-26 16:30:21,52.394975,13.039906667,33.7,4.799641609191895,5.075438499450684,5.075438499450684,33.241579055786126,38.23584365844727,38.30520248413086,38.313232421875,38.31864929199219,3.0,5.0,5.0,804.0,262.0,42.0,0.0,0.0,0.0,5.0,6.0,6.5,1090.5,297.5,37.5,1.0,1.0,0.0,19.39201171875,67.15250944588789,1016.2920144523283,1120.0,960.0,384.0,0.115,93,18,63,1016.3,5.0,6.0,7.0,,
2022-10-26 16:30:21,52.394975,13.039906667,33.7,5.013833522796631,5.301938056945801,5.301938056945801,34.725038528442376,39.94218063354492,40.01463508605957,40.02302169799805,40.02868270874024,4.0,6.0,6.0,840.0,274.0,52.0,1.0,0.0,0.0,5.0,6.0,8.0,1038.0,281.0,31.5,3.0,3.0,1.0,19.36388671875,67.31719098841208,1016.2977036113865,992.0,832.0,384.0,0.115,93,18,63,1016.3,5.0,6.0,7.0,,
2022-10-26 16:30:28,52.394940000000005,13.039851667,34.1,5.228533983230591,5.528975486755371,5.528975486755371,36.21201896667481,41.65256690979004,41.72812461853027,41.73687171936035,41.74277305603027,4.0,6.0,6.0,852.0,278.0,52.0,1.0,0.0,0.0,5.5,5.5,8.5,1116.0,293.0,31.5,4.0,4.0,2.0,19.3489453125,67.427621755326,1016.2881895140016,1024.0,832.0,352.0,0.115,93,18,63,1016.3,5.0,6.0,7.0,,
2022-10-26 16:30:31,52.39492,13.039825,34.8,5.356515884399414,5.664311408996582,5.664311408996582,37.09840393066406,42.67212104797363,42.749528884887695,42.75849151611328,42.76453590393066,4.0,6.0,6.0,864.0,282.0,52.0,1.0,0.0,0.0,5.0,5.0,8.0,1125.0,296.0,32.0,4.0,4.0,2.0,19.33478515625,67.48183899309643,1016.2841577493463,1024.0,960.0,448.0,0.115,93,18,63,1016.3,5.0,6.0,7.0,,
2022-10-26 16:30:35,52.3949,13.039756667,32.8,5.42348313331604,5.735126972198486,5.735126972198486,37.56220817565918,43.20561027526856,43.28398323059082,43.29305839538574,43.29917907714844,4.0,6.0,6.0,894.0,292.0,54.0,1.0,0.0,0.0,6.0,6.5,9.0,1119.0,303.5,29.0,4.0,4.0,2.0,19.3067578125,67.58040005520597,1016.2849656327826,1024.0,992.0,448.0,0.115,93,18,63,1016.3,5.0,6.0,7.0,,
2022-10-26 16:30:39,52.394883333,13.039705,32.7,5.54646635055542,5.8651771545410165,5.8651771545410165,38.413970947265625,44.18534469604492,44.26549530029297,44.2747745513916,44.28103446960449,5.0,7.0,7.0,880.5,286.5,52.0,1.0,0.0,0.0,5.5,6.0,8.5,1209.0,332.5,34.0,3.0,3.0,2.0,19.27765625,67.63568332686157,1016.2881952052388,1088.0,992.0,384.0,0.115,93,18,63,1016.3,5.0,6.0,7.0,,
2022-10-26 16:30:42,52.394851667,13.039666667,34.1,5.543651819229126,5.862200736999513,5.862200736999513,38.39447784423828,44.16292190551758,44.243032455444336,44.2523078918457,44.25856399536133,4.5,6.5,6.5,867.0,281.0,50.0,1.0,0.0,0.0,7.0,7.5,9.0,1351.5,381.5,43.0,2.0,2.0,1.0,19.249140625,67.68443272081103,1016.2839960961873,992.0,1024.0,384.0,0.115,93,18,63,1016.3,5.0,6.0,7.0,,
2022-10-26 16:30:42,52.394851667,13.039666667,34.1,5.620494842529297,5.943459272384644,5.943459272384644,38.92668151855469,44.77508163452149,44.85630607604981,44.86570739746094,44.87205123901367,4.0,7.0,7.0,942.0,306.0,56.0,2.0,0.0,0.0,6.5,7.5,8.5,1299.0,369.0,38.0,2.0,2.0,0.0,19.219355468750006,67.73631936871456,1016.288608313429,1024.0,928.0,448.0,0.115,93,18,63,1016.3,5.0,6.0,7.0,,
2022-10-26 16:30:49,52.394833333,13.039618333,33.9,5.82469916343689,6.159397602081299,6.159397602081299,40.34096908569336,46.40185737609863,46.48602867126465,46.49577331542969,46.50234603881836,4.5,7.0,7.0,967.5,313.5,55.0,2.0,0.0,0.0,7.0,8.0,9.5,1434.0,406.0,45.0,2.0,2.0,0.0,19.192890625,67.75883774553654,1016.2911375876724,1024.0,1024.0,480.0,0.115,93,18,63,1016.3,5.0,6.0,7.0,,
2022-10-26 16:30:53,52.394825,13.039611667,33.9,6.009007930755615,6.354297161102295,6.354297161102295,41.61746215820313,47.87013244628906,47.95696830749512,47.96702194213867,47.97380256652832,5.0,7.0,7.0,993.0,321.0,54.0,2.0,0.0,0.0,7.5,9.5,11.5,1603.5,452.0,66.0,4.0,4.0,0.0,19.17833984375,67.93599800573749,1016.2914867624887,1024.0,960.0,416.0,0.115,93,18,63,1016.3,5.0,6.0,7.0,,
2022-10-26 16:30:56,52.394803333,13.039611667,33.6,6.184095621109009,6.539445877075195,6.539445877075195,42.83009338378906,49.26495170593262,49.35431861877442,49.36466407775879,49.37164306640625,4.0,7.0,7.0,972.0,310.0,56.0,2.0,0.0,0.0,8.0,11.0,13.0,1699.5,479.0,79.5,4.0,4.0,0.0,19.165546875,68.04705363826011,1016.298926378578,1024.0,960.0,416.0,0.115,93,18,63,1016.3,5.0,6.0,7.0,,
2022-10-26 16:31:00,52.394785,13.039601667000001,33.3,6.101884126663207,6.452510118484497,6.452510118484497,42.26070976257324,48.61001968383789,48.69819831848145,48.70840644836426,48.715293884277344,4.0,7.0,7.0,963.0,307.0,53.0,2.5,0.0,0.0,7.5,10.5,12.0,1629.0,462.5,78.0,3.0,3.0,0.0,19.1493359375,68.13435920701971,1016.3007317548767,1088.0,1056.0,416.0,0.114,93,17,66,1016.2,3.0,4.0,5.0,,
2022-10-26 16:31:03,52.394766667,13.039576667,34.0,5.824387311935425,6.159067869186401,6.159067869186401,40.338809967041016,46.39937210083008,46.4835376739502,46.49328422546387,46.49985885620117,4.0,7.0,7.0,954.0,304.0,50.0,3.0,0.0,0.0,8.0,11.5,12.5,1588.5,458.5,85.0,2.0,2.0,0.0,19.12677734375,68.17746804717322,1016.3046569849092,1056.0,992.0,448.0,0.114,93,17,66,1016.2,3.0,4.0,5.0,,
2022-10-26 16:31:03,52.394766667,13.039576667,34.0,5.522725343704224,5.8400719165802,5.8400719165802,38.24954605102539,43.99621391296387,44.07602310180664,44.08526420593262,44.091495513916016,5.5,7.5,7.5,978.0,312.0,50.0,3.0,0.0,0.0,7.0,10.5,11.5,1404.0,403.0,77.0,2.0,2.0,0.0,19.1059765625,68.18758216182778,1016.3039274457576,1056.0,1024.0,480.0,0.114,93,17,66,1016.2,3.0,4.0,5.0,,
2022-10-26 16:31:10,52.394728333,13.039528333,38.1,5.208874702453613,5.50818657875061,5.50818657875061,36.07586479187012,41.49595451354981,41.57122802734375,41.57994270324707,41.5858211517334,6.0,8.0,8.0,984.0,313.0,52.0,3.0,0.0,0.0,6.5,8.0,8.0,1152.0,337.5,56.0,0.0,0.0,0.0,19.0907421875,68.13534462413486,1016.3132095196556,1152.0,1056.0,448.0,0.114,93,17,66,1016.2,3.0,4.0,5.0,,
2022-10-26 16:31:14,52.394728333,13.039521667,37.7,4.816162109375,5.0929081439971915,5.0929081439971915,33.35599708557129,38.367448806762695,38.437049865722656,38.445106506347656,38.45054054260254,6.0,8.0,8.0,990.0,314.0,54.0,3.0,0.0,0.0,5.0,6.0,6.0,939.0,270.0,34.5,0.0,0.0,0.0,19.087519531250006,68.17809456315972,1016.3188022978301,1056.0,864.0,352.0,0.114,93,17,66,1016.2,3.0,4.0,5.0,,
2022-10-26 16:31:17,52.394729999999996,13.039521667,37.7,4.480233192443848,4.73767614364624,4.73767614364624,31.02940654754639,35.69130897521973,35.75605392456055,35.7635498046875,35.76860427856445,5.0,7.0,7.0,942.0,298.0,44.0,2.0,0.0,0.0,4.0,4.5,4.5,891.0,244.5,27.0,0.0,0.0,0.0,19.0969921875,68.22280358679986,1016.3142840040804,992.0,992.0,416.0,0.114,93,17,66,1016.2,3.0,4.0,5.0,,
2022-10-26 16:31:21,52.394729999999996,13.03952,37.7,4.184732913970946,4.425195693969727,4.425195693969727,28.98281478881836,33.337234497070305,33.397708892822266,33.404708862304695,33.409433364868164,4.0,6.0,6.5,930.0,295.0,43.0,2.5,0.5,0.5,4.0,4.5,4.5,885.0,238.0,18.0,0.0,0.0,0.0,19.103632812500006,68.28372805937252,1016.3109692403308,1056.0,1056.0,448.0,0.114,93,17,66,1016.2,3.0,4.0,5.0,,
2022-10-26 16:31:21,52.394729999999996,13.03952,37.7,3.8780343532562256,4.1008737087249765,4.1008737087249765,26.85866928100586,30.89395523071289,30.949995040893555,30.956483840942386,30.96086025238037,4.5,6.5,7.5,918.0,292.0,42.0,3.0,1.0,1.0,4.0,4.0,4.0,834.0,222.5,15.0,0.0,0.0,0.0,19.107050781250006,68.32419961118572,1016.3166027401937,1184.0,1120.0,512.0,0.114,93,17,66,1016.2,3.0,4.0,5.0,,
2022-10-26 16:31:28,52.394729999999996,13.03952,37.7,3.617240905761719,3.82509446144104,3.82509446144104,25.05245304107666,28.81637096405029,28.86864280700684,28.87469482421875,28.8787784576416,5.0,7.0,7.0,900.0,288.0,38.0,4.0,1.0,1.0,3.0,4.0,4.0,777.0,205.0,12.0,0.0,0.0,0.0,19.1091015625,68.3511496941846,1016.3308876270697,960.0,864.0,320.0,0.114,93,17,66,1016.2,3.0,4.0,5.0,,
2022-10-26 16:31:31,52.394729999999996,13.03952,37.7,3.503131985664368,3.704428791999817,3.704428791999817,24.262152671813965,27.907334327697754,27.95795822143555,27.96381950378418,27.9677734375,5.5,7.0,7.5,948.0,303.0,39.0,4.0,1.0,1.0,3.5,3.5,3.5,795.0,209.0,8.5,0.0,0.0,0.0,19.1106640625,68.29479487408662,1016.3309464593733,1152.0,1088.0,448.0,0.114,93,17,66,1016.2,3.0,4.0,5.0,,
2022-10-26 16:31:35,52.394728333,13.039518333,37.6,3.515592694282532,3.717605352401733,3.717605352401733,24.3484525680542,28.006601333618164,28.05740451812744,28.063286781311035,28.06725311279297,6.0,7.0,8.0,996.0,318.0,40.0,4.0,1.0,1.0,4.0,4.0,4.0,793.5,214.5,15.0,0.0,0.0,0.0,19.1157421875,68.2922466562905,1016.3183453678354,1056.0,992.0,480.0,0.114,93,17,66,1016.2,3.0,4.0,5.0,,
2022-10-26 16:31:39,52.394728333,13.039518333,37.6,3.4541807174682617,3.652664542198181,3.652664542198181,23.92312240600586,27.51736831665039,27.56728458404541,27.57306385040283,27.5769624710083,5.0,6.0,8.0,1002.0,320.0,40.0,4.0,2.0,1.0,4.0,5.0,5.0,816.0,224.0,25.0,0.0,0.0,0.0,19.12091796875,68.31634444279214,1016.3109379883374,1056.0,960.0,416.0,0.114,93,17,66,1016.2,3.0,4.0,5.0,,
2022-10-26 16:31:42,52.394728333,13.039518333,37.6,3.390166521072388,3.5849721431732178,3.5849721431732178,23.47977161407471,27.00740623474121,27.056398391723636,27.0620698928833,27.065896034240726,5.0,6.0,7.5,982.5,312.5,40.0,4.0,2.0,1.0,4.0,5.0,5.0,855.0,236.0,36.5,0.0,0.0,0.0,19.12365234375,68.26683500403738,1016.3137670029904,1152.0,928.0,416.0,0.114,93,17,66,1016.2,3.0,4.0,5.0,,
2022-10-26 16:31:42,52.394728333,13.039518333,37.6,3.3571064472198486,3.550012230873108,3.550012230873108,23.250802040100094,26.74403667449951,26.792550086975094,26.79816722869873,26.801955223083496,6.0,7.0,8.0,963.0,305.0,40.0,4.0,2.0,1.0,4.5,5.5,5.5,922.5,254.5,41.5,0.0,0.0,0.0,19.12365234375,68.18697172299801,1016.3053785174292,1056.0,1088.0,448.0,0.114,93,17,66,1016.2,3.0,4.0,5.0,,
2022-10-26 16:31:49,52.394726667,13.039515,37.7,3.3247127532958984,3.515757203102112,3.515757203102112,23.02644920349121,26.48597621917725,26.53402137756348,26.53958320617676,26.543335914611816,6.0,7.0,8.0,939.0,299.0,36.0,4.0,2.0,1.0,5.0,6.0,6.0,930.0,259.0,46.0,0.0,0.0,0.0,19.12970703125,68.13134555104135,1016.3027747247504,992.0,928.0,448.0,0.114,93,17,66,1016.2,3.0,4.0,5.0,,
2022-10-26 16:31:52,52.394726667,13.039515,37.7,3.2802772521972656,3.468768119812012,3.468768119812012,22.71869468688965,26.13198471069336,26.17938709259033,26.18487453460693,26.18857765197754,6.0,7.0,8.0,939.0,299.0,37.0,3.5,2.0,1.0,4.5,5.0,7.0,897.0,248.0,46.0,2.0,2.0,2.0,19.14083984375,68.08316579250054,1016.3009902722964,992.0,896.0,448.0,0.114,93,17,66,1016.2,3.0,4.0,5.0,,
2022-10-26 16:31:56,52.394726667,13.039515,37.7,3.1787946224212646,3.3614543676376343,3.3614543676376343,22.01584243774414,25.323534965515137,25.369471549987797,25.374789237976074,25.378376960754395,6.0,7.0,8.0,939.0,299.0,38.0,3.0,2.0,1.0,5.0,5.0,7.0,903.0,252.5,39.0,2.0,2.0,2.0,19.1458203125,68.08060437013881,1016.3083597737607,992.0,960.0,480.0,0.114,93,17,66,1016.2,3.0,4.0,5.0,,
2022-10-26 16:32:00,52.394725,13.03951,37.8,3.1366597414016724,3.316898226737976,3.316898226737976,21.724021911621094,24.987871170043945,25.033198356628414,25.0384464263916,25.0419864654541,6.0,7.0,8.0,963.0,305.0,38.0,3.0,2.0,1.0,5.0,5.0,7.0,909.0,259.5,27.5,2.0,2.0,2.0,19.14103515625,68.11977960041209,1016.3055065152446,1088.0,960.0,384.0,0.11,93,17,66,1016.2,3.0,4.0,5.0,,
2022-10-26 16:32:03,52.394726667,13.039476667,37.7,3.1134825944900517,3.2923891544342037,3.2923891544342037,21.563499450683594,24.803232192993164,24.84822559356689,24.85343360900879,24.856948852539066,6.0,7.0,8.0,973.5,308.5,37.0,3.0,2.0,1.0,4.5,5.0,6.5,880.5,249.0,22.5,2.0,2.0,2.0,19.1325390625,68.10849777209553,1016.312475440626,1024.0,1024.0,416.0,0.11,93,17,66,1016.2,3.0,4.0,5.0,,
2022-10-26 16:32:03,52.394726667,13.039476667,37.7,3.10944664478302,3.288121461868286,3.288121461868286,21.53554916381836,24.77108192443848,24.816015243530273,24.821218490600586,24.824727058410645,6.0,7.0,8.0,984.0,312.0,36.0,3.0,2.0,1.0,4.0,4.5,5.5,876.0,249.0,18.0,2.0,2.0,2.0,19.1212109375,68.11008530563882,1016.3147762343377,1024.0,928.0,416.0,0.11,93,17,66,1016.2,3.0,4.0,5.0,,
2022-10-26 16:32:10,52.394756666999996,13.039323332999999,36.2,3.1600605249404907,3.341643810272217,3.341643810272217,21.88609218597412,25.17429161071777,25.21995735168457,25.22524452209473,25.22881126403809,6.0,7.0,8.0,1089.0,347.0,44.0,3.0,2.0,1.0,4.0,4.5,4.5,921.0,259.0,8.0,0.0,0.0,0.0,19.11037109375,68.07184295189036,1016.3195587664051,1088.0,1056.0,416.0,0.11,93,17,66,1016.2,3.0,4.0,5.0,,
2022-10-26 16:32:14,52.394751667,13.039248333,35.6,3.224920868873596,3.4102309942245483,3.4102309942245483,22.335305213928226,25.69099426269531,25.737597465515137,25.74299240112305,25.74663257598877,6.0,7.5,8.5,1095.0,348.0,48.0,2.5,1.5,0.5,5.0,5.5,5.5,969.0,273.0,13.0,0.0,0.0,0.0,19.10060546875,67.81113521046343,1016.3210782941003,1120.0,1056.0,448.0,0.11,93,17,66,1016.2,3.0,4.0,5.0,,
2022-10-26 16:32:17,52.394743333,13.039223332999999,36.2,3.278621554374695,3.467017412185669,3.467017412185669,22.70722770690918,26.11879539489746,26.16617488861084,26.17166042327881,26.175360679626465,6.0,8.0,9.0,1101.0,349.0,52.0,2.0,1.0,0.0,5.0,5.0,5.0,970.5,271.5,13.0,0.0,0.0,0.0,19.09123046875,67.97249852994686,1016.3182083351984,1024.0,992.0,448.0,0.11,93,17,66,1016.2,3.0,4.0,5.0,,
2022-10-26 16:32:21,52.394729999999996,13.03919,36.0,3.243613719940185,3.42999804019928,3.42999804019928,22.464768409729004,25.83990859985352,25.886781692504886,25.89220905303955,25.89586925506592,6.0,8.0,8.0,1083.0,341.0,52.0,1.0,1.0,0.0,5.0,5.0,5.0,982.5,277.0,13.0,0.0,0.0,0.0,19.066035156250006,67.97196529669337,1016.3152642482603,1120.0,1088.0,416.0,0.11,93,17,66,1016.2,3.0,4.0,5.0,,
2022-10-26 16:32:24,52.394709999999996,13.03914,35.0,3.2181464433670044,3.403067350387573,3.403067350387573,22.288387298583984,25.6370267868042,25.683531761169434,25.688916206359863,25.69254779815674,6.0,8.0,8.0,1060.5,335.5,53.0,1.0,1.0,0.0,5.0,5.5,5.5,988.5,282.5,22.0,0.0,0.0,0.0,19.0380078125,67.96767211138294,1016.3126820701503,1152.0,1088.0,480.0,0.11,93,17,66,1016.2,3.0,4.0,5.0,,
2022-10-26 16:32:24,52.394709999999996,13.03914,35.0,3.249852418899536,3.4365953207015987,3.4365953207015987,22.50797748565674,25.88960933685303,25.936572074890137,25.942009925842285,25.94567680358887,6.0,8.0,8.0,1038.0,330.0,54.0,1.0,1.0,0.0,4.5,5.0,5.0,931.5,267.5,21.0,0.0,0.0,0.0,19.0173046875,68.00106271856406,1016.3045567618893,992.0,960.0,416.0,0.11,93,17,66,1016.2,3.0,4.0,5.0,,
2022-10-26 16:32:31,52.394656667,13.03909,32.0,3.324753165245056,3.5167065858840942,3.5178347826004033,23.0243501663208,26.485255241394047,26.53421497344971,26.53989124298096,26.54366111755371,6.0,7.0,7.0,1032.0,324.0,48.0,0.0,0.0,0.0,3.5,4.5,4.5,856.5,241.5,22.0,0.0,0.0,0.0,19.00744140625,67.94970152692044,1016.3008791197548,1088.0,1024.0,480.0,0.11,93,17,66,1016.2,3.0,4.0,5.0,,
2022-10-26 16:32:35,52.39465,13.039091667000001,32.5,3.3562315702438354,3.551237225532532,3.553914427757263,23.23910427093506,26.73459529876709,26.78526020050049,26.79114818572998,26.794976234436035,6.0,7.5,7.5,1054.5,332.5,50.0,0.0,0.0,0.0,4.0,5.0,6.5,895.5,251.0,26.0,3.0,3.0,0.0,19.00626953125,68.0758383261239,1016.3023022204306,1088.0,992.0,448.0,0.11,93,17,66,1016.2,3.0,4.0,5.0,,
2022-10-26 16:32:38,52.394645000000004,13.039085,32.3,3.350995421409607,3.54723596572876,3.551826477050781,23.198814392089844,26.691118240356445,26.743252754211426,26.7493314743042,26.753177642822266,6.0,8.0,8.0,1077.0,341.0,52.0,0.0,0.0,0.0,4.0,5.0,8.0,885.0,245.0,28.0,5.0,5.0,1.0,19.0065625,68.17898249515343,1016.3036238355991,1120.0,1024.0,416.0,0.11,93,17,66,1016.2,3.0,4.0,5.0,,
2022-10-26 16:32:42,52.394633333,13.039064999999999,32.8,3.32106876373291,3.5165679454803467,3.5223779678344727,22.98898506164551,26.45158863067627,26.50427436828613,26.510427474975586,26.51425838470459,6.0,9.0,9.0,1146.0,364.0,62.0,0.0,0.0,0.0,4.0,4.5,8.0,880.5,237.5,23.0,6.0,6.0,2.0,19.004511718750006,68.29845622071589,1016.3069529155424,1056.0,992.0,448.0,0.11,93,17,66,1016.2,3.0,4.0,5.0,,
2022-10-26 16:32:42,52.394633333,13.039064999999999,32.8,3.3770170211791988,3.5766311883926387,3.583561420440674,23.37411403656006,26.896259307861328,26.95065879821777,26.95702266693115,26.9609317779541,6.5,9.0,9.0,1161.0,369.0,63.0,0.5,0.0,0.0,3.5,4.5,8.5,915.0,251.0,28.0,6.0,6.0,2.0,18.99572265625,68.37034354591583,1016.3125935629737,992.0,896.0,416.0,0.11,93,17,66,1016.2,3.0,4.0,5.0,,
2022-10-26 16:32:48,52.39462,13.039023333,32.8,3.387213349342346,3.587865471839905,3.5953586101531982,23.44354724884033,26.976969718933105,27.03197002410889,27.03840732574463,27.042336463928226,7.0,9.0,9.0,1176.0,374.0,64.0,1.0,0.0,0.0,4.0,4.5,8.0,904.5,252.0,30.5,6.0,6.0,2.0,18.9876171875,68.449020864378,1016.3076192220587,1056.0,928.0,480.0,0.11,93,17,66,1016.2,3.0,4.0,5.0,,
2022-10-26 16:32:52,52.394605,13.038981667,29.5,3.2717481851577763,3.4658704996109013,3.473493814468384,22.64357852935791,26.05700874328613,26.11044502258301,26.116703033447266,26.12050437927246,7.0,9.0,9.0,1122.0,358.0,60.0,1.0,0.0,0.0,5.0,5.5,7.5,927.0,263.5,32.0,3.0,3.0,2.0,18.97423828125,68.43031063317841,1016.3048542900038,1088.0,1024.0,416.0,0.11,93,17,66,1016.2,3.0,4.0,5.0,,
2022-10-26 16:32:56,52.394588333,13.038945,29.8,3.2010449171066284,3.3912969827651978,3.3991599082946777,22.153392791748047,25.493536949157715,25.54614543914795,25.5523099899292,25.55603408813477,7.0,9.0,9.0,1140.0,365.0,62.0,1.0,0.0,0.0,5.0,5.0,6.0,873.0,251.0,28.0,1.0,1.0,1.0,18.96271484375,68.50181952044635,1016.3009542469023,1056.0,1088.0,448.0,0.11,93,17,66,1016.2,3.0,4.0,5.0,,
2022-10-26 16:32:59,52.394575,13.038921667,29.7,3.2559518814086914,3.449918270111084,3.4584778547286987,22.53220558166504,25.930304527282715,25.984270095825195,25.99059867858887,25.99439239501953,7.0,9.0,9.0,1158.0,372.0,64.0,1.0,0.0,0.0,5.0,5.0,6.0,843.0,244.5,28.0,2.0,0.0,0.0,18.9598828125,68.54802902816046,1016.304672134724,928.0,992.0,448.0,0.11,93,17,66,1016.2,3.0,4.0,5.0,,
2022-10-26 16:33:03,52.394561667,13.038893332999999,30.0,3.3960081338882446,3.598968863487244,3.608707427978516,23.49973106384277,27.04496192932129,27.10190200805664,27.108585357666016,27.11255550384521,6.0,9.0,9.0,1107.0,351.0,62.0,2.0,0.0,0.0,5.0,5.0,5.5,838.5,236.0,28.5,2.0,0.0,0.0,18.95353515625,68.48375191342359,1016.3109807748448,992.0,832.0,480.0,0.11,93,17,66,1016.2,2.0,4.0,5.0,,
2022-10-26 16:33:03,52.394561667,13.038893332999999,30.0,3.64677369594574,3.8655817508697514,3.877111792564392,25.232725143432614,29.04100608825684,29.10301780700684,29.11030578613281,29.11458301544189,6.0,9.5,9.5,1113.0,353.0,63.0,2.5,0.0,0.0,5.0,5.0,6.0,879.0,253.5,23.5,2.0,0.0,0.0,18.9378125,68.36810908815579,1016.3085432470787,1056.0,928.0,384.0,0.11,93,17,66,1016.2,2.0,4.0,5.0,,
2022-10-26 16:33:10,52.394545,13.038839999999999,29.9,3.7939099073410034,4.0224337577819815,4.035532236099243,26.248464584350586,30.21170234680176,30.27710819244385,30.28480434417725,30.28927135467529,6.0,10.0,10.0,1119.0,355.0,64.0,3.0,0.0,0.0,4.5,5.0,5.0,831.0,235.0,23.0,2.0,0.0,0.0,18.91525390625,68.22819035401875,1016.3124455881824,960.0,992.0,384.0,0.11,93,17,66,1016.2,2.0,4.0,5.0,,
2022-10-26 16:33:13,52.394533333000005,13.038816667,31.2,3.757970213890076,3.9851735830307007,3.999200224876404,25.997600555419922,29.924538612365726,29.990172386169434,29.997904777526852,30.00234317779541,7.0,11.0,11.0,1161.0,371.0,74.0,6.0,0.0,0.0,5.0,5.0,6.0,928.5,256.0,35.5,2.0,0.0,0.0,18.89318359375,68.04190360658944,1016.3062492874823,1056.0,960.0,448.0,0.11,93,17,66,1016.2,2.0,4.0,5.0,,
2022-10-26 16:33:17,52.394523333,13.038786667,31.1,3.5917919874191284,3.8096225261688232,3.823868751525879,24.84621334075928,28.60049533843994,28.66390419006348,28.671381950378414,28.675636291503906,7.0,11.0,11.5,1176.0,373.0,75.0,7.5,0.0,0.0,4.5,5.0,5.0,915.0,247.0,37.0,0.0,0.0,0.0,18.8675,68.00473469266507,1016.3033178931391,1024.0,960.0,416.0,0.11,93,17,66,1016.2,2.0,4.0,5.0,,
2022-10-26 16:33:21,52.394516667,13.038781667,33.9,3.3554630279541016,3.5595806837081914,3.5736616849899288,23.20978355407715,26.717957496643066,26.77781772613525,26.78488254547119,26.788866996765137,7.0,11.0,12.0,1191.0,375.0,76.0,9.0,0.0,0.0,4.5,5.0,5.0,852.0,235.0,31.5,0.0,0.0,0.0,18.837031250000006,68.03995920067045,1016.3017179532562,992.0,864.0,384.0,0.11,93,17,66,1016.2,2.0,4.0,5.0,,
2022-10-26 16:33:24,52.394505,13.038763333,34.2,3.1014777421951294,3.2906690835952763,3.304336428642273,21.45159244537353,24.69499206542969,24.75084972381592,24.7574462890625,24.76113796234131,7.0,11.0,12.0,1200.0,382.0,78.0,9.0,0.0,0.0,4.0,4.0,4.0,814.5,214.0,26.0,0.0,0.0,0.0,18.803046875,68.01814614132769,1016.3068940120552,960.0,992.0,448.0,0.11,93,17,66,1016.2,2.0,4.0,5.0,,
2022-10-26 16:33:24,52.394505,13.038763333,34.2,2.9758493900299072,3.15797758102417,3.1718393564224243,20.58109951019287,23.69400787353516,23.74820613861084,23.754612922668453,23.75816631317139,7.0,11.0,11.5,1194.0,380.0,75.0,9.0,0.0,0.0,4.0,5.0,5.0,847.5,227.5,27.0,0.0,0.0,0.0,18.77775390625,68.10403391420114,1016.2970513808285,992.0,928.0,480.0,0.11,93,17,66,1016.2,2.0,4.0,5.0,,
2022-10-26 16:33:31,52.394484999999996,13.038728333,34.2,2.9184484481811523,3.0979723930358887,3.1126986742019653,20.18173313140869,23.23593139648437,23.28999900817871,23.29640007019043,23.299899101257324,7.0,11.0,11.0,1188.0,378.0,72.0,9.0,0.0,0.0,4.0,5.0,5.0,852.0,229.0,23.0,0.0,0.0,0.0,18.76515625,68.18191207845251,1016.2989167622436,992.0,1088.0,480.0,0.11,93,17,66,1016.2,2.0,4.0,5.0,,
2022-10-26 16:33:35,52.394476667,13.038698333,35.3,2.9272843599319462,3.1080178022384644,3.123618245124817,20.241089820861816,23.30551624298096,23.36041736602783,23.366921424865726,23.37044334411621,7.0,11.0,11.0,1176.0,374.0,66.0,10.0,0.0,0.0,4.5,5.0,5.0,856.5,235.5,26.0,0.0,0.0,0.0,18.75783203125,68.23401327737307,1016.2985776807924,1024.0,1088.0,416.0,0.11,93,17,66,1016.2,2.0,4.0,5.0,,
2022-10-26 16:33:38,52.394475,13.038696667,35.1,3.0173174142837524,3.2044053077697754,3.2214754819869995,20.86154842376709,24.02139949798584,24.078787803649906,24.08559417724609,24.08923816680908,6.5,10.5,11.0,1155.0,367.0,64.0,9.5,0.0,0.0,4.0,5.0,5.0,886.5,238.5,28.0,0.0,0.0,0.0,18.758417968750006,68.25739036681328,1016.2928368306599,992.0,992.0,448.0,0.11,93,17,66,1016.2,2.0,4.0,5.0,,
2022-10-26 16:33:42,52.394475,13.038693333,36.1,3.0687236785888667,3.2591953277587886,3.2768018245697017,21.21645164489746,24.43042755126953,24.48899269104004,24.49594020843506,24.49965000152588,6.0,10.0,11.0,1134.0,360.0,62.0,9.0,0.0,0.0,4.0,5.0,5.0,852.0,236.5,28.0,0.0,0.0,0.0,18.757929687500006,68.30057569722388,1016.290355010724,1120.0,1088.0,416.0,0.11,93,17,66,1016.2,2.0,4.0,5.0,,
2022-10-26 16:33:45,52.394475,13.038691667,35.6,3.0714999437332158,3.2619298696517944,3.279284834861756,21.23620891571045,24.452775955200195,24.5111780166626,24.518104553222656,24.52181434631348,6.0,11.0,11.0,1170.0,374.0,68.0,9.0,0.0,0.0,4.0,5.0,5.0,822.0,218.5,24.0,0.0,0.0,0.0,18.75197265625,68.48942238996628,1016.2905932880144,1056.0,1056.0,448.0,0.11,93,17,66,1016.2,2.0,4.0,5.0,,
2022-10-26 16:33:45,52.394475,13.038691667,35.6,3.0287407636642456,3.2163585424423218,3.2332725524902344,20.940996170043945,24.11254692077637,24.16997337341309,24.176783561706547,24.18043804168701,6.0,10.5,11.0,1155.0,368.0,63.5,9.0,0.0,0.0,3.0,4.0,4.0,721.5,193.5,18.5,0.0,0.0,0.0,18.748652343750006,68.49224323252929,1016.2960173107643,992.0,960.0,416.0,0.11,93,17,66,1016.2,2.0,4.0,5.0,,
2022-10-26 16:33:52,52.39447,13.038681667,36.5,2.993760347366333,3.179133176803589,3.1957544088363647,20.6993408203125,23.834148406982425,23.89083385467529,23.89755439758301,23.90116596221924,6.0,10.0,11.0,1140.0,362.0,59.0,9.0,0.0,0.0,3.0,4.0,4.0,735.0,195.5,14.0,0.0,0.0,0.0,18.7380078125,68.58388903973642,1016.2952330163803,992.0,928.0,416.0,0.11,93,17,66,1016.2,2.0,4.0,5.0,,
2022-10-26 16:33:56,52.39447,13.038680000000001,35.6,3.02388334274292,3.211204290390014,3.2280962467193604,20.90739727020264,24.073869705200195,24.131208419799805,24.13800811767578,24.14165782928467,6.0,11.0,11.0,1173.0,375.0,63.0,9.0,0.0,0.0,2.5,3.0,3.0,750.0,200.0,13.0,0.0,0.0,0.0,18.7309765625,68.72280223639908,1016.3062744959918,1088.0,1024.0,480.0,0.11,93,17,66,1016.2,2.0,4.0,5.0,,
2022-10-26 16:33:59,52.39447,13.038676667,35.9,3.0446521043777466,3.233412384986877,3.2506086826324463,21.05059814453125,24.239041328430176,24.2969274520874,24.30379390716553,24.307470321655273,6.5,11.5,11.5,1221.0,390.5,62.0,10.0,0.0,0.0,3.0,4.0,4.0,739.5,187.5,14.0,0.0,0.0,0.0,18.7219921875,68.81479255989782,1016.3057117378149,1024.0,928.0,384.0,0.11,93,17,66,1016.2,2.0,4.0,5.0,,
2022-10-26 16:34:03,52.394459999999995,13.03866,37.7,3.0737067461013794,3.2643549442291264,3.2818249464035034,21.251251220703125,24.47025012969971,24.52877616882324,24.53571891784668,24.53943347930908,7.0,12.0,12.0,1269.0,406.0,61.0,11.0,0.0,0.0,3.0,4.0,4.0,729.0,192.5,13.0,0.0,0.0,0.0,18.71896484375,68.96114244871802,1016.3040732008496,1088.0,1056.0,416.0,0.11800000000000001,92,17,65,1016.3,3.0,4.0,5.0,,
2022-10-26 16:34:03,52.394459999999995,13.03866,37.7,3.093408226966858,3.285700917243957,3.303807258605957,21.386359214782715,24.62661361694336,24.68593788146973,24.692978858947754,24.6967248916626,7.0,11.0,12.0,1290.0,409.0,61.0,9.0,1.0,0.0,4.0,4.5,4.5,819.0,226.0,17.5,0.0,0.0,0.0,18.72150390625,68.95819686436315,1016.309936536288,1088.0,1024.0,384.0,0.11800000000000001,92,17,65,1016.3,3.0,4.0,5.0,,
2022-10-26 16:34:09,52.394428333,13.03865,33.1,3.0573601722717285,3.2475916147232056,3.2657124996185303,21.136667251586914,24.33942604064941,24.39824104309082,24.405224800109863,24.40892696380615,7.0,11.0,11.5,1275.0,406.0,61.0,7.5,1.0,0.0,5.0,6.0,6.0,907.5,262.5,26.0,0.0,0.0,0.0,18.728046875,68.97589487357645,1016.3098270311984,928.0,992.0,448.0,0.11800000000000001,92,17,65,1016.3,3.0,4.0,5.0,,
2022-10-26 16:34:13,52.394408333,13.03863,33.3,3.0334076881408687,3.2223314046859737,3.2405368089675903,20.970598220825195,24.14853572845459,24.20707130432129,24.21402263641357,24.217700958251953,7.0,11.0,11.0,1260.0,403.0,61.0,6.0,1.0,0.0,5.5,6.0,6.0,924.0,273.5,28.0,0.0,0.0,0.0,18.74025390625,68.96108760826861,1016.2955831227472,992.0,1024.0,480.0,0.11800000000000001,92,17,65,1016.3,3.0,4.0,5.0,,
2022-10-26 16:34:17,52.394391667,13.038611667,32.3,3.0625250339508057,3.2536540031433105,3.2725226879119877,21.17086601257324,24.3798828125,24.43937683105469,24.44644546508789,24.45016670227051,7.0,11.0,12.0,1278.0,405.0,69.0,9.0,1.0,0.0,6.0,6.0,6.0,969.0,286.5,32.0,0.0,0.0,0.0,18.7489453125,68.99247198984321,1016.2931469231869,992.0,1056.0,448.0,0.11800000000000001,92,17,65,1016.3,3.0,4.0,5.0,,
2022-10-26 16:34:20,52.394373333000004,13.03859,31.7,3.1161290407180786,3.3107247352600098,3.330075144767761,21.54110336303711,24.80646896362305,24.867125511169434,24.87433433532715,24.8781213760376,6.0,10.5,11.5,1252.5,396.5,72.0,9.0,1.0,0.0,6.0,6.0,6.5,984.0,290.0,34.0,1.0,0.0,0.0,18.756953125000006,69.0204171052789,1016.289583187012,960.0,992.0,448.0,0.11800000000000001,92,17,65,1016.3,3.0,4.0,5.0,,
2022-10-26 16:34:24,52.394351666999995,13.03857,34.3,3.411074161529541,3.6241240501403813,3.6453487873077393,23.579901695251465,27.15438842773437,27.22082233428955,27.22871685028076,27.23286437988281,5.0,10.0,11.0,1227.0,388.0,75.0,9.0,1.0,0.0,5.5,5.5,6.5,972.0,285.0,32.5,2.0,0.0,0.0,18.76408203125,68.98479244782868,1016.282893177446,928.0,864.0,448.0,0.11800000000000001,92,17,65,1016.3,3.0,4.0,5.0,,
2022-10-26 16:34:24,52.394351666999995,13.03857,34.3,3.619783282279968,3.846066832542419,3.868837833404541,25.022136688232425,28.81562328338623,28.88632106781006,28.894723892211914,28.899127960205078,6.5,10.5,11.5,1221.0,386.0,71.0,8.0,1.0,0.0,4.5,5.0,5.0,901.5,252.5,23.0,2.0,0.0,0.0,18.77267578125,68.95941339649714,1016.2811331684957,960.0,1024.0,512.0,0.11800000000000001,92,17,65,1016.3,3.0,4.0,5.0,,
2022-10-26 16:34:31,52.394326667,13.038503333,32.0,3.689796686172485,3.92071545124054,3.944247722625733,25.50543689727783,29.37267589569092,29.44500160217285,29.45359992980957,29.45809364318848,7.0,11.0,12.0,1218.0,385.0,70.5,8.0,1.0,0.0,5.0,5.0,6.0,946.5,257.0,23.5,2.0,0.0,0.0,18.77892578125,68.94035264621853,1016.2838924529428,960.0,864.0,416.0,0.11800000000000001,92,17,65,1016.3,3.0,4.0,5.0,,
2022-10-26 16:34:34,52.394313333,13.038483333,28.7,3.760316610336304,3.9961283206939697,4.0207083225250235,25.991640090942386,29.933497428894047,30.007689476013184,30.01651287078857,30.02110195159912,7.0,11.0,12.0,1215.0,384.0,70.0,8.0,1.0,0.0,4.0,4.0,5.0,987.0,267.0,23.0,2.0,0.0,0.0,18.78,68.84374358022953,1016.283148397181,928.0,928.0,448.0,0.11800000000000001,92,17,65,1016.3,3.0,4.0,5.0,,
2022-10-26 16:34:38,52.3943,13.03844,28.4,3.609825253486633,3.8363927602767935,3.860228180885315,24.950926780700684,28.73531150817871,28.80672550201416,28.81522274017334,28.81963157653809,6.0,10.0,12.0,1167.0,367.0,70.0,9.0,2.0,1.0,5.0,5.0,5.5,970.5,257.0,26.0,1.0,0.0,0.0,18.77765625,68.71997797462461,1016.2817992944,992.0,928.0,352.0,0.11800000000000001,92,17,65,1016.3,3.0,4.0,5.0,,
2022-10-26 16:34:42,52.394284999999996,13.038413333,28.7,3.4508550167083736,3.6674861907958975,3.6903250217437744,23.852025032043453,27.46981239318848,27.538122177124023,27.546250343322754,27.550464630126953,6.5,10.5,12.5,1198.5,378.5,74.5,9.0,2.0,1.0,4.0,5.0,5.0,900.0,231.5,26.0,0.0,0.0,0.0,18.779609375,68.65693786647807,1016.2850195368795,928.0,928.0,416.0,0.11800000000000001,92,17,65,1016.3,3.0,4.0,5.0,,
2022-10-26 16:34:45,52.39427,13.03839,27.2,3.223945021629333,3.426467537879944,3.447973728179932,22.28328418731689,25.663384437561035,25.727341651916504,25.73495101928711,25.7388916015625,7.0,11.0,13.0,1230.0,390.0,79.0,9.0,2.0,1.0,4.0,5.0,5.0,862.5,224.0,21.0,0.0,0.0,0.0,18.78146484375,68.51060872465689,1016.2855635771233,1152.0,1024.0,448.0,0.11800000000000001,92,17,65,1016.3,3.0,4.0,5.0,,
2022-10-26 16:34:45,52.39427,13.03839,27.2,2.972991466522217,3.159581065177917,3.1792036294937134,20.549181938171387,23.66592788696289,23.72473621368408,23.73173236846924,23.73536205291748,7.0,10.0,12.0,1191.0,379.0,69.0,8.0,2.0,1.0,4.0,4.0,4.0,846.0,213.5,22.0,0.0,0.0,0.0,18.774140625,68.38959670509928,1016.2785180224927,1024.0,1120.0,448.0,0.11800000000000001,92,17,65,1016.3,3.0,4.0,5.0,,
2022-10-26 16:34:52,52.394223333,13.038348333,30.0,2.7219157218933105,2.8927924633026123,2.9108132123947144,18.81364154815674,21.667236328125,21.72112464904785,21.727534294128414,21.73085880279541,6.5,9.5,11.5,1140.0,363.5,69.0,8.0,2.5,1.0,4.0,4.0,4.0,841.5,217.0,25.0,0.0,0.0,0.0,18.7684765625,68.33214047205857,1016.2691793214867,1056.0,960.0,448.0,0.11800000000000001,92,17,65,1016.3,3.0,4.0,5.0,,
2022-10-26 16:34:55,52.394205,13.038323333,31.1,2.6411174535751343,2.806863307952881,2.824277639389038,18.255322456359863,21.02412509918213,21.076354026794434,21.082568168640137,21.085792541503906,6.0,9.0,11.0,1089.0,348.0,69.0,8.0,3.0,1.0,4.0,4.5,4.5,825.0,219.5,22.5,0.0,0.0,0.0,18.76486328125,68.30163494062256,1016.2699289034571,1056.0,1088.0,448.0,0.11800000000000001,92,17,65,1016.3,3.0,4.0,5.0,,
2022-10-26 16:34:59,52.394186667,13.038306667,31.9,2.7324072122573853,2.9037349224090576,2.9215669631958012,18.886699676513672,21.75098991394043,21.80487537384033,21.8112850189209,21.81461811065674,6.0,8.0,10.0,1002.0,323.0,57.0,7.0,2.0,1.0,5.0,5.0,5.5,886.5,236.5,29.0,2.0,0.0,0.0,18.76203125,68.27125212800476,1016.273643270404,928.0,992.0,512.0,0.11800000000000001,92,17,65,1016.3,3.0,4.0,5.0,,
2022-10-26 16:35:03,52.394176666999996,13.038295,31.5,2.8519319295883183,3.030779361724853,3.049422860145569,19.71280288696289,22.70242214202881,22.75869083404541,22.76538372039795,22.76886463165283,6.0,8.0,10.0,976.5,314.5,56.0,7.0,2.0,1.0,4.0,4.5,5.0,840.0,218.0,29.0,2.0,0.0,0.0,18.7594921875,68.23427996893366,1016.2870626859536,992.0,960.0,512.0,0.12300000000000001,92,17,65,1016.3,2.0,4.0,5.0,,
2022-10-26 16:35:06,52.39416,13.038278333,31.7,2.8243716955184937,3.00202751159668,3.0211600065231323,19.52089786529541,22.4824161529541,22.53868103027344,22.54537773132324,22.5488338470459,6.0,8.0,10.0,951.0,306.0,55.0,7.0,2.0,1.0,4.0,4.0,5.0,729.0,199.5,25.5,2.0,0.0,0.0,18.75548828125,68.2902181823186,1016.2838144838246,1056.0,992.0,480.0,0.12300000000000001,92,17,65,1016.3,2.0,4.0,5.0,,
2022-10-26 16:35:06,52.39416,13.038278333,31.7,2.720667004585266,2.8922170400619507,2.9111661911010738,18.803041458129886,21.656434059143066,21.711052894592285,21.71755599975586,21.72089195251465,6.0,7.0,8.0,906.0,291.0,45.0,4.0,2.0,1.0,3.5,4.0,4.5,733.5,196.0,18.0,2.0,0.0,0.0,18.754609375,68.30672041802946,1016.2806886076615,1024.0,928.0,384.0,0.12300000000000001,92,17,65,1016.3,2.0,4.0,5.0,,
2022-10-26 16:35:13,52.394138333,13.038251667,31.8,2.629910707473755,2.796203374862671,2.81510066986084,18.17458724975586,20.93347930908203,20.986743927001953,20.993091583251953,20.99632453918457,6.0,7.0,8.5,900.0,290.0,42.0,4.5,2.0,1.0,4.0,4.0,4.5,772.5,205.5,16.5,2.0,0.0,0.0,18.7551953125,68.19369498988817,1016.2724326967527,1088.0,1024.0,480.0,0.12300000000000001,92,17,65,1016.3,2.0,4.0,5.0,,
2022-10-26 16:35:17,52.394123333,13.038251667,32.4,2.5961291790008545,2.7607667446136475,2.780019879341125,17.939870834350586,20.664034843444824,20.7170991897583,20.723426818847656,20.726625442504886,6.0,7.0,9.0,894.0,289.0,39.0,5.0,2.0,1.0,3.0,3.0,3.0,723.0,193.0,5.0,0.0,0.0,0.0,18.75529296875,68.17375154418173,1016.2625333401147,1024.0,1088.0,480.0,0.12300000000000001,92,17,65,1016.3,2.0,4.0,5.0,,
2022-10-26 16:35:20,52.394111667,13.03825,33.8,2.5086498260498047,2.6683982610702515,2.6878225803375244,17.33364200592041,19.966981887817386,20.0189208984375,20.02511978149414,20.02822208404541,6.0,7.0,9.0,900.0,293.0,41.0,5.0,2.0,1.0,4.0,4.0,4.0,765.0,211.0,11.0,0.0,0.0,0.0,18.75294921875,68.1833706268637,1016.2678909884636,1120.0,1088.0,512.0,0.12300000000000001,92,17,65,1016.3,2.0,4.0,5.0,,
2022-10-26 16:35:24,52.394093333,13.038251667,35.7,2.4755690097808842,2.6336123943328857,2.6532797813415527,17.10401439666748,19.703222274780273,19.754878997802734,19.76104736328125,19.76411724090576,6.0,7.5,9.0,933.0,304.0,43.5,5.0,2.0,1.0,4.0,4.5,4.5,840.0,228.0,18.0,0.0,0.0,0.0,18.745625,68.25210482342402,1016.2675518374956,1088.0,1120.0,416.0,0.12300000000000001,92,17,65,1016.3,2.0,4.0,5.0,,
2022-10-26 16:35:24,52.394093333,13.038251667,35.7,2.518786907196045,2.6797783374786377,2.7000248432159424,17.40212059020996,20.046979904174805,20.099727630615234,20.106030464172363,20.109155654907227,6.0,8.0,9.0,966.0,315.0,46.0,5.0,2.0,1.0,4.5,4.5,4.5,834.0,236.5,20.0,0.0,0.0,0.0,18.73927734375,68.36427939557493,1016.2679842822006,1056.0,1056.0,416.0,0.12300000000000001,92,17,65,1016.3,2.0,4.0,5.0,,
2022-10-26 16:35:24,52.394093333,13.038251667,35.7,2.5828094482421875,2.7478843927383423,2.768634557723999,17.84446907043457,20.556544303894047,20.61062526702881,20.617085456848145,20.620290756225586,6.0,8.0,9.0,1002.0,328.0,46.0,4.0,1.0,0.0,5.0,5.0,5.0,900.0,253.0,20.0,0.0,0.0,0.0,18.73615234375,68.42039339440315,1016.2762451830326,1056.0,992.0,384.0,0.12300000000000001,92,17,65,1016.3,2.0,4.0,5.0,,
2022-10-26 16:35:34,52.39407,13.038236667,35.1,2.6581028699874882,2.826240539550781,2.8454176187515263,18.369248390197754,21.15781021118164,21.211709022521973,21.218132972717285,21.221400260925293,5.5,7.5,8.5,967.5,313.5,43.0,4.0,1.0,0.0,5.0,6.0,7.5,924.0,260.0,28.0,3.0,3.0,0.0,18.73693359375,68.41718536080333,1016.2632815476418,1088.0,1056.0,448.0,0.12300000000000001,92,17,65,1016.3,2.0,4.0,5.0,,
2022-10-26 16:35:38,52.394066667,13.03823,35.1,2.733734488487244,2.9000260829925537,2.9114913940429688,18.909292221069336,21.767433166503906,21.81619930267334,21.82195281982422,21.82519817352295,5.0,7.0,8.0,933.0,299.0,40.0,4.0,1.0,0.0,5.0,6.0,8.0,927.0,264.0,32.0,4.0,4.0,0.0,18.7372265625,68.37062070898662,1016.2595728974027,1024.0,960.0,480.0,0.12300000000000001,92,17,65,1016.3,2.0,4.0,5.0,,
2022-10-26 16:35:41,52.394065000000005,13.038221667,35.5,2.8627469539642334,3.031824350357056,3.0375257730484013,19.81494235992432,22.800515174865726,22.846489906311035,22.851865768432614,22.855177879333496,5.0,7.0,8.0,927.0,297.0,42.0,5.0,2.0,0.0,4.5,5.5,7.5,919.5,261.0,29.0,4.0,4.0,0.0,18.735859375,68.32381658886797,1016.2631870381751,1088.0,1088.0,480.0,0.12300000000000001,92,17,65,1016.3,2.0,4.0,5.0,,
2022-10-26 16:35:45,52.394055,13.038205,35.6,2.9535434246063232,3.1286219358444214,3.135301113128662,20.441730499267575,23.522933959960934,23.57101058959961,23.576638221740726,23.58006572723389,5.0,7.0,7.5,927.0,296.0,39.0,3.5,1.5,0.0,4.0,5.5,8.0,952.5,262.0,36.0,4.0,4.0,0.0,18.7315625,68.30318825776666,1016.2602939680162,1024.0,1024.0,480.0,0.12300000000000001,92,17,65,1016.3,2.0,4.0,5.0,,
2022-10-26 16:35:45,52.394055,13.038205,35.6,3.0276955366134644,3.208745837211609,3.2175543308258057,20.950812339782715,24.111695289611816,24.16256237030029,24.16853427886963,24.17207431793213,5.0,7.0,7.0,927.0,295.0,36.0,2.0,1.0,0.0,4.0,6.0,8.0,882.0,242.5,40.0,4.0,4.0,0.0,18.7274609375,68.18945003918131,1016.2577228886577,1024.0,832.0,416.0,0.12300000000000001,92,17,65,1016.3,2.0,4.0,5.0,,
2022-10-26 16:35:51,52.394025,13.038135,36.3,3.0360140800476074,3.21854019165039,3.228592157363892,21.00580883026123,24.176816940307614,24.228808403015137,24.2349214553833,24.23849105834961,6.0,7.0,8.0,993.0,317.0,40.0,2.0,1.0,0.0,4.0,5.0,5.5,810.0,227.5,33.0,1.0,1.0,0.0,18.72443359375,68.18898696794079,1016.2510546944203,1024.0,1024.0,384.0,0.12300000000000001,92,17,65,1016.3,2.0,4.0,5.0,,
2022-10-26 16:35:55,52.394013333000004,13.038108333,35.5,3.012730598449707,3.194743752479553,3.2058229446411133,20.842390060424805,23.99038410186768,24.04286766052246,24.049050331115726,24.052605628967285,6.0,7.5,8.5,1027.5,328.5,41.0,2.0,1.0,0.0,4.0,5.0,5.0,817.5,226.0,27.0,0.0,0.0,0.0,18.7180859375,68.12150773508391,1016.2607081566854,960.0,960.0,384.0,0.12300000000000001,92,17,65,1016.3,2.0,4.0,5.0,,
2022-10-26 16:35:59,52.39399,13.038085,35.2,3.011440634727478,3.1937248706817627,3.20523464679718,20.83255100250244,23.97971248626709,24.03252601623535,24.038748741149906,24.04230880737305,5.5,7.5,8.5,1062.0,340.0,42.0,2.0,1.0,0.0,4.5,5.0,5.0,892.5,235.0,22.0,0.0,0.0,0.0,18.710859375,68.12040326062822,1016.2513076306101,1056.0,1056.0,480.0,0.12300000000000001,92,17,65,1016.3,2.0,4.0,5.0,,
2022-10-26 16:36:03,52.393978333,13.038041667,32.0,2.936439037322998,3.1142170429229736,3.125481963157654,20.313617706298828,23.382445335388184,23.43397617340088,23.44005012512207,23.44352149963379,5.0,7.0,8.0,1062.0,342.0,42.0,2.0,1.0,0.0,4.0,4.0,4.0,840.0,217.0,16.0,0.0,0.0,0.0,18.70490234375,68.14609282806404,1016.2649577800639,928.0,928.0,384.0,0.129,92,17,66,1016.2,3.0,4.0,5.0,,
2022-10-26 16:36:06,52.393963333,13.038011667000001,37.5,2.8718446493148804,3.045730948448181,3.056771993637085,19.86671543121338,22.86806583404541,22.91848182678223,22.924424171447754,22.92782020568848,6.0,8.0,9.0,1090.5,350.0,43.0,1.5,1.0,0.0,4.0,4.0,4.0,819.0,215.5,13.0,0.0,0.0,0.0,18.7020703125,68.23545884529035,1016.2586115414612,1056.0,992.0,416.0,0.129,92,17,66,1016.2,3.0,4.0,5.0,,
2022-10-26 16:36:06,52.393963333,13.038011667000001,37.5,2.83457088470459,3.0059326887130737,3.0164958238601685,19.60956859588623,22.571569442749023,22.62106227874756,22.62689208984375,22.63024044036865,6.0,8.0,9.0,1119.0,358.0,44.0,1.0,1.0,0.0,5.0,5.0,5.0,900.0,234.5,13.0,0.0,0.0,0.0,18.70197265625,68.33859174494147,1016.2735398222394,960.0,832.0,384.0,0.129,92,17,66,1016.2,3.0,4.0,5.0,,
2022-10-26 16:36:13,52.393941667,13.037943333,47.2,2.8185328245162964,2.988641262054444,2.998791098594665,19.49936008453369,22.44418430328369,22.4931116104126,22.498873710632324,22.502197265625,6.0,8.0,9.0,1095.0,350.0,42.0,1.0,1.0,0.0,5.0,5.0,5.5,937.5,246.0,18.0,1.0,1.0,0.0,18.701289062500006,68.38841492610459,1016.2749275309137,1024.0,1056.0,448.0,0.129,92,17,66,1016.2,3.0,4.0,5.0,,
2022-10-26 16:36:16,52.393936667,13.037925,44.7,2.7178667783737183,2.8796782493591313,2.8866993188858032,18.80874729156494,21.64512348175049,21.6900691986084,21.695340156555176,21.698506355285645,5.5,7.5,8.5,1077.0,344.0,43.0,1.5,1.0,0.0,5.0,5.0,6.0,925.5,256.5,22.0,2.0,2.0,0.0,18.70353515625,68.44869066095615,1016.2593502877452,992.0,1024.0,512.0,0.129,92,17,66,1016.2,3.0,4.0,5.0,,
2022-10-26 16:36:20,52.393906666999996,13.037891667,38.9,2.5951322317123413,2.7482236623764043,2.753167986869812,17.963078498840332,20.669288635253906,20.710783004760746,20.715633392333984,20.71863269805908,5.0,7.0,8.0,1059.0,338.0,44.0,2.0,1.0,0.0,4.5,4.5,5.5,892.5,259.0,24.0,2.0,2.0,0.0,18.70255859375,68.57511413834925,1016.2619315265947,1056.0,1088.0,480.0,0.129,92,17,66,1016.2,3.0,4.0,5.0,,
2022-10-26 16:36:24,52.393888333,13.037843333,44.2,2.691452383995056,2.850528359413147,2.8560328483581543,18.62899875640869,21.436097145080566,21.47943592071533,21.484505653381348,21.487621307373047,5.0,7.0,8.0,1047.0,332.0,42.0,2.0,1.0,0.0,4.5,5.0,6.0,889.5,254.5,26.5,2.0,2.0,0.0,18.693671875,68.71372650612896,1016.2606910122544,1088.0,1088.0,416.0,0.129,92,17,66,1016.2,3.0,4.0,5.0,,
2022-10-26 16:36:27,52.393879999999996,13.037816667000001,43.4,2.8707613945007324,3.0406028032302856,3.0466830730438232,19.869653701782227,22.864012718200684,22.91040897369385,22.91583728790283,22.91916275024414,5.0,7.0,8.0,1050.0,336.0,45.0,2.0,1.0,0.0,5.0,5.5,7.0,961.5,258.5,33.0,2.0,2.0,0.0,18.687421875,68.77278592042387,1016.2663127083287,1088.0,1184.0,384.0,0.129,92,17,66,1016.2,3.0,4.0,5.0,,
2022-10-26 16:36:27,52.393879999999996,13.037816667000001,43.4,3.053415894508362,3.233275771141052,3.2387617826461788,21.13594341278076,24.319658279418945,24.36821365356445,24.373887062072754,24.377410888671875,6.0,8.0,9.0,1053.0,340.0,48.0,2.0,1.0,0.0,4.0,5.5,7.0,928.5,245.5,34.0,2.0,2.0,0.0,18.68615234375,68.83262450709542,1016.2642193746747,1088.0,1088.0,448.0,0.129,92,17,66,1016.2,3.0,4.0,5.0,,
2022-10-26 16:36:34,52.393855,13.037748333,43.1,3.1599528789520264,3.3466354608535767,3.352994561195373,21.87196350097656,25.167569160461426,25.21836853027344,25.22430896759033,25.227965354919434,6.0,8.0,8.0,1059.0,340.0,52.0,1.0,0.0,0.0,4.0,5.0,6.5,907.5,243.5,36.0,2.0,2.0,0.0,18.69669921875,68.79422204279588,1016.2598147368,960.0,992.0,416.0,0.129,92,17,66,1016.2,3.0,4.0,5.0,,
2022-10-26 16:36:38,52.393834999999996,13.037713333,36.4,3.239424467086792,3.4291093349456787,3.433521151542664,22.426471710205078,25.80246639251709,25.85284328460693,25.858716011047363,25.86243438720703,6.0,8.0,8.0,1074.0,344.0,52.0,1.0,0.0,0.0,5.0,6.0,7.0,1062.0,269.0,43.5,2.0,2.0,0.0,18.71671875,68.79063429090436,1016.250070656378,992.0,992.0,448.0,0.129,92,17,66,1016.2,3.0,4.0,5.0,,
2022-10-26 16:36:41,52.393825,13.037693333,37.5,3.228376269340515,3.4153325557708736,3.4171360731124882,22.35543918609619,25.71685791015625,25.764967918396,25.77055263519287,25.774224281311035,5.5,7.5,7.5,1089.0,348.0,52.0,1.0,0.0,0.0,5.0,7.0,8.0,1129.5,293.5,45.5,2.0,2.0,0.0,18.73078125,68.82948916538197,1016.2481075188533,992.0,992.0,416.0,0.129,92,17,66,1016.2,3.0,4.0,5.0,,
2022-10-26 16:36:45,52.393813333000004,13.037643333,38.9,3.19238829612732,3.3765623569488525,3.37747585773468,22.10806655883789,25.43098449707031,25.47785568237305,25.48328971862793,25.486906051635746,5.0,7.0,7.0,1047.0,330.0,48.0,1.0,0.0,0.0,5.0,7.0,8.0,1110.0,303.0,46.0,2.0,2.0,0.0,18.7430859375,68.86141475011961,1016.2516285435772,1088.0,1152.0,480.0,0.129,92,17,66,1016.2,3.0,4.0,5.0,,
2022-10-26 16:36:45,52.393813333000004,13.037643333,38.9,3.2001360654830933,3.38432240486145,3.3846973180770874,22.162857055664066,25.49320316314697,25.539751052856445,25.54514217376709,25.54876041412353,5.0,7.0,7.0,1038.0,328.0,46.0,1.0,0.0,0.0,6.0,7.0,7.5,1192.5,329.0,39.0,1.0,1.0,0.0,18.757929687500006,68.90373996866299,1016.2484365896652,1152.0,1056.0,384.0,0.129,92,17,66,1016.2,3.0,4.0,5.0,,
2022-10-26 16:36:45,52.393813333000004,13.037643333,38.9,3.212776660919189,3.3975437879562382,3.3977375030517583,22.25078773498535,25.59407043457031,25.64065456390381,25.6460485458374,25.649677276611328,5.0,7.0,7.0,1029.0,326.0,44.0,1.0,0.0,0.0,6.0,7.5,7.5,1243.5,340.0,37.5,0.0,0.0,0.0,18.77638671875,68.98335529423966,1016.2545543407527,992.0,1024.0,480.0,0.129,92,17,66,1016.2,3.0,4.0,5.0,,
2022-10-26 16:36:55,52.393771666999996,13.037553333,40.4,3.267664313316345,3.455494880676269,3.455575704574585,22.63116550445557,26.031429290771484,26.07871437072754,26.08418941497803,26.087879180908203,5.0,7.0,7.0,1011.0,322.0,46.0,1.0,0.0,0.0,6.0,8.0,8.0,1201.5,346.5,35.0,0.0,0.0,0.0,18.7962109375,69.08659079425425,1016.252025561588,1088.0,1120.0,480.0,0.129,92,17,66,1016.2,3.0,4.0,5.0,,
2022-10-26 16:36:59,52.39375,13.037523333,40.6,3.2731040716171265,3.4612154960632324,3.4612566232681274,22.66892433166504,26.07480049133301,26.1221342086792,26.127613067626953,26.13130855560303,4.5,6.5,6.5,969.0,307.5,43.5,1.0,0.0,0.0,6.0,8.0,8.0,1186.5,345.0,35.5,0.0,0.0,0.0,18.8149609375,69.09617188230214,1016.2527545970796,992.0,992.0,416.0,0.129,92,17,66,1016.2,3.0,4.0,5.0,,
2022-10-26 16:37:02,52.393735,13.037495,41.0,3.243295431137085,3.429996132850647,3.430413126945496,22.46168613433838,25.836989402771,25.88419532775879,25.889663696289066,25.893330574035645,4.0,6.0,6.0,927.0,293.0,41.0,1.0,0.0,0.0,6.0,7.5,8.0,1212.0,354.0,36.5,1.0,1.0,0.0,18.8278515625,69.08146064379808,1016.2547221867748,992.0,992.0,384.0,0.142,91,17,65,1016.2,3.0,4.0,5.0,,
2022-10-26 16:37:06,52.393721667,13.037485,41.5,3.327629923820496,3.519017457962036,3.5192351341247563,23.046191215515137,26.509011268615726,26.55727767944336,26.5628662109375,26.56662559509277,4.0,7.0,7.0,963.0,303.0,47.0,2.0,0.0,0.0,6.0,8.0,9.0,1212.0,356.5,39.0,2.0,2.0,0.0,18.84328125,69.04043039730624,1016.2449439094656,928.0,992.0,480.0,0.142,91,17,65,1016.2,3.0,4.0,5.0,,
2022-10-26 16:37:06,52.393721667,13.037485,41.5,3.4882519245147705,3.6887686252594,3.688863039016724,24.15889644622803,27.78870677947998,27.839191436767575,27.8450345993042,27.848974227905273,4.5,7.0,7.0,991.5,311.5,50.0,2.0,0.0,0.0,6.0,8.0,9.5,1158.0,352.5,48.5,2.0,2.0,0.0,18.86359375,69.23401558027136,1016.2482446621702,1056.0,1056.0,448.0,0.142,91,17,65,1016.2,3.0,4.0,5.0,,
2022-10-26 16:37:12,52.393721667,13.037473333,41.0,3.545883178710937,3.7496755123138423,3.7497246265411377,24.55813789367676,28.247861862182614,28.29914379119873,28.30507850646973,28.30908203125,5.0,7.0,7.0,1020.0,320.0,53.0,2.0,0.0,0.0,6.5,7.5,9.0,1150.5,354.5,42.5,2.0,2.0,0.0,18.886640625,69.378012907336,1016.248504618098,960.0,1120.0,480.0,0.142,91,17,65,1016.2,3.0,4.0,5.0,,
2022-10-26 16:37:16,52.393721667,13.037461667,40.6,3.58470070362091,3.7907000780105586,3.790720224380493,24.82704162597656,28.557122230529785,28.60894298553467,28.61494064331055,28.61898708343506,5.5,7.5,8.5,1056.0,332.0,57.0,3.0,0.0,0.0,6.5,7.5,8.5,1173.0,352.5,39.5,2.0,2.0,0.0,18.909296875,69.39825331141381,1016.2506340460486,992.0,896.0,416.0,0.142,91,17,65,1016.2,3.0,4.0,5.0,,
2022-10-26 16:37:20,52.393708333,13.037423333,41.5,3.645270466804504,3.854743003845215,3.85475242137909,25.24655914306641,29.039655685424805,29.0923433303833,29.09843921661377,29.10255622863769,6.0,8.0,9.0,1044.0,328.0,52.5,3.0,0.0,0.0,6.5,7.0,7.5,1128.0,340.0,36.5,1.0,1.0,0.0,18.92345703125,69.35027964241567,1016.2563664273204,1056.0,1088.0,416.0,0.142,91,17,65,1016.2,3.0,4.0,5.0,,
2022-10-26 16:37:24,52.393681666999996,13.037381667,45.5,3.6455720663070683,3.855056524276733,3.855060696601868,25.24865913391113,29.04206466674805,29.09475040435791,29.10084819793701,29.104963302612305,5.5,7.5,8.5,1032.0,324.0,48.0,3.0,0.0,0.0,6.0,7.0,7.0,1090.5,321.0,37.0,0.0,0.0,0.0,18.921015625,69.2128225213275,1016.2707906204573,1088.0,1056.0,448.0,0.142,91,17,65,1016.2,3.0,4.0,5.0,,
2022-10-26 16:37:27,52.393654999999995,13.037315,45.0,3.578297972679138,3.783915042877197,3.783918499946594,24.78273677825928,28.506134033203125,28.55784511566162,28.563833236694336,28.56787109375,5.0,7.0,8.0,1077.0,341.0,44.0,3.0,0.0,0.0,6.0,6.5,7.5,1111.5,320.0,30.5,2.0,2.0,0.0,18.90177734375,69.03277752390916,1016.2826818192826,1088.0,1152.0,448.0,0.142,91,17,65,1016.2,3.0,4.0,5.0,,
2022-10-26 16:37:27,52.393654999999995,13.037315,45.0,3.6143022775650016,3.8219882249832153,3.821991682052612,25.03209590911865,28.79295825958252,28.84519004821777,28.851237297058105,28.85531711578369,5.0,7.0,8.0,1056.0,335.0,42.5,3.0,0.0,0.0,5.0,6.0,7.0,1132.5,319.5,44.0,2.0,2.0,0.0,18.88498046875,68.85993414915839,1016.2801477940357,1056.0,1088.0,480.0,0.142,91,17,65,1016.2,3.0,4.0,5.0,,
2022-10-26 16:37:34,52.393551667,13.037063332999999,41.5,3.6641038656234737,3.8746514320373535,3.8746548891067514,25.37701416015625,29.189696311950684,29.242648124694824,29.248779296875,29.252914428710934,5.0,7.0,8.0,1035.0,329.0,41.0,3.0,0.0,0.0,6.0,7.5,9.5,1147.5,330.0,50.0,4.0,4.0,0.0,18.873359375,68.77140163505155,1016.2702135129956,992.0,992.0,416.0,0.142,91,17,65,1016.2,3.0,4.0,5.0,,
2022-10-26 16:37:37,52.393531667,13.03701,40.1,3.750719308853149,3.966243982315064,3.96624755859375,25.97689819335937,29.87970924377441,29.93391418457031,29.94018840789795,29.94442176818848,6.0,9.0,9.0,1104.0,352.0,49.0,3.0,0.0,0.0,6.5,8.0,10.0,1203.0,345.5,52.0,4.0,4.0,0.0,18.8657421875,68.6968629965101,1016.2626871368776,1024.0,1056.0,480.0,0.142,91,17,65,1016.2,3.0,4.0,5.0,,
2022-10-26 16:37:41,52.393506667,13.036971667000001,40.0,3.8073953390121464,4.026176691055299,4.026180505752564,26.369428634643555,30.331212997436523,30.3862361907959,30.392605781555176,30.396903038024906,5.5,8.5,9.0,1119.0,357.0,51.0,3.5,0.0,0.0,6.0,7.0,9.5,1155.0,343.5,47.0,4.0,4.0,0.0,18.8520703125,68.65475235129702,1016.2569180062034,992.0,928.0,448.0,0.142,91,17,65,1016.2,3.0,4.0,5.0,,
2022-10-26 16:37:45,52.393488333,13.03693,37.8,3.83942973613739,4.060051918029785,4.060055732727052,26.59129428863525,30.58641147613525,30.6418981552124,30.648322105407715,30.65265464782715,5.0,8.0,9.0,1134.0,362.0,53.0,4.0,0.0,0.0,6.5,7.5,10.0,1105.5,330.5,48.5,4.0,4.0,2.0,18.84328125,68.61006759583233,1016.2566826676973,992.0,1056.0,448.0,0.142,91,17,65,1016.2,3.0,4.0,5.0,,
2022-10-26 16:37:48,52.393471667,13.036908333,37.0,3.890294075012207,4.1138391494750985,4.113842964172363,26.94357204437256,30.991618156433105,31.04783821105957,31.05434608459473,31.058737754821774,5.0,8.0,9.0,1122.0,358.0,53.0,5.0,0.0,0.0,4.0,5.0,7.5,979.5,284.0,34.0,4.0,4.0,2.0,18.84689453125,68.62062212690327,1016.2626395174377,1120.0,1056.0,416.0,0.142,91,17,65,1016.2,3.0,4.0,5.0,,
2022-10-26 16:37:48,52.393471667,13.036908333,37.0,3.901424646377564,4.125609397888184,4.125613212585448,27.020662307739254,31.08028888702393,31.136670112609863,31.143198013305664,31.14760112762451,5.5,8.5,9.0,1132.5,362.5,55.5,5.0,0.0,0.0,4.0,4.0,6.0,897.0,255.0,27.5,2.0,2.0,2.0,18.860078125,68.57932692686191,1016.2474800229725,928.0,992.0,352.0,0.142,91,17,65,1016.2,3.0,4.0,5.0,,
2022-10-26 16:37:55,52.393423333,13.036845,35.3,3.8354644775390634,4.055859088897705,4.0558624267578125,26.563831329345703,30.55482387542725,30.610251426696774,30.616668701171875,30.620997428894047,6.0,9.0,9.0,1143.0,367.0,58.0,5.0,0.0,0.0,3.5,4.0,5.5,796.5,227.0,27.0,2.0,2.0,2.0,18.8606640625,68.4761389335429,1016.2350299837944,1120.0,960.0,448.0,0.142,91,17,65,1016.2,3.0,4.0,5.0,,
2022-10-26 16:37:59,52.393409999999996,13.036805000000001,35.8,3.724461555480957,3.938477516174317,3.938481092453003,25.795042991638184,29.670531272888184,29.72435569763184,29.730587005615234,29.734790802001953,6.0,8.0,9.0,1137.0,363.0,52.0,4.0,0.0,0.0,3.0,3.5,4.5,727.5,202.5,28.0,2.0,2.0,2.0,18.854609375000006,68.4785374330076,1016.2434954971561,1056.0,1120.0,512.0,0.142,91,17,65,1016.2,3.0,4.0,5.0,,
2022-10-26 16:38:02,52.393405,13.036796667,36.6,3.506159543991089,3.7076312303543086,3.707634687423706,24.28311538696289,27.93144989013672,27.9821195602417,27.9879846572876,27.991942405700684,5.5,8.0,9.0,1134.0,361.0,53.0,3.5,0.0,0.0,3.0,4.0,4.0,747.0,203.0,19.0,0.0,0.0,0.0,18.853828125,68.38518810641668,1016.2472385181867,960.0,992.0,448.0,0.121,92,17,65,1016.3,3.0,4.0,5.0,,
2022-10-26 16:38:06,52.393401667,13.036795,37.3,3.294399738311768,3.4837034940719604,3.4837067127227783,22.81650161743164,26.24448871612549,26.29209804534912,26.29761028289795,26.3013277053833,5.0,8.0,9.0,1131.0,359.0,54.0,3.0,0.0,0.0,3.0,3.0,3.0,771.0,214.0,16.0,0.0,0.0,0.0,18.85646484375,68.26242964982532,1016.2423618707963,1024.0,1088.0,512.0,0.121,92,17,65,1016.3,3.0,4.0,5.0,,
2022-10-26 16:38:06,52.393401667,13.036795,37.3,3.1719831228256226,3.3542524576187134,3.3542555570602417,21.968663215637207,25.26926898956299,25.31510925292969,25.32041645050049,25.32399654388428,5.0,8.0,9.0,1125.0,355.0,52.0,3.0,1.0,0.0,3.0,3.0,3.0,783.0,222.5,13.5,0.0,0.0,0.0,18.863886718750006,68.17042340784062,1016.2428581342095,1056.0,1152.0,416.0,0.121,92,17,65,1016.3,3.0,4.0,5.0,,
2022-10-26 16:38:06,52.393401667,13.036795,37.3,3.1010315418243413,3.2792237997055054,3.2792268991470337,21.47726345062256,24.704042434692386,24.74885654449463,24.75404453277588,24.75754451751709,5.5,9.0,9.5,1143.0,360.0,53.5,3.0,1.0,0.0,4.0,4.0,4.0,756.0,207.5,11.0,0.0,0.0,0.0,18.8766796875,68.12914607843247,1016.2522086227233,960.0,864.0,448.0,0.121,92,17,65,1016.3,3.0,4.0,5.0,,
2022-10-26 16:38:16,52.393401667,13.036793333,36.8,2.993643403053284,3.1656649112701416,3.1656677722930913,20.73351001739502,23.84854412078857,23.891807556152344,23.89681625366211,23.900195121765137,6.0,10.0,10.0,1161.0,365.0,55.0,3.0,1.0,0.0,3.5,3.5,3.5,831.0,219.0,11.0,0.0,0.0,0.0,18.883125,68.16338623786245,1016.262833910734,1056.0,1088.0,384.0,0.121,92,17,65,1016.3,3.0,4.0,5.0,,
2022-10-26 16:38:20,52.3934,13.036788332999999,34.5,2.9178807735443115,3.085548758506775,3.0855515003204346,20.20878791809082,23.2449893951416,23.287156105041504,23.292038917541504,23.29533195495605,5.0,8.0,9.0,1116.0,348.0,55.0,3.0,1.0,0.0,3.0,3.0,3.0,784.5,206.0,12.0,0.0,0.0,0.0,18.89083984375,68.19783165221975,1016.25207295528,960.0,1024.0,384.0,0.121,92,17,65,1016.3,3.0,4.0,5.0,,
2022-10-26 16:38:23,52.39338,13.036803333,34.3,2.8731071949005127,3.0382025241851807,3.0382052659988403,19.89869499206543,22.8883056640625,22.929826736450195,22.9346342086792,22.93787670135498,5.0,8.5,9.0,1147.5,356.0,59.5,3.0,1.0,0.0,4.0,4.0,4.0,781.5,206.5,17.0,0.0,0.0,0.0,18.89572265625,68.18859955821141,1016.2592837701268,1056.0,928.0,384.0,0.121,92,17,65,1016.3,3.0,4.0,5.0,,
2022-10-26 16:38:27,52.393353333,13.036826667,33.5,2.81995177268982,2.981992602348328,2.9819952249526978,19.530548095703125,22.464848518371586,22.505600929260254,22.51031875610352,22.513501167297363,5.0,9.0,9.0,1179.0,364.0,64.0,3.0,1.0,0.0,2.5,3.0,3.0,757.5,191.0,19.0,0.0,0.0,0.0,18.89455078125,68.13520426542057,1016.2523206489502,1024.0,992.0,512.0,0.121,92,17,65,1016.3,3.0,4.0,5.0,,
2022-10-26 16:38:27,52.393353333,13.036826667,33.5,2.802409648895264,2.963442325592041,2.963444948196411,19.40905284881592,22.32509994506836,22.365599632263184,22.370288848876953,22.37345123291016,5.5,8.5,9.5,1086.0,336.0,58.0,3.0,1.0,0.0,3.5,4.0,4.0,805.5,208.0,15.0,0.0,0.0,0.0,18.896015625,68.10217809260217,1016.2471885038437,960.0,992.0,416.0,0.121,92,17,65,1016.3,3.0,4.0,5.0,,
2022-10-26 16:38:33,52.393346666999996,13.03683,35.8,5.59509003162384,5.916596055030823,5.916601777076721,38.750723838806145,44.57269287109375,44.65355110168457,44.662912368774414,44.66922664642334,6.0,9.0,9.5,1071.0,331.0,55.0,2.5,1.0,0.0,8.0,9.5,9.5,1597.5,425.0,47.5,1.0,0.0,0.0,18.89474609375,67.80625427333848,1016.2459342506261,1024.0,896.0,384.0,0.121,92,17,65,1016.3,3.0,4.0,5.0,,
2022-10-26 16:38:37,52.393331667,13.0368,37.7,9.744979858398438,10.304948329925537,10.304957389831543,67.49221801757811,77.63235473632812,77.7731819152832,77.78948974609375,77.80048751831055,6.0,9.0,9.0,1056.0,326.0,52.0,2.0,1.0,0.0,10.0,13.0,13.0,1956.0,523.5,69.5,2.0,0.0,0.0,18.899140625,68.03949889169553,1016.2364075087177,800.0,800.0,288.0,0.121,92,17,65,1016.3,3.0,4.0,5.0,,
2022-10-26 16:38:41,52.393326667,13.036798333,36.9,8.737810611724854,9.239904880523682,9.239912986755373,60.5167179107666,69.60884475708008,69.73512268066406,69.74974060058594,69.75960159301758,6.0,9.0,9.0,1086.0,336.0,54.0,1.0,1.0,0.0,9.0,12.0,12.0,1746.0,470.5,62.5,2.0,0.0,0.0,18.91720703125,68.13202411042855,1016.2209063100634,864.0,960.0,448.0,0.121,92,17,65,1016.3,3.0,4.0,5.0,,
2022-10-26 16:38:45,52.393303333,13.036751667,33.5,7.525763750076294,7.958210945129394,7.958218097686768,52.12227058410645,59.95320320129394,60.06196022033691,60.07455253601074,60.083045959472656,6.0,9.0,9.0,1086.0,335.5,51.5,1.0,1.0,0.0,5.5,6.5,6.5,1222.5,334.0,40.0,0.0,0.0,0.0,18.93,68.20051195140212,1016.2268997592644,864.0,1088.0,480.0,0.121,92,17,65,1016.3,3.0,4.0,5.0,,
2022-10-26 16:38:45,52.393303333,13.036751667,33.5,6.424763917922974,6.793945074081421,6.7939512729644775,44.49691581726074,51.18220520019531,51.27505111694336,51.28580093383789,51.293052673339844,6.0,9.0,9.0,1086.0,335.0,49.0,1.0,1.0,0.0,4.5,5.0,6.0,996.0,274.0,26.5,2.0,2.0,0.0,18.93498046875,68.18131007544659,1016.2351095104083,800.0,960.0,448.0,0.121,92,17,65,1016.3,3.0,4.0,5.0,,
2022-10-26 16:38:51,52.393265,13.0367,31.2,5.710867404937744,6.039026737213135,6.039032220840454,39.552581787109375,45.49502372741699,45.57755470275879,45.58710861206055,45.59355545043945,6.0,8.0,9.0,1041.0,324.0,49.0,1.0,1.0,0.0,3.5,4.0,5.0,856.5,231.5,15.0,2.0,2.0,0.0,18.94748046875,68.11670718557207,1016.2406193734207,864.0,992.0,480.0,0.121,92,17,65,1016.3,3.0,4.0,5.0,,
2022-10-26 16:38:55,52.393246667,13.036658333,30.1,4.899547815322876,5.181087017059326,5.181091785430908,33.933507919311516,39.0317325592041,39.1025390625,39.11073684692383,39.11626625061035,6.0,8.0,8.5,1033.5,322.5,44.0,1.0,1.0,0.0,3.0,3.0,4.0,781.5,212.0,12.0,2.0,2.0,0.0,18.965449218750006,68.05295881085755,1016.2350159078547,896.0,1152.0,512.0,0.121,92,17,65,1016.3,3.0,4.0,5.0,,
2022-10-26 16:38:59,52.393221667,13.036618333,29.2,4.455249786376953,4.711258411407472,4.711262702941895,30.85636711120605,35.49227714538574,35.556663513183594,35.56411552429199,35.56914520263672,6.0,8.0,8.0,1026.0,321.0,39.0,1.0,1.0,0.0,3.0,3.0,4.0,802.5,219.0,15.5,2.0,2.0,0.0,18.971015625,68.03054305630307,1016.2299343258929,960.0,1120.0,416.0,0.121,92,17,65,1016.3,3.0,4.0,5.0,,
2022-10-26 16:39:03,52.393203333,13.036585,32.3,3.904398918151856,4.128754377365111,4.1287580728530875,27.04126071929932,31.103981971740726,31.16040706634521,31.16693878173828,31.17134666442871,6.0,7.0,7.0,984.0,311.0,35.0,0.0,0.0,0.0,4.0,4.0,5.5,841.5,225.0,17.0,2.0,2.0,0.0,18.961640625,67.96927937723378,1016.2320926698717,800.0,960.0,448.0,0.10800000000000001,91,17,65,1016.2,6.0,8.0,9.0,,
2022-10-26 16:39:06,52.39318,13.036565,30.6,3.5979311466217037,3.8046762943267822,3.8046797513961788,24.91871166229248,28.6625394821167,28.71453380584717,28.72055435180664,28.7246150970459,5.5,7.0,7.0,958.5,303.5,35.0,0.0,0.0,0.0,3.0,3.5,3.5,856.5,223.5,17.0,0.0,0.0,0.0,18.96076171875,67.90601441377686,1016.2499325184046,800.0,992.0,480.0,0.10800000000000001,91,17,65,1016.2,6.0,8.0,9.0,,
2022-10-26 16:39:06,52.39318,13.036565,30.6,3.352392673492432,3.545028686523437,3.545032024383545,23.21815013885498,26.706482887268066,26.75493049621582,26.760539054870605,26.764323234558105,5.0,7.0,7.0,933.0,296.0,35.0,0.0,0.0,0.0,3.5,4.5,4.5,847.5,231.0,19.0,0.0,0.0,0.0,18.9716015625,67.82130864312464,1016.2510276306903,832.0,992.0,448.0,0.10800000000000001,91,17,65,1016.2,6.0,8.0,9.0,,
2022-10-26 16:39:13,52.393141666999995,13.036488333,28.4,3.1804523468017583,3.363208293914795,3.3632113933563232,22.027318954467773,25.33673858642578,25.38270092010498,25.38802146911621,25.39161205291748,6.0,7.0,7.0,945.0,300.0,35.0,0.0,0.0,0.0,3.5,3.5,3.5,775.5,207.5,21.0,0.0,0.0,0.0,18.98439453125,67.8896964454769,1016.244439084059,832.0,960.0,480.0,0.10800000000000001,91,17,65,1016.2,6.0,8.0,9.0,,
2022-10-26 16:39:16,52.393135,13.03645,28.3,3.052162528038025,3.2275465726852417,3.2275494337081914,21.138803482055664,24.314730644226074,24.35883903503418,24.36394500732422,24.367390632629395,5.5,7.0,7.0,904.5,290.0,33.0,0.0,0.0,0.0,3.0,3.5,3.5,720.0,194.0,20.0,1.0,0.0,0.0,18.992890625,67.95079800378029,1016.2441858818222,896.0,1056.0,480.0,0.10800000000000001,91,17,65,1016.2,6.0,8.0,9.0,,
2022-10-26 16:39:20,52.393121666999996,13.036398333,27.2,3.1339732408523564,3.3140584230422974,3.3140615224838257,21.70541286468506,24.96646785736084,25.01175880432129,25.01700115203857,25.02053928375244,4.5,6.5,6.5,864.0,280.0,31.0,0.0,0.0,0.0,4.0,4.5,4.5,775.5,217.5,21.0,2.0,0.0,0.0,19.00138671875,67.91222478421196,1016.2481257863504,896.0,1024.0,416.0,0.10800000000000001,91,17,65,1016.2,6.0,8.0,9.0,,
2022-10-26 16:39:24,52.393103333,13.036351667,27.5,3.2703452110290527,3.458266496658325,3.458269715309143,22.64990329742432,26.05286026000977,26.10012245178223,26.10559368133545,26.10928440093994,4.0,6.0,6.0,918.0,295.0,31.0,0.0,0.0,0.0,4.5,5.5,5.5,862.5,242.5,30.5,2.0,0.0,0.0,19.003828125,67.84948171883109,1016.2496338580247,896.0,1024.0,416.0,0.10800000000000001,91,17,65,1016.2,6.0,8.0,9.0,,
2022-10-26 16:39:27,52.393096666999995,13.036318332999999,29.3,3.504444122314453,3.705817341804504,3.705820798873901,24.271235466003414,27.91778469085693,27.96842956542969,27.974292755126953,27.97824764251709,5.0,7.0,7.0,912.0,293.0,32.0,0.0,0.0,0.0,5.5,7.0,7.0,1083.0,293.0,40.5,2.0,0.0,0.0,19.00470703125,67.86622383158772,1016.2510825430625,864.0,1088.0,448.0,0.10800000000000001,91,17,65,1016.2,6.0,8.0,9.0,,
2022-10-26 16:39:27,52.393096666999995,13.036318332999999,29.3,4.562737822532653,4.824922800064087,4.82492733001709,31.60081195831299,36.34856796264648,36.414507865905755,36.422141075134284,36.42729187011719,5.0,7.0,7.0,906.0,291.0,33.0,0.0,0.0,0.0,7.5,9.5,9.5,1456.5,407.5,52.5,2.0,0.0,0.0,19.00841796875,67.86014765212015,1016.2404253312828,928.0,1120.0,512.0,0.10800000000000001,91,17,65,1016.2,6.0,8.0,9.0,,
2022-10-26 16:39:34,52.39308,13.036268332999999,32.8,6.23911452293396,6.597628116607666,6.597634077072144,43.21113777160645,49.70324897766113,49.79341316223145,49.80385398864746,49.81089401245117,5.0,7.0,7.0,861.0,276.0,31.0,1.0,0.0,0.0,10.5,12.5,12.5,1764.0,498.5,73.0,1.0,0.0,0.0,19.01408203125,67.81119436613918,1016.251438620328,800.0,896.0,416.0,0.10800000000000001,91,17,65,1016.2,6.0,8.0,9.0,,
2022-10-26 16:39:38,52.393046667,13.036225,32.5,7.268477439880371,7.686140537261963,7.686147451400758,50.34034538269043,57.9035587310791,58.00860023498535,58.02075958251953,58.02896499633789,5.0,6.5,6.5,856.5,276.0,31.0,1.0,0.0,0.0,12.0,14.5,14.5,1995.0,562.5,94.0,0.0,0.0,0.0,19.01544921875,67.80808262011847,1016.254530818796,832.0,1056.0,480.0,0.10800000000000001,91,17,65,1016.2,6.0,8.0,9.0,,
2022-10-26 16:39:41,52.393028333000004,13.036191667,31.2,8.421969890594482,8.905915260314941,8.90592336654663,58.32925605773926,67.09273529052734,67.21444320678711,67.22853469848633,67.23804092407228,5.0,6.0,6.0,852.0,276.0,31.0,1.0,0.0,0.0,13.5,17.5,18.5,2256.0,650.5,118.0,5.0,2.0,0.0,19.005390625,67.84971960996178,1016.2530479802,896.0,960.0,416.0,0.10800000000000001,91,17,65,1016.2,6.0,8.0,9.0,,
2022-10-26 16:39:45,52.393011666999996,13.036151667,32.8,8.701016426086426,9.201807975769043,9.2028226852417,60.25976181030274,69.31480026245117,69.44135665893555,69.45602035522461,69.46585083007811,5.0,7.0,7.0,867.0,281.0,35.0,1.0,0.0,0.0,11.0,15.5,16.5,2037.0,579.5,108.0,6.0,2.0,0.0,18.9878125,67.80057370146032,1016.2425249298424,832.0,992.0,352.0,0.10800000000000001,91,17,65,1016.2,6.0,8.0,9.0,,
2022-10-26 16:39:45,52.393011666999996,13.036151667,32.8,8.594357967376709,9.094209671020508,9.101685523986816,59.5074577331543,68.45915603637695,68.58939361572266,68.60454177856445,68.61434173583984,5.0,6.5,6.5,843.0,273.0,35.0,1.0,0.0,0.0,8.0,13.5,14.0,1768.5,499.5,93.0,6.0,1.0,0.0,18.96828125,67.91384206360347,1016.2388454283116,896.0,1120.0,480.0,0.10800000000000001,91,17,65,1016.2,6.0,8.0,9.0,,
2022-10-26 16:39:52,52.393008333000004,13.036114999999999,36.7,8.171635150909424,8.651067733764647,8.663367748260496,56.56959533691406,65.08712387084961,65.21514892578125,65.23008346557617,65.23948287963867,5.0,6.0,6.0,819.0,265.0,35.0,1.0,0.0,0.0,8.0,12.0,12.0,1596.0,456.0,84.5,3.0,0.0,0.0,18.96046875,68.11204670065752,1016.2502882186114,864.0,1056.0,448.0,0.10800000000000001,91,17,65,1016.2,6.0,8.0,9.0,,
2022-10-26 16:39:56,52.392995,13.036088333,36.8,7.96149206161499,8.43058443069458,8.445041656494139,55.10964012145996,63.41105842590332,63.53778648376465,63.55259323120117,63.56178283691406,5.0,6.0,6.0,819.0,265.0,33.0,1.0,0.0,0.0,9.0,12.0,12.0,1612.5,465.0,88.0,2.0,0.0,0.0,18.96017578125,68.15856158367829,1016.2531598306406,1024.0,1184.0,480.0,0.10800000000000001,91,17,65,1016.2,6.0,8.0,9.0,,
2022-10-26 16:39:59,52.392981667,13.03606,38.1,7.884009599685669,8.349160671234129,8.364255905151367,54.57165908813477,62.79321098327637,62.919334411621094,62.93407821655274,62.94318962097168,5.0,6.0,6.0,826.5,267.5,32.0,1.0,0.0,0.0,8.5,12.0,12.0,1641.0,467.5,91.5,2.0,0.0,0.0,18.95958984375,68.17510310894045,1016.2547098782755,928.0,1280.0,480.0,0.10800000000000001,91,17,65,1016.2,6.0,8.0,9.0,,
2022-10-26 16:40:03,52.392975,13.03604,39.5,7.774111747741699,8.227115154266357,8.234948635101317,53.8258113861084,61.92441940307617,62.04308891296387,62.05690002441406,62.06578826904297,5.0,6.0,6.0,834.0,270.0,31.0,1.0,0.0,0.0,9.5,13.0,13.0,1722.0,494.5,81.0,2.0,0.0,0.0,18.96046875,68.08877134322987,1016.2561586496128,832.0,896.0,416.0,0.098,94,17,65,1016.2,3.0,4.0,5.0,,
2022-10-26 16:40:03,52.392975,13.03604,39.5,7.656147956848144,8.098870754241942,8.102341175079347,53.01799774169922,60.98870277404785,61.10214424133301,61.11530303955078,61.12399673461914,4.0,6.0,6.0,804.0,258.0,29.0,1.0,0.0,0.0,10.5,13.5,14.5,1797.0,515.5,82.0,3.0,2.0,0.0,18.9618359375,67.78995731933861,1016.2659600071,768.0,1056.0,384.0,0.098,94,17,65,1016.2,3.0,4.0,5.0,,
2022-10-26 16:40:09,52.39295,13.03599,37.9,7.499473571777344,7.931679725646973,7.933263063430786,51.93686103820801,59.74230766296387,59.85196304321289,59.86467170715332,59.87315940856934,3.5,4.5,4.5,801.0,256.5,28.0,1.0,0.0,0.0,10.0,13.0,14.0,1867.5,515.5,78.5,2.0,2.0,0.0,18.9692578125,67.62510579084653,1016.2698077396906,704.0,928.0,480.0,0.098,94,17,65,1016.2,3.0,4.0,5.0,,
2022-10-26 16:40:13,52.392856667,13.035935,28.3,7.334942579269409,7.756932258605957,7.757569551467895,50.79933738708496,58.43246269226074,58.53897285461426,58.551307678222656,58.55959892272949,4.0,4.0,4.0,798.0,255.0,27.0,1.0,0.0,0.0,10.5,12.5,14.5,1893.0,509.0,81.0,4.0,4.0,0.0,18.972578125,67.64883963741093,1016.2652171062728,736.0,896.0,384.0,0.098,94,17,65,1016.2,3.0,4.0,5.0,,
2022-10-26 16:40:17,52.392825,13.035925,25.8,7.183192253112793,7.596207857131957,7.5965256690979,49.74900817871094,57.22385215759277,57.32791709899902,57.33996391296387,57.34807586669922,5.0,6.0,6.0,792.0,255.0,31.0,2.0,0.0,0.0,10.5,11.5,14.5,1752.0,480.5,74.0,4.0,4.0,0.0,18.9731640625,67.92125057478684,1016.2603123935072,896.0,928.0,416.0,0.098,94,17,65,1016.2,3.0,4.0,5.0,,
2022-10-26 16:40:20,52.392804999999996,13.035915,24.9,6.955665349960327,7.355451822280884,7.355576038360597,48.17359924316406,55.41146469116211,55.51208305358887,55.52372741699219,55.53158187866211,5.0,6.0,6.0,795.0,256.0,30.0,2.0,0.0,0.0,9.0,11.0,13.5,1623.0,439.5,78.0,4.0,4.0,0.0,18.95255859375,68.41366694413853,1016.2624079672437,704.0,768.0,384.0,0.098,94,17,65,1016.2,3.0,4.0,5.0,,
2022-10-26 16:40:24,52.392776667,13.035911667,28.0,6.788414478302003,7.178540468215942,7.178601503372192,47.01537895202637,54.07913398742676,54.177284240722656,54.18864440917969,54.19630813598633,5.0,6.0,6.0,798.0,257.0,29.0,2.0,0.0,0.0,8.5,10.0,12.0,1509.0,403.0,72.5,4.0,4.0,0.0,18.93556640625,68.56761395526001,1016.2570403660893,768.0,896.0,448.0,0.098,94,17,65,1016.2,3.0,4.0,5.0,,
2022-10-26 16:40:24,52.392776667,13.035911667,28.0,6.659836769104004,7.0425453186035165,7.042571067810059,46.12494659423828,53.05486679077149,53.15113067626953,53.16227149963379,53.16979217529297,5.0,5.0,5.0,813.0,262.0,27.0,1.0,0.0,0.0,8.0,9.5,11.5,1387.5,385.5,66.5,4.0,4.0,0.0,18.93634765625,68.5943942090523,1016.2558124018832,960.0,1152.0,480.0,0.098,94,17,65,1016.2,3.0,4.0,5.0,,
2022-10-26 16:40:30,52.392723333,13.035943332999999,25.7,6.538422584533691,6.914143323898315,6.91415810585022,45.28407669067383,52.08764266967773,52.18214416503906,52.19307899475098,52.200462341308594,5.5,5.5,5.5,829.5,267.5,33.5,1.0,0.0,0.0,7.0,8.5,9.5,1263.0,357.5,52.5,2.0,2.0,0.0,18.94435546875,68.59229397901775,1016.2530790518159,928.0,1024.0,448.0,0.098,94,17,65,1016.2,3.0,4.0,5.0,,
2022-10-26 16:40:34,52.392701667,13.035973333,27.4,6.175981044769287,6.530869007110597,6.530874729156494,42.77388191223145,49.20030212402344,49.28955459594727,49.29988479614258,49.30685806274414,6.0,6.0,6.0,846.0,273.0,40.0,1.0,0.0,0.0,6.0,8.0,9.0,1239.0,332.0,45.0,2.0,2.0,0.0,18.953046875,68.58363378958909,1016.2623743048823,896.0,992.0,448.0,0.098,94,17,65,1016.2,3.0,4.0,5.0,,
2022-10-26 16:40:38,52.392686667,13.03599,30.3,5.8253173828125,6.160053253173827,6.160058736801148,40.34524345397949,46.406776428222656,46.4909610748291,46.50070762634277,46.50728225708008,6.0,6.0,6.0,888.0,287.0,38.0,1.0,0.0,0.0,5.5,6.5,7.5,1116.0,300.5,38.5,2.0,2.0,0.0,18.963007812500006,68.59849891330185,1016.2628598810795,896.0,1184.0,480.0,0.098,94,17,65,1016.2,3.0,4.0,5.0,,
2022-10-26 16:40:42,52.392658333,13.036008333,34.4,5.3227806091308585,5.628639459609985,5.6286444664001465,36.8647518157959,42.40336990356445,42.48029327392578,42.48919868469238,42.49520492553711,5.5,6.0,6.0,877.5,284.5,36.0,1.0,0.0,0.0,5.0,6.0,6.0,1003.5,275.5,30.0,0.0,0.0,0.0,18.9753125,68.56373362876889,1016.268885716943,928.0,1152.0,448.0,0.098,94,17,65,1016.2,3.0,4.0,5.0,,
2022-10-26 16:40:45,52.392641667,13.036018333,36.7,4.9297263622283936,5.2129995822906485,5.213004350662232,34.142520904541016,39.27214622497559,39.34338760375977,39.35163497924805,39.357200622558594,5.0,6.0,6.0,867.0,282.0,34.0,1.0,0.0,0.0,4.5,5.5,5.5,907.5,249.0,29.0,2.0,0.0,0.0,18.988984375,68.53251560212956,1016.2671006497701,896.0,992.0,352.0,0.098,94,17,65,1016.2,3.0,4.0,5.0,,
2022-10-26 16:40:45,52.392641667,13.036018333,36.7,4.345706701278687,4.595420837402344,4.5954251289367685,30.097689628601074,34.619613647460945,34.682416915893555,34.68968772888184,34.69459342956543,6.0,7.0,7.0,921.0,296.0,38.0,1.0,0.0,0.0,4.0,4.5,4.5,795.0,221.5,22.0,2.0,0.0,0.0,19.00001953125,68.51089111505429,1016.2701941014624,896.0,1088.0,416.0,0.098,94,17,65,1016.2,3.0,4.0,5.0,,
2022-10-26 16:40:52,52.392606666999995,13.036064999999999,37.6,3.966875195503235,4.1948208808898935,4.194824457168578,27.47396183013916,31.60169219970703,31.65902042388916,31.66565704345703,31.67013454437256,6.0,7.0,7.0,945.0,304.0,38.0,1.0,0.0,0.0,4.0,5.0,5.0,766.5,225.5,23.0,2.0,0.0,0.0,19.006953125000006,68.42535377837515,1016.2665264574704,960.0,1152.0,416.0,0.098,94,17,65,1016.2,3.0,4.0,5.0,,
2022-10-26 16:40:55,52.392588333,13.036085,35.4,3.556897044181824,3.761284351348877,3.761287808418274,24.6345157623291,28.33564567565918,28.38704776763916,28.39299964904785,28.39701271057129,6.0,7.0,7.0,969.0,312.0,38.0,1.0,0.0,0.0,4.0,4.5,4.5,679.5,203.5,20.0,2.0,0.0,0.0,19.0133984375,68.35974241407611,1016.2612149994644,832.0,896.0,384.0,0.098,94,17,65,1016.2,3.0,4.0,5.0,,
2022-10-26 16:40:59,52.392565000000005,13.036116667,35.2,3.3514804840087886,3.5440641641616817,3.5440673828125,23.211833953857425,26.69921684265137,26.74765014648437,26.753257751464844,26.75704002380371,6.0,7.0,7.0,957.0,308.0,40.0,1.0,0.0,0.0,3.5,4.0,4.0,669.0,193.5,21.0,2.0,0.0,0.0,19.017890625,68.31049628781315,1016.2669420093947,896.0,1120.0,480.0,0.098,94,17,65,1016.2,3.0,4.0,5.0,,
2022-10-26 16:41:03,52.392545,13.036141667,34.1,3.177675008773804,3.3602713346481323,3.3602744340896606,22.008084297180176,25.31461334228516,25.360535621643066,25.36585235595703,25.36943817138672,6.0,7.0,7.0,969.0,311.5,38.5,1.0,0.0,0.0,3.5,3.5,3.5,729.0,199.5,18.0,0.0,0.0,0.0,19.0098828125,68.24603167153862,1016.2587750458213,928.0,1056.0,448.0,0.094,37,17,66,1016.2,66.0,72.0,73.0,,
2022-10-26 16:41:03,52.392545,13.036141667,34.1,3.1393779516220093,3.3197736740112305,3.319776654243469,21.742843627929688,25.009523391723636,25.05489253997803,25.06014442443848,25.06368732452393,6.0,7.0,7.0,981.0,315.0,37.0,1.0,0.0,0.0,3.5,3.5,3.5,736.5,200.5,20.0,0.0,0.0,0.0,19.00109375,68.19477595889798,1016.2367399552161,864.0,992.0,448.0,0.094,37,17,66,1016.2,66.0,72.0,73.0,,
2022-10-26 16:41:03,52.392545,13.036141667,34.1,3.09178626537323,3.2694472074508667,3.269450306892395,21.41323184967041,24.630390167236328,24.67507076263428,24.680243492126465,24.683732986450195,6.0,7.0,7.0,1002.0,323.0,33.0,0.0,0.0,0.0,3.5,3.5,3.5,768.0,202.5,19.0,0.0,0.0,0.0,18.97755859375,68.13794929890824,1016.2340098855713,928.0,992.0,384.0,0.094,37,17,66,1016.2,66.0,72.0,73.0,,
2022-10-26 16:41:13,52.392520000000005,13.036233333,35.3,3.003126621246338,3.1756930351257324,3.1756958961486816,20.7991886138916,23.924092292785645,23.96749210357666,23.97251605987549,23.975905418396,6.0,7.0,7.0,1005.0,323.0,35.0,0.0,0.0,0.0,3.5,3.5,3.5,811.5,214.5,20.0,0.0,0.0,0.0,18.95294921875,68.09094744946253,1016.2378931466119,832.0,1024.0,384.0,0.094,37,17,66,1016.2,66.0,72.0,73.0,,
2022-10-26 16:41:17,52.392525,13.036246667,34.4,3.0217326879501343,3.19536817073822,3.195371150970459,20.928050994873047,24.07231521606445,24.11598300933838,24.12103843688965,24.12444877624512,6.0,7.0,7.0,1008.0,323.0,37.0,0.0,0.0,0.0,4.0,4.0,4.0,801.0,213.5,15.0,0.0,0.0,0.0,18.9305859375,68.20392605823031,1016.2354129239524,832.0,960.0,352.0,0.094,37,17,66,1016.2,66.0,72.0,73.0,,
2022-10-26 16:41:20,52.392523333,13.036248333,34.3,3.0051002502441406,3.177780032157898,3.1777828931808467,20.812856674194336,23.93981456756592,23.98324203491211,23.988269805908203,23.99166202545166,6.0,7.0,7.0,1062.0,337.0,37.0,1.0,0.0,0.0,3.0,3.0,3.0,789.0,215.5,15.0,0.0,0.0,0.0,18.9243359375,68.26950972982692,1016.234334878698,832.0,1120.0,512.0,0.094,37,17,66,1016.2,66.0,72.0,73.0,,
2022-10-26 16:41:24,52.392523333,13.036268332999999,35.7,3.047013521194458,3.2221018075942998,3.222104787826538,21.103142738342285,24.273712158203125,24.31774616241455,24.32284450531006,24.32628345489502,5.0,6.0,6.0,1071.0,339.0,32.0,1.0,0.0,0.0,3.5,4.0,4.0,804.0,214.0,10.0,0.0,0.0,0.0,18.92990234375,68.37354956264082,1016.23260892114,832.0,928.0,384.0,0.094,37,17,66,1016.2,66.0,72.0,73.0,,
2022-10-26 16:41:24,52.392523333,13.036268332999999,35.7,3.1125093698501587,3.291361212730408,3.291364073753357,21.556756019592285,24.795477867126465,24.84045791625977,24.845664978027344,24.849178314208984,5.5,6.5,6.5,1080.0,341.0,27.0,1.0,0.0,0.0,2.5,3.5,3.5,751.5,202.0,8.0,0.0,0.0,0.0,18.94103515625,68.3619421813508,1016.2283178580984,896.0,992.0,384.0,0.094,37,17,66,1016.2,66.0,72.0,73.0,,
2022-10-26 16:41:30,52.392518333000005,13.036303333,36.0,3.2998334169387817,3.489449381828308,3.4894526004791264,22.85413455963135,26.28777599334717,26.335463523864746,26.340984344482425,26.34470844268799,6.0,7.0,7.0,1074.0,337.0,25.0,1.0,0.0,0.0,3.0,3.0,3.0,807.0,219.0,12.0,0.0,0.0,0.0,18.9559765625,68.44082889188455,1016.2269495268938,896.0,928.0,512.0,0.094,37,17,66,1016.2,66.0,72.0,73.0,,
2022-10-26 16:41:34,52.392516666999995,13.036351667,37.0,3.6596503257751465,3.86994206905365,3.869945645332336,25.346169471740726,29.15421962738037,29.207106590271,29.213229179382324,29.217360496521,6.5,7.5,7.5,1134.0,355.0,26.0,1.5,0.0,0.0,4.0,5.0,5.0,871.5,235.5,16.0,0.0,0.0,0.0,18.965937500000006,68.55896229040586,1016.2282730832312,896.0,992.0,448.0,0.094,37,17,66,1016.2,66.0,72.0,73.0,,
2022-10-26 16:41:38,52.392518333000005,13.036391667,37.8,4.004516124725342,4.2346246242523184,4.234628200531007,27.734655380249023,31.90155506134033,31.959425926208496,31.96612644195557,31.970645904541016,7.0,8.0,8.0,1194.0,373.0,27.0,2.0,0.0,0.0,4.0,4.5,4.5,931.5,246.0,15.0,0.0,0.0,0.0,18.971015625,68.6764056776376,1016.2316116160533,736.0,1024.0,448.0,0.094,37,17,66,1016.2,66.0,72.0,73.0,,
2022-10-26 16:41:41,52.392518333000005,13.036423333,38.1,4.379732131958009,4.631401300430298,4.631405591964722,30.33334445953369,34.890674591064446,34.953969955444336,34.96129608154297,34.96623992919922,7.0,8.0,8.0,1158.0,365.0,25.0,3.0,0.0,0.0,5.0,5.5,5.5,1017.0,279.0,24.5,0.0,0.0,0.0,18.97755859375,68.73743864595232,1016.22730074761,864.0,1024.0,480.0,0.094,37,17,66,1016.2,66.0,72.0,73.0,,
2022-10-26 16:41:45,52.392528333,13.036465,41.5,11.426116466522215,12.082686424255373,12.08269739151001,79.1355094909668,91.02495193481444,91.1900749206543,91.2091941833496,91.22208786010742,7.0,8.0,8.0,1161.0,366.0,26.0,3.0,0.0,0.0,7.5,13.0,14.5,1656.0,442.0,98.0,9.5,3.0,0.0,18.983125,68.85172911754128,1016.2264119316844,864.0,1088.0,448.0,0.094,37,17,66,1016.2,66.0,72.0,73.0,,
2022-10-26 16:41:45,52.392528333,13.036465,41.5,13.711190223693848,14.499431610107422,14.499897003173828,94.96061325073242,109.22832870483398,109.42684555053712,109.44982528686523,109.46531295776369,7.0,8.0,8.0,1164.0,367.0,27.0,3.0,0.0,0.0,10.5,19.5,21.5,2070.0,566.5,141.5,20.5,4.0,0.0,18.9880078125,69.01271679323759,1016.2227188676908,896.0,992.0,320.0,0.094,37,17,66,1016.2,66.0,72.0,73.0,,
2022-10-26 16:41:52,52.392525,13.036548332999999,42.0,24.323272705078125,25.726430892944336,25.7332820892334,168.4448013305664,193.76248168945312,194.1195068359375,194.16089630126956,194.1884536743164,7.5,8.5,9.5,1251.0,396.0,33.0,4.0,1.0,1.0,18.5,34.0,38.5,3493.5,1005.0,275.0,31.5,3.0,0.0,18.9938671875,69.04701795643207,1016.2172805655557,832.0,928.0,384.0,0.094,37,17,66,1016.2,66.0,72.0,73.0,,
2022-10-26 16:41:56,52.392533333,13.036595,39.4,52.58018684387207,55.72276878356934,55.87373352050781,363.84454345703125,418.7353210449219,419.6170654296875,419.72059631347656,419.78204345703125,7.0,8.5,9.0,1257.0,399.0,33.5,4.0,1.0,1.0,26.5,46.0,55.5,5559.0,1627.0,458.5,36.0,2.0,2.0,19.00216796875,68.92475803425097,1016.2116725993924,896.0,1056.0,448.0,0.094,37,17,66,1016.2,66.0,72.0,73.0,,
2022-10-26 16:42:00,52.392536666999995,13.036638332999999,40.9,38.73798370361328,41.18363952636719,41.45724678039551,267.71747589111334,308.3497619628906,309.1305236816406,309.22352600097656,309.2710723876953,8.0,10.0,10.0,1263.0,402.0,34.0,4.0,1.0,1.0,29.0,50.0,62.0,6507.0,1912.0,566.0,37.0,2.0,2.0,19.00802734375,68.7021827636612,1016.212943265401,992.0,1216.0,448.0,0.086,94,16,70,1016.2,2.0,4.0,5.0,,
2022-10-26 16:42:00,52.392536666999995,13.036638332999999,40.9,29.29833698272705,31.2153434753418,31.50609493255615,202.303825378418,233.13397216796875,233.79215240478518,233.8711395263672,233.9082794189453,8.0,9.0,10.0,1212.0,386.0,34.0,4.0,1.0,1.0,23.5,40.0,47.5,4738.5,1393.0,389.5,24.0,1.0,1.0,19.012421875,68.47948754192583,1016.2260573338564,1024.0,1184.0,480.0,0.086,94,16,70,1016.2,2.0,4.0,5.0,,
2022-10-26 16:42:06,52.392534999999995,13.036653333,40.3,22.653520584106445,24.20762825012207,24.52195835113525,156.23326873779297,180.17700958251956,180.7582015991211,180.8285140991211,180.8584671020508,7.0,8.0,9.0,1209.0,385.0,32.0,4.0,1.0,1.0,14.5,25.0,27.0,2580.0,755.0,212.5,16.0,2.0,0.0,19.0173046875,68.393641247323,1016.2290731074477,928.0,1088.0,416.0,0.086,94,16,70,1016.2,2.0,4.0,5.0,,
2022-10-26 16:42:10,52.392533333,13.036656667,40.5,18.427230834960934,19.72848892211914,20.030366897583008,126.98884201049805,146.52019500732422,147.03026580810547,147.09221649169922,147.1172332763672,7.5,8.5,9.5,1206.0,384.0,30.0,4.0,1.0,1.0,12.5,19.5,23.0,2053.5,605.5,161.0,16.0,4.0,2.0,19.025996093750006,68.28511355670962,1016.2215918755693,960.0,1184.0,448.0,0.086,94,16,70,1016.2,2.0,4.0,5.0,,
2022-10-26 16:42:14,52.392533333,13.036656667,41.5,14.899892807006836,15.976336479187012,16.250652313232422,102.61703491210938,118.44544219970705,118.88228225708008,118.93549346923828,118.95614242553712,7.0,9.0,9.0,1146.0,368.0,27.0,3.0,1.0,1.0,10.0,14.5,18.5,1770.0,518.0,140.0,9.0,5.0,2.0,19.03615234375,68.21679183010954,1016.2265892063383,832.0,1120.0,416.0,0.086,94,16,70,1016.2,2.0,4.0,5.0,,
2022-10-26 16:42:18,52.392533333,13.036656667,41.5,11.352021217346193,12.19495439529419,12.43235969543457,78.12271118164062,90.21573638916016,90.5714988708496,90.61497116088869,90.63109970092772,7.0,8.5,9.0,1131.0,363.0,27.0,3.0,1.0,1.0,9.5,13.5,17.5,1552.5,448.5,117.5,10.0,6.0,2.0,19.0454296875,68.09846358972052,1016.2267826712832,896.0,1024.0,480.0,0.086,94,16,70,1016.2,2.0,4.0,5.0,,
2022-10-26 16:42:21,52.392533333,13.036656667,41.5,9.654226779937744,10.386719226837158,10.608081340789797,66.39781951904297,76.70523452758789,77.02350616455078,77.06248092651367,77.07646942138672,7.0,8.0,9.0,1116.0,358.0,27.0,3.0,1.0,1.0,7.5,10.5,13.5,1312.5,384.0,79.0,6.0,5.0,2.0,19.05421875,67.99009743562502,1016.2219772333374,896.0,1088.0,448.0,0.086,94,16,70,1016.2,2.0,4.0,5.0,,
2022-10-26 16:42:21,52.392533333,13.036656667,41.5,8.180081367492676,8.816859722137451,9.024511337280273,56.21696472167969,64.9742488861084,65.26014518737793,65.29524421691896,65.30737495422363,6.0,7.0,8.0,1143.0,366.0,27.0,3.0,1.0,1.0,7.0,9.0,11.0,1186.5,350.5,62.5,4.0,4.0,2.0,19.06115234375,67.9944818553709,1016.2334048387257,864.0,992.0,448.0,0.086,94,16,70,1016.2,2.0,4.0,5.0,,
2022-10-26 16:42:28,52.392533333,13.036656667,41.5,7.404926538467407,7.991689920425415,8.192527055740356,50.86270523071289,58.80535125732422,59.07453918457031,59.10763740539551,59.11879920959473,5.5,6.5,7.5,1083.0,348.0,27.0,2.5,1.0,1.0,6.5,9.0,10.0,1179.0,348.5,55.5,4.0,2.0,0.0,19.05041015625,68.07595104878872,1016.2408625550416,800.0,1056.0,448.0,0.086,94,16,70,1016.2,2.0,4.0,5.0,,
2022-10-26 16:42:31,52.392526667,13.036665,42.4,6.372386455535889,6.887463092803955,7.072912931442262,43.74387550354004,50.59391784667969,50.83576011657715,50.86554336547852,50.87532424926758,5.0,6.0,7.0,1023.0,330.0,27.0,2.0,1.0,1.0,5.5,7.5,8.0,1075.5,311.5,38.0,3.0,1.0,0.0,19.0329296875,68.18967888686309,1016.2430845562544,992.0,1120.0,512.0,0.086,94,16,70,1016.2,2.0,4.0,5.0,,
2022-10-26 16:42:35,52.392525,13.036668333,41.4,5.798999786376952,6.273739576339723,6.449986457824707,39.79205513000488,46.03457641601562,46.260704040527344,46.2885799407959,46.29758644104004,5.5,6.5,7.5,999.0,315.0,25.0,1.0,1.0,1.0,5.0,6.0,6.0,1026.0,289.0,23.0,2.0,0.0,0.0,19.0180859375,68.30054093142283,1016.2462962078316,864.0,1024.0,448.0,0.086,94,16,70,1016.2,2.0,4.0,5.0,,
2022-10-26 16:42:39,52.392523333,13.036669999999999,39.9,5.163056135177612,5.590641498565674,5.753671646118164,35.41542434692383,40.98059272766113,41.18685531616211,41.21230506896973,41.22040939331055,5.5,6.5,7.5,961.5,302.5,25.0,1.0,1.0,1.0,5.0,6.0,6.0,1036.5,282.0,21.5,2.0,0.0,0.0,19.00587890625,68.39854376574678,1016.2421111383162,800.0,864.0,416.0,0.086,94,16,70,1016.2,2.0,4.0,5.0,,
2022-10-26 16:42:39,52.392523333,13.036669999999999,39.9,4.7983953952789316,5.198716878890991,5.353888750076294,32.9063777923584,38.08280754089356,38.2774543762207,38.30148506164551,38.30906867980957,4.0,5.0,6.0,924.0,290.0,25.0,1.0,1.0,1.0,4.5,5.5,5.5,955.5,255.0,14.5,2.0,0.0,0.0,18.9926953125,68.40650714275661,1016.2447025449719,928.0,1056.0,512.0,0.086,94,16,70,1016.2,2.0,4.0,5.0,,
2022-10-26 16:42:39,52.392523333,13.036669999999999,39.9,4.4059765338897705,4.776873588562012,4.923482894897461,30.20656776428223,34.964540481567376,35.146602630615234,35.16909408569336,35.176111221313484,4.0,4.0,4.0,843.0,267.0,21.0,0.0,0.0,0.0,4.0,4.0,4.0,855.0,222.0,8.0,0.0,0.0,0.0,18.9665234375,68.54246589258122,1016.2476889115927,800.0,1088.0,480.0,0.086,94,16,70,1016.2,2.0,4.0,5.0,,
2022-10-26 16:42:49,52.392520000000005,13.036673333,38.4,4.22748613357544,4.584879159927368,4.727445363998413,28.97887897491455,33.546342849731445,33.72256088256836,33.744333267211914,33.751096725463874,5.0,5.0,5.0,837.0,265.0,21.0,0.0,0.0,0.0,4.0,4.0,4.5,807.0,210.5,8.0,1.0,1.0,0.0,18.93263671875,69.05091919971586,1016.2463405990995,896.0,1024.0,448.0,0.086,94,16,70,1016.2,2.0,4.0,5.0,,
2022-10-26 16:42:53,52.392518333000005,13.036673333,38.9,4.0699806213378915,4.413370370864868,4.549767971038818,27.90099906921387,32.29727935791016,32.46623992919922,32.48711395263672,32.49361038208008,4.5,4.5,4.5,831.0,263.0,21.0,0.0,0.0,0.0,4.0,4.0,5.5,811.5,220.5,13.0,2.0,2.0,0.0,18.9020703125,69.10295881816873,1016.2580078713755,896.0,1056.0,448.0,0.086,94,16,70,1016.2,2.0,4.0,5.0,,
2022-10-26 16:42:56,52.392513333000004,13.036675,36.1,3.9743189811706543,4.308646440505981,4.440603256225586,27.2478084564209,31.53929901123047,31.70328998565674,31.72354793548584,31.72987461090088,4.0,4.0,4.0,819.0,259.0,23.0,0.0,0.0,0.0,3.5,3.5,4.5,723.0,200.0,16.5,2.0,2.0,0.0,18.86671875,69.2445336012741,1016.2500422894248,864.0,1120.0,416.0,0.086,94,16,70,1016.2,2.0,4.0,5.0,,
2022-10-26 16:43:00,52.392506667,13.036675,37.6,3.836416482925415,4.15871524810791,4.285560369491576,26.30347442626953,30.44542694091797,30.603297233581547,30.622796058654785,30.62889671325684,4.0,4.5,4.5,799.5,253.5,24.0,0.0,0.0,0.0,4.0,4.0,5.0,784.5,215.5,20.0,2.0,2.0,0.0,18.831953125,69.35950186423004,1016.2505839726716,864.0,960.0,416.0,0.076,95,16,69,1016.2,2.0,3.0,5.0,,
2022-10-26 16:43:00,52.392506667,13.036675,37.6,3.7448405027389526,4.0578362941741934,4.1796491146087655,25.67982292175293,29.72053813934326,29.87302017211914,29.891845703125,29.897774696350094,4.0,5.0,5.0,780.0,248.0,25.0,0.0,0.0,0.0,3.5,3.5,4.5,813.0,219.0,20.0,2.0,2.0,0.0,18.8157421875,69.3670186286205,1016.2624270520613,736.0,896.0,352.0,0.076,95,16,69,1016.2,2.0,3.0,5.0,,
2022-10-26 16:43:00,52.392506667,13.036675,37.6,3.5956423282623287,3.895074725151062,4.010672330856323,24.65958023071289,28.537697792053226,28.68300724029541,28.70094394683838,28.70661544799805,3.0,4.0,4.0,798.0,254.0,30.0,0.0,0.0,0.0,4.0,5.0,5.5,865.5,230.0,28.0,3.0,1.0,0.0,18.8055859375,69.24175008249102,1016.2607744701145,864.0,1024.0,480.0,0.076,95,16,69,1016.2,2.0,3.0,5.0,,
2022-10-26 16:43:10,52.392463333,13.036716667,43.4,3.5194122791290283,3.812371015548706,3.9253628253936768,24.13710975646973,27.932823181152344,28.074925422668453,28.092464447021484,28.09801483154297,3.0,4.0,4.0,801.0,256.0,32.0,0.0,0.0,0.0,4.0,5.0,5.0,916.5,234.5,32.0,2.0,0.0,0.0,18.76408203125,69.16513934102143,1016.2644486258682,896.0,960.0,480.0,0.076,95,16,69,1016.2,2.0,3.0,5.0,,
2022-10-26 16:43:14,52.392453333,13.036766667,41.5,3.4086902141571045,3.6926076412200928,3.802262306213379,23.37728786468506,27.053844451904297,27.19165325164795,27.20866298675537,27.214041709899906,3.0,4.0,4.0,804.0,258.0,34.0,0.0,0.0,0.0,4.0,5.5,5.5,955.5,248.0,33.5,2.0,0.0,0.0,18.731171875,69.18678399010582,1016.27725481316,672.0,928.0,416.0,0.076,95,16,69,1016.2,2.0,3.0,5.0,,
2022-10-26 16:43:17,52.392446667,13.036805000000001,40.9,3.2985706329345703,3.5728074312210083,3.6782867908477774,22.62340545654297,26.180438995361328,26.31328392028809,26.329679489135746,26.334875106811523,3.5,4.5,4.5,753.0,242.0,40.0,0.0,0.0,0.0,4.0,5.0,5.0,879.0,228.0,31.0,2.0,0.0,0.0,18.72130859375,69.18859860472898,1016.2760816585347,768.0,1024.0,480.0,0.076,95,16,69,1016.2,2.0,3.0,5.0,,
2022-10-26 16:43:21,52.392431667,13.036853333,37.1,3.0975158214569087,3.354414939880371,3.4526891708374023,21.246091842651367,24.58540153503418,24.70952320098877,24.72484016418457,24.72970771789551,4.5,5.5,5.5,798.0,256.0,42.0,0.0,0.0,0.0,3.5,4.5,4.5,889.5,226.0,33.5,2.0,0.0,0.0,18.71955078125,69.12485080134314,1016.2815664498404,800.0,992.0,480.0,0.076,95,16,69,1016.2,2.0,3.0,5.0,,
2022-10-26 16:43:21,52.392431667,13.036853333,37.1,2.964776039123535,3.2097926139831543,3.3027679920196533,20.337909698486328,23.5328311920166,23.65075492858887,23.665303230285645,23.66994667053223,4.5,5.5,5.5,843.0,270.0,44.0,0.0,0.0,0.0,3.5,4.5,4.5,904.5,236.0,32.0,1.0,0.0,0.0,18.71583984375,69.09755539581239,1016.2754475952445,736.0,864.0,384.0,0.076,95,16,69,1016.2,2.0,3.0,5.0,,
2022-10-26 16:43:28,52.392416667,13.036941667,38.0,2.890058994293213,3.12753689289093,3.2164711952209477,19.82893657684326,22.94133186340332,23.05491352081299,23.06891822814941,23.0734224319458,4.0,6.0,6.0,879.0,287.0,52.0,1.0,1.0,1.0,4.5,6.0,6.0,877.5,244.5,30.5,2.0,0.0,0.0,18.71427734375,69.0539002534027,1016.2636498113233,800.0,1024.0,448.0,0.076,95,16,69,1016.2,2.0,3.0,5.0,,
2022-10-26 16:43:31,52.39241,13.03698,34.7,2.905743956565857,3.1429758071899414,3.230480194091797,19.940574645996094,23.06760406494141,23.18025684356689,23.19414138793945,23.19864177703857,4.0,6.0,6.5,904.5,295.5,54.0,1.5,1.0,1.0,4.0,5.5,5.5,936.0,260.5,37.0,4.0,0.0,0.0,18.717109375,69.06101485681907,1016.2616129123455,928.0,1184.0,480.0,0.076,95,16,69,1016.2,2.0,3.0,5.0,,
2022-10-26 16:43:35,52.392388333,13.037023332999999,32.5,2.9067295789718632,3.1423054933547974,3.2276768684387207,19.95189094543457,23.07742214202881,23.18836879730225,23.20203399658203,23.206506729125977,4.5,6.5,7.5,930.0,304.0,56.0,2.0,1.0,1.0,5.0,6.5,6.5,981.0,265.0,37.0,4.0,0.0,0.0,18.72755859375,69.06596771495762,1016.277165435374,864.0,992.0,512.0,0.076,95,16,69,1016.2,2.0,3.0,5.0,,
2022-10-26 16:43:39,52.392316666999996,13.037093333,31.4,2.8942573070526123,3.127408504486084,3.2106531858444214,19.86998748779297,22.980024337768555,23.08907222747803,23.102498054504395,23.1069278717041,6.0,7.0,8.0,930.0,304.0,52.0,2.0,1.0,1.0,5.5,7.0,8.0,1002.0,278.0,37.5,6.0,2.0,0.0,18.737910156250006,69.00412443223749,1016.2724367775079,896.0,1056.0,416.0,0.076,95,16,69,1016.2,2.0,3.0,5.0,,
2022-10-26 16:43:42,52.392223333000004,13.03717,33.1,3.033161163330078,3.277348756790161,3.3643978834152217,20.82400703430176,24.08307933807373,24.197205543518066,24.211256980896,24.21589469909668,5.0,6.5,7.5,918.0,300.0,53.0,2.5,1.0,1.0,5.0,6.0,7.0,954.0,265.0,31.0,5.0,2.0,0.0,18.74416015625,68.92164094443011,1016.2592681524071,992.0,1088.0,480.0,0.076,95,16,69,1016.2,2.0,3.0,5.0,,
2022-10-26 16:43:42,52.392223333000004,13.03717,33.1,3.20933210849762,3.4682263135910034,3.5609835386276245,22.03212833404541,25.48126316070557,25.60254573822021,25.61747932434082,25.62239646911621,4.0,6.0,7.0,906.0,296.0,54.0,3.0,1.0,1.0,4.5,5.5,6.5,886.5,237.0,24.5,4.0,2.0,0.0,18.749921875,68.77907139859279,1016.2511625518307,864.0,1184.0,480.0,0.076,95,16,69,1016.2,2.0,3.0,5.0,,
2022-10-26 16:43:49,52.392136666999995,13.037196667,33.2,3.3292009830474854,3.597532033920288,3.693463206291199,22.85563945770264,26.433258056640625,26.55883598327637,26.57429790496826,26.57939529418945,4.0,6.0,7.0,885.0,289.0,52.0,4.0,1.0,1.0,3.0,4.0,5.0,763.5,199.0,10.0,2.0,2.0,0.0,18.7536328125,68.47968630657003,1016.2455439668257,896.0,864.0,448.0,0.076,95,16,69,1016.2,2.0,3.0,5.0,,
2022-10-26 16:43:52,52.392133333000004,13.0372,35.6,3.3443045616149902,3.6124079227447514,3.7069748640060425,22.96311378479004,26.55483722686768,26.679530143737797,26.69487762451172,26.69997215270996,4.5,6.5,7.5,907.5,296.5,54.0,4.0,1.0,1.0,3.0,3.5,4.5,745.5,196.5,9.0,2.0,2.0,0.0,18.75138671875,68.22637359608157,1016.2443557603259,864.0,1152.0,448.0,0.076,95,16,69,1016.2,2.0,3.0,5.0,,
2022-10-26 16:43:56,52.392131667,13.037201667,35.4,3.2317235469818115,3.4892855882644653,3.5787816047668457,22.19407081604004,25.66264915466309,25.7816219329834,25.79625701904297,25.801154136657715,5.0,7.0,8.0,930.0,304.0,56.0,4.0,1.0,1.0,3.0,3.5,3.5,723.0,191.0,15.0,0.0,0.0,0.0,18.732734375,68.16697615895491,1016.2429444531888,992.0,1152.0,416.0,0.076,95,16,69,1016.2,2.0,3.0,5.0,,
2022-10-26 16:44:00,52.392125,13.037208332999999,35.9,3.11479127407074,3.361246347427368,3.445276618003845,21.395715713500977,24.73616123199463,24.84903049468994,24.86290645599365,24.867595672607425,5.0,6.0,8.0,903.0,295.0,54.0,4.0,1.0,1.0,2.0,2.5,2.5,642.0,164.0,15.0,0.0,0.0,0.0,18.71515625,68.23746808703649,1016.234919717662,896.0,928.0,480.0,0.096,94,16,70,1016.2,2.0,4.0,5.0,,
2022-10-26 16:44:03,52.392123333,13.037208332999999,36.1,3.149537444114685,3.3966752290725712,3.479069232940674,21.639803886413574,25.01446914672852,25.12652015686035,25.14028549194336,25.14498996734619,4.5,6.0,7.5,886.5,289.5,52.0,4.0,1.0,1.0,2.0,2.5,2.5,642.0,168.0,17.0,0.0,0.0,0.0,18.6848828125,68.60243947075672,1016.2378160065492,928.0,1056.0,480.0,0.096,94,16,70,1016.2,2.0,4.0,5.0,,
2022-10-26 16:44:03,52.392123333,13.037208332999999,36.1,3.1615022420883183,3.406812071800232,3.486073732376098,21.72926521301269,25.1126766204834,25.222370147705078,25.23583221435547,25.24050712585449,4.0,6.0,7.0,870.0,284.0,50.0,4.0,1.0,1.0,3.0,3.0,3.0,630.0,167.5,22.0,0.0,0.0,0.0,18.64484375,69.07324454401774,1016.2455604630693,992.0,1120.0,480.0,0.096,94,16,70,1016.2,2.0,4.0,5.0,,
2022-10-26 16:44:10,52.392121667,13.037208332999999,36.1,3.1788301467895512,3.4234187602996826,3.500542402267456,21.853774070739746,25.252689361572266,25.36090564727783,25.37417697906494,25.37884330749512,4.0,7.0,8.0,858.0,282.0,50.0,7.0,1.0,1.0,3.0,3.5,3.5,634.5,173.5,26.0,0.0,0.0,0.0,18.59640625,69.29629379173872,1016.2528580875536,896.0,1024.0,448.0,0.096,94,16,70,1016.2,2.0,4.0,5.0,,
2022-10-26 16:44:14,52.392113333000005,13.037205,30.6,3.1487828493118286,3.3887852430343632,3.462347388267517,21.65316867828369,25.0166072845459,25.121512413024906,25.134366989135746,25.13894748687744,3.5,6.5,7.5,810.0,267.0,46.5,7.0,1.0,1.0,3.0,3.0,3.0,597.0,165.5,16.0,0.0,0.0,0.0,18.5425,69.50198811903505,1016.2628585253489,928.0,992.0,480.0,0.096,94,16,70,1016.2,2.0,4.0,5.0,,
2022-10-26 16:44:17,52.392109999999995,13.037203332999999,27.7,3.161984205245972,3.401454210281372,3.4734095335006714,21.747981071472168,25.123252868652344,25.22705364227295,25.23976230621338,25.244336128234863,3.0,6.0,7.0,762.0,252.0,43.0,7.0,1.0,1.0,3.5,4.0,4.0,685.5,193.0,16.0,0.0,0.0,0.0,18.48966796875,69.73147185958886,1016.2712640601114,864.0,1024.0,448.0,0.096,94,16,70,1016.2,2.0,4.0,5.0,,
2022-10-26 16:44:21,52.392095,13.037201667,28.1,3.1804074048995967,3.419366240501404,3.4893654584884644,21.87969207763672,25.27182483673096,25.37431335449219,25.386850357055664,25.39141845703125,4.0,7.0,7.0,750.0,248.0,43.0,7.0,0.0,0.0,3.5,3.5,3.5,711.0,192.5,15.5,0.0,0.0,0.0,18.43986328125,69.88454143287663,1016.2695660444272,832.0,1056.0,448.0,0.096,94,16,70,1016.2,2.0,4.0,5.0,,
2022-10-26 16:44:21,52.392095,13.037201667,28.1,3.1324011087417603,3.3662362098693848,3.4332915544509888,21.553406715393066,24.892104148864746,24.9915189743042,25.00367259979248,25.00814437866211,3.5,6.0,6.5,741.0,245.0,43.0,6.5,0.0,0.0,4.0,4.0,4.0,819.0,221.5,14.0,0.0,0.0,0.0,18.39435546875,70.08870296304914,1016.2632141778917,864.0,928.0,448.0,0.096,94,16,70,1016.2,2.0,4.0,5.0,,
2022-10-26 16:44:27,52.392053333,13.037211667000001,29.2,3.0302733182907104,3.2551169395446777,3.3182822465896606,20.85427188873291,24.082100868225094,24.176899909973145,24.18848323822021,24.192785263061523,3.0,5.0,6.0,732.0,242.0,43.0,6.0,0.0,0.0,4.0,4.5,4.5,829.5,232.0,15.0,0.0,0.0,0.0,18.34865234375,70.38031914803373,1016.2515049831044,864.0,864.0,416.0,0.096,94,16,70,1016.2,2.0,4.0,5.0,,
2022-10-26 16:44:31,52.392026666999996,13.037218333,31.1,3.0688800811767583,3.2954472303390503,3.357995748519897,21.12295246124268,24.390226364135746,24.48508453369141,24.49666786193848,24.50100517272949,3.0,5.0,5.0,705.0,233.0,42.0,6.0,0.0,0.0,4.0,5.0,5.0,870.0,251.0,18.0,0.0,0.0,0.0,18.31291015625,70.59650927143362,1016.252868479438,864.0,1056.0,384.0,0.096,94,16,70,1016.2,2.0,4.0,5.0,,
2022-10-26 16:44:35,52.391995,13.03722,24.9,3.0286959409713745,3.2503817081451416,3.3097262382507324,20.85138511657715,24.07305812835693,24.164748191833496,24.175933837890625,24.1801815032959,3.0,5.0,5.0,708.0,234.0,42.0,5.5,0.0,0.0,4.0,4.5,4.5,795.0,231.5,20.5,0.0,0.0,0.0,18.2844921875,70.72321603022701,1016.254580108112,864.0,1024.0,480.0,0.096,94,16,70,1016.2,2.0,4.0,5.0,,
2022-10-26 16:44:38,52.391968333,13.037223333,20.5,2.986955761909485,3.20381498336792,3.260136723518372,20.568663597106934,23.743327140808105,23.831974029541016,23.842778205871586,23.8469352722168,4.0,6.0,6.0,711.0,235.0,42.0,5.0,0.0,0.0,3.5,4.0,4.0,726.0,220.0,22.5,0.0,0.0,0.0,18.26115234375,70.7935797502399,1016.263827679516,800.0,896.0,384.0,0.096,94,16,70,1016.2,2.0,4.0,5.0,,
2022-10-26 16:44:42,52.391905,13.037241667,17.9,3.0031355619430538,3.2200926542282104,3.275377869606018,20.682902336120605,23.873178482055664,23.96122074127197,23.97194576263428,23.976107597351074,4.0,7.0,7.0,750.0,248.0,48.0,4.0,0.0,0.0,3.5,4.0,4.0,702.0,212.0,22.0,0.0,0.0,0.0,18.23859375,70.8708178430313,1016.2601203151364,832.0,1024.0,512.0,0.096,94,16,70,1016.2,2.0,4.0,5.0,,
2022-10-26 16:44:42,52.391905,13.037241667,17.9,2.9901598691940308,3.205459952354431,3.2596089839935303,20.595422744750977,23.770854949951172,23.85779285430908,23.86837863922119,23.872509956359863,4.0,6.5,6.5,747.0,245.0,46.0,4.0,0.0,0.0,3.0,4.0,5.0,654.0,192.5,22.5,2.0,2.0,0.0,18.208515625,70.97047463314681,1016.2507065359346,832.0,1024.0,448.0,0.096,94,16,70,1016.2,2.0,4.0,5.0,,
2022-10-26 16:44:48,52.391865,13.03725,28.4,2.9225063323974614,3.1319059133529663,3.18354880809784,20.132142066955566,23.23421192169189,23.31814956665039,23.328362464904785,23.33238220214844,4.0,6.0,6.0,744.0,242.0,44.0,4.0,0.0,0.0,3.0,3.0,5.0,634.5,180.0,25.0,2.0,2.0,0.0,18.1716015625,71.16344644687496,1016.2492762587073,896.0,992.0,416.0,0.096,94,16,70,1016.2,2.0,4.0,5.0,,
2022-10-26 16:44:52,52.391823333000005,13.03725,33.3,2.7959083318710327,2.995121479034424,3.043137788772583,19.262975692749023,22.22902774810791,22.30820655822754,22.31783390045166,22.3216609954834,5.0,7.0,7.0,789.0,255.0,44.0,4.0,0.0,0.0,3.0,4.0,5.0,690.0,190.0,20.5,2.0,2.0,0.0,18.138984375,71.30666271934433,1016.2607926824808,896.0,1184.0,544.0,0.096,94,16,70,1016.2,2.0,4.0,5.0,,
2022-10-26 16:44:56,52.391816667,13.037253332999999,35.3,2.7235139608383183,2.916759848594665,2.9625251293182373,18.766322135925293,21.65438270568848,21.73069667816162,21.73997211456299,21.74368476867676,5.0,7.0,7.0,826.5,267.5,43.0,4.0,0.0,0.0,3.0,4.0,5.0,711.0,193.5,17.0,2.0,2.0,0.0,18.11076171875,71.4911500256426,1016.2636411627558,896.0,1088.0,480.0,0.096,94,16,70,1016.2,2.0,4.0,5.0,,
2022-10-26 16:45:00,52.391788333,13.037253332999999,35.6,2.665634512901306,2.8541651964187618,2.898200035095215,18.369096755981445,21.19488525390625,21.26896572113037,21.27796745300293,21.28158950805664,5.0,7.0,7.0,864.0,280.0,42.0,4.0,0.0,0.0,3.0,3.0,5.0,676.5,177.5,18.0,3.0,3.0,0.0,18.08361328125,71.60165446332151,1016.2615586255906,800.0,928.0,352.0,0.107,93,16,70,1016.3,2.0,4.0,4.0,,
2022-10-26 16:45:03,52.391763333,13.037261667000001,32.3,2.5887997150421143,2.770638942718506,2.811838746070862,17.84291934967041,20.58540439605713,20.65608692169189,20.66466426849365,20.66816234588623,5.0,6.0,6.0,876.0,282.0,36.0,1.0,0.0,0.0,3.0,3.5,5.0,715.5,185.5,15.5,2.0,2.0,0.0,18.06134765625,71.69946750817094,1016.263342715016,768.0,1152.0,480.0,0.107,93,16,70,1016.3,2.0,4.0,4.0,,
2022-10-26 16:45:03,52.391763333,13.037261667000001,32.3,2.5357264280319214,2.7124334573745728,2.7510405778884888,17.480798721313473,20.16499328613281,20.232812881469727,20.24103546142578,20.24443817138672,5.5,6.5,6.5,910.5,293.5,36.5,1.0,0.0,0.0,3.0,4.0,5.0,732.0,190.5,13.0,2.0,2.0,0.0,18.04220703125,71.51411916394403,1016.2878671117784,928.0,896.0,416.0,0.107,93,16,70,1016.3,2.0,4.0,4.0,,
2022-10-26 16:45:10,52.391726667,13.037275,34.3,2.550294041633606,2.7262887954711914,2.7629657983779907,17.585752487182614,20.28282356262207,20.349295616149906,20.35734367370605,20.36073589324951,6.0,7.0,7.0,945.0,305.0,37.0,1.0,0.0,0.0,3.0,4.0,5.0,723.0,194.0,17.0,2.0,2.0,0.0,18.04259765625,71.82153373209788,1016.2818123076843,896.0,864.0,416.0,0.107,93,16,70,1016.3,2.0,4.0,4.0,,
2022-10-26 16:45:13,52.391723333,13.037276667,38.7,2.5886095762252808,2.76540744304657,2.800342440605164,17.854785919189453,20.589667320251465,20.65528678894043,20.663219451904297,20.66662883758545,5.0,6.0,6.0,927.0,301.0,29.0,0.0,0.0,0.0,3.0,4.0,5.0,738.0,199.5,18.0,2.0,2.0,0.0,18.038691406250006,71.82429773981053,1016.2762038585181,992.0,960.0,480.0,0.107,93,16,70,1016.3,2.0,4.0,4.0,,
2022-10-26 16:45:17,52.391703333,13.03728,41.2,2.5878061056137085,2.763377547264099,2.7968430519104004,17.852314949035645,20.58462238311768,20.64904308319092,20.65682315826416,20.660210609436035,5.0,6.0,6.0,933.0,303.0,26.0,0.0,0.0,0.0,4.0,4.0,4.5,769.5,217.5,15.0,1.0,1.0,0.0,18.02384765625,71.84223745489584,1016.2718073703177,928.0,1184.0,448.0,0.107,93,16,70,1016.3,2.0,4.0,4.0,,
2022-10-26 16:45:21,52.391684999999995,13.037285,39.3,2.524418354034424,2.6941945552825928,2.72497820854187,17.4189453125,20.08212280273437,20.143461227416992,20.150859832763672,20.15413856506348,5.0,6.0,6.0,939.0,305.0,23.0,0.0,0.0,0.0,4.0,4.5,4.5,775.5,225.0,19.0,0.0,0.0,0.0,18.01251953125,71.8708740050228,1016.2656750406172,832.0,1024.0,416.0,0.107,93,16,70,1016.3,2.0,4.0,4.0,,
2022-10-26 16:45:21,52.391684999999995,13.037285,39.3,2.4060754776000977,2.566988229751587,2.595203757286072,16.604724884033207,19.141725540161133,19.19927978515625,19.20621395111084,19.20932483673096,6.0,7.0,8.0,1011.0,326.0,28.0,3.0,0.0,0.0,4.0,4.0,5.0,756.0,219.5,23.0,2.0,2.0,0.0,17.99962890625,71.88236378909906,1016.2720366737094,928.0,1088.0,448.0,0.107,93,16,70,1016.3,2.0,4.0,4.0,,
2022-10-26 16:45:21,52.391684999999995,13.037285,39.3,2.2817190885543823,2.4336727857589717,2.4596292972564697,15.748205661773682,18.15313720703125,18.20707130432129,18.2135648727417,18.21650218963623,6.0,7.0,8.0,1038.0,333.0,27.0,3.0,0.0,0.0,4.0,4.0,5.0,768.0,225.0,19.0,2.0,2.0,0.0,17.98517578125,71.93080029544264,1016.272469378786,864.0,960.0,416.0,0.107,93,16,70,1016.3,2.0,4.0,4.0,,
2022-10-26 16:45:31,52.391633333,13.037289999999999,31.7,2.227669358253479,2.375808596611023,2.400882601737976,15.375725269317627,17.723369598388672,17.77581024169922,17.78212261199951,17.78498649597168,6.0,7.0,8.0,1065.0,340.0,26.0,3.0,0.0,0.0,4.0,4.0,5.0,757.5,220.0,18.0,2.0,2.0,0.0,17.968769531249997,71.97555441929995,1016.269677944402,864.0,1024.0,512.0,0.107,93,16,70,1016.3,2.0,4.0,4.0,,
2022-10-26 16:45:35,52.39159,13.037305,32.1,2.2001268863677983,2.3461430072784424,2.3705437183380127,15.18638563156128,17.504576683044437,17.556074142456055,17.562272071838382,17.565094947814938,6.0,7.0,8.0,1083.0,346.0,20.0,3.0,0.0,0.0,4.0,5.0,6.0,792.0,227.0,32.0,2.0,2.0,0.0,17.953828125,71.99010749225329,1016.2776760694087,896.0,1120.0,416.0,0.107,93,16,70,1016.3,2.0,4.0,4.0,,
2022-10-26 16:45:38,52.391563333,13.037306667000001,33.3,2.2004047632217407,2.346116423606873,2.370118021965027,15.189149856567385,17.507157325744632,17.558338165283207,17.564494132995605,17.567312240600586,6.0,7.5,8.5,1102.5,354.5,24.0,3.0,0.0,0.0,4.0,4.5,5.5,801.0,226.5,27.0,2.0,2.0,0.0,17.94015625,72.04883800252959,1016.2768831268936,832.0,1024.0,512.0,0.107,93,16,70,1016.3,2.0,4.0,4.0,,
2022-10-26 16:45:42,52.391535,13.037315,33.6,2.2222795486450195,2.3692431449890137,2.39323890209198,15.340664386749268,17.681427001953125,17.732918739318848,17.739110946655273,17.74195384979248,6.0,8.0,9.0,1122.0,363.0,28.0,3.0,0.0,0.0,4.0,5.0,5.0,817.5,232.0,24.0,0.0,0.0,0.0,17.92619140625,72.1413772359566,1016.2781176721828,832.0,896.0,480.0,0.107,93,16,70,1016.3,2.0,4.0,4.0,,
2022-10-26 16:45:42,52.391535,13.037315,33.6,2.3172223567962646,2.4703298807144165,2.4951822757720947,15.996419429779053,18.43698787689209,18.490544319152832,18.49698257446289,18.499945640563965,6.0,8.0,9.0,1146.0,373.0,25.0,3.0,0.0,0.0,4.0,5.0,5.0,811.5,228.5,29.0,0.0,0.0,0.0,17.908222656249997,72.23670726645554,1016.2760923196228,800.0,864.0,448.0,0.107,93,16,70,1016.3,2.0,4.0,4.0,,
2022-10-26 16:45:48,52.391471667,13.037341667,36.8,2.4266949892044067,2.586907267570496,2.612774014472961,16.75247573852539,19.308155059814453,19.364110946655273,19.370838165283203,19.373937606811523,5.5,7.5,8.5,1119.0,364.0,27.0,3.0,0.0,0.0,3.0,4.0,5.0,825.0,230.0,34.0,2.0,2.0,0.0,17.889765625,72.34215752797473,1016.2774459839934,928.0,1120.0,416.0,0.107,93,16,70,1016.3,2.0,4.0,4.0,,
2022-10-26 16:45:52,52.391443333000005,13.037358333,32.5,2.462149262428284,2.6247212886810303,2.650989294052124,16.997183799743652,19.59022808074951,19.647022247314453,19.65384864807129,19.656994819641113,5.0,7.0,8.0,1092.0,355.0,29.0,3.0,0.0,0.0,4.0,4.5,6.5,792.0,225.0,26.0,3.0,3.0,0.0,17.86779296875,72.48777519143562,1016.2788560841847,864.0,1024.0,416.0,0.107,93,16,70,1016.3,2.0,4.0,4.0,,
2022-10-26 16:45:56,52.391420000000004,13.037363333,32.5,2.46587872505188,2.6285173892974854,2.6546014547348022,17.02339744567871,19.62010765075684,19.676806449890137,19.683621406555176,19.68676853179932,6.5,7.5,8.5,1128.0,367.0,31.0,3.0,0.0,0.0,4.0,4.0,6.5,745.5,213.5,25.0,4.0,4.0,0.0,17.84455078125,72.54171562061269,1016.2773313382718,928.0,992.0,384.0,0.107,93,16,70,1016.3,2.0,4.0,4.0,,
2022-10-26 16:45:59,52.3914,13.037365,32.0,2.4941409826278687,2.657967090606689,2.683507442474365,17.220284461975098,19.845759391784668,19.902426719665527,19.9092321395874,19.91240406036377,7.0,8.0,9.5,1125.0,366.0,34.0,3.5,0.5,0.5,4.0,4.0,7.0,751.5,219.5,29.0,4.0,4.0,0.0,17.81876953125,72.58509787223406,1016.285007695459,832.0,960.0,448.0,0.107,93,16,70,1016.3,2.0,4.0,4.0,,
2022-10-26 16:46:03,52.391378333,13.037371667,31.5,2.6724565029144287,2.8470922708511357,2.873334288597107,18.45379066467285,21.26564216613769,21.32545280456543,21.332629203796387,21.336012840271,7.0,8.0,10.0,1122.0,365.0,37.0,4.0,1.0,1.0,4.0,4.0,7.0,763.5,226.0,26.0,4.0,4.0,0.0,17.7971875,72.64272209266962,1016.2795212745178,896.0,1216.0,512.0,0.12,92,16,70,1016.2,2.0,4.0,5.0,,
2022-10-26 16:46:03,52.391378333,13.037371667,31.5,2.8458977937698364,3.0307720899581914,3.0573532581329346,19.65430450439453,22.647029876708984,22.70962333679199,22.71712398529053,22.720706939697266,7.0,8.0,10.0,1146.0,371.0,39.0,4.0,1.0,1.0,4.0,4.5,5.5,804.0,235.5,23.0,2.0,2.0,0.0,17.7883984375,72.73292005302105,1016.2825931550498,896.0,1024.0,352.0,0.12,92,16,70,1016.2,2.0,4.0,5.0,,
2022-10-26 16:46:10,52.391329999999996,13.037383333,33.3,2.917078137397766,3.105448365211487,3.1312898397445683,20.14884853363037,23.21476554870605,23.27778720855713,23.285330772399906,23.28898525238037,6.0,7.0,9.0,1167.0,378.0,39.0,4.0,1.0,1.0,4.0,5.0,5.5,832.5,244.0,20.0,1.0,1.0,0.0,17.785078125,72.82402634316206,1016.282972243118,832.0,960.0,384.0,0.12,92,16,70,1016.2,2.0,4.0,5.0,,
2022-10-26 16:46:13,52.391304999999996,13.037385,36.0,2.8964662551879883,3.0822229385375977,3.106284260749817,20.00983715057373,23.052204132080078,23.11349105834961,23.12081718444824,23.124422073364254,6.5,7.5,9.5,1188.0,385.0,39.0,4.0,1.0,1.0,4.0,5.0,6.0,858.0,247.0,20.0,2.0,2.0,0.0,17.781171875,72.91507262699069,1016.2773615795164,928.0,1152.0,480.0,0.12,92,16,70,1016.2,2.0,4.0,5.0,,
2022-10-26 16:46:17,52.391271667,13.037386667,37.3,2.9309844970703125,3.1173540353775024,3.1397078037261963,20.252500534057614,23.32876396179199,23.389172554016113,23.39637851715088,23.399999618530273,7.0,8.0,10.0,1155.0,375.0,41.0,4.0,1.0,1.0,4.0,5.0,6.0,889.5,254.5,17.0,2.0,2.0,0.0,17.77375,72.97502513294295,1016.2759928679865,960.0,1216.0,448.0,0.12,92,16,70,1016.2,2.0,4.0,5.0,,
2022-10-26 16:46:21,52.391245,13.037393332999999,37.8,2.9697498083114624,3.1568325757980347,3.1773006916046143,20.52495002746582,23.639323234558105,23.698768615722656,23.70584583282471,23.709485054016113,6.5,8.0,9.5,1155.0,376.0,47.0,4.0,1.0,1.0,5.0,6.0,7.0,952.5,267.5,19.0,2.0,2.0,0.0,17.764765625,73.0143589337964,1016.2745560111467,832.0,992.0,480.0,0.12,92,16,70,1016.2,2.0,4.0,5.0,,
2022-10-26 16:46:24,52.391241666999996,13.037395,38.1,3.0517240762710567,3.2428056001663212,3.262388110160828,21.094557762146,24.29318046569824,24.35309410095215,24.360218048095703,24.36393547058105,6.0,8.0,9.0,1155.0,377.0,53.0,4.0,1.0,1.0,5.0,5.5,6.5,978.0,280.0,16.0,2.0,2.0,0.0,17.75294921875,73.07703696126258,1016.286859231958,832.0,1088.0,352.0,0.12,92,16,70,1016.2,2.0,4.0,5.0,,
2022-10-26 16:46:24,52.391241666999996,13.037395,38.1,3.0526790618896484,3.242992997169494,3.2615504264831543,21.103327751159668,24.30173301696777,24.360833168029785,24.36785125732422,24.37155818939209,6.0,8.0,9.0,1212.0,394.0,51.0,4.0,1.0,1.0,5.0,5.5,7.0,943.5,267.0,19.5,4.0,2.0,0.0,17.73791015625,73.18000898317862,1016.2829602141077,864.0,1088.0,256.0,0.12,92,16,70,1016.2,2.0,4.0,5.0,,
2022-10-26 16:46:31,52.391234999999995,13.0374,40.0,3.000414490699768,3.1864949464797974,3.2035216093063354,20.74457263946533,23.88678359985352,23.94389343261719,23.95066738128662,23.954291343688965,6.0,8.0,9.0,1215.0,394.0,46.0,4.5,1.0,1.0,5.0,6.0,6.5,969.0,282.5,21.0,2.0,0.0,0.0,17.71994140625,73.28596271847654,1016.2951494646954,832.0,1024.0,448.0,0.12,92,16,70,1016.2,2.0,4.0,5.0,,
2022-10-26 16:46:34,52.391221666999996,13.0374,40.9,2.9717925786972046,3.1547946929931636,3.1700347661972046,20.55010223388672,23.66041851043701,23.715670585632324,23.72221374511719,23.72578048706055,6.0,8.0,9.0,1218.0,394.0,41.0,5.0,1.0,1.0,5.0,6.0,7.0,997.5,286.5,18.0,4.0,0.0,0.0,17.696796875,73.41836087490367,1016.2937703935602,736.0,960.0,384.0,0.12,92,16,70,1016.2,2.0,4.0,5.0,,
2022-10-26 16:46:38,52.391198333,13.037401667000001,41.6,3.03505539894104,3.220691680908203,3.234684705734253,20.99087142944336,24.16554355621338,24.220705032348636,24.22722339630127,24.23084545135498,6.0,8.0,9.0,1239.0,401.0,50.0,5.0,1.0,1.0,4.0,5.0,6.5,927.0,255.0,23.0,4.0,0.0,0.0,17.6719921875,73.47906910139689,1016.3047134262047,896.0,1120.0,448.0,0.12,92,16,70,1016.2,2.0,4.0,5.0,,
2022-10-26 16:46:42,52.391188333,13.037403333,39.0,3.118557095527649,3.3078181743621826,3.3203498125076294,21.572269439697266,24.832100868225094,24.887287139892575,24.89379501342773,24.897491455078125,6.0,8.5,9.5,1263.0,407.0,49.0,5.0,1.0,1.0,4.0,5.0,6.0,876.0,239.0,24.0,4.0,0.0,0.0,17.652363281249997,73.49636056096209,1016.3108071394753,896.0,928.0,416.0,0.12,92,16,70,1016.2,2.0,4.0,5.0,,
2022-10-26 16:46:42,52.391188333,13.037403333,39.0,3.1288462877273564,3.3177398443222046,3.3290780782699585,21.646041870117188,24.915167808532715,24.969539642333984,24.97594165802002,24.97963237762451,6.0,9.0,10.0,1287.0,413.0,48.0,5.0,1.0,1.0,4.0,5.0,5.0,879.0,240.0,20.0,2.0,0.0,0.0,17.63654296875,73.62323699253922,1016.3190020323214,832.0,928.0,416.0,0.12,92,16,70,1016.2,2.0,4.0,5.0,,
2022-10-26 16:46:42,52.391188333,13.037403333,39.0,3.2240924835205083,3.417535185813904,3.427722334861756,22.30812644958496,25.67499923706055,25.72981739044189,25.73626136779785,25.74004173278809,6.0,8.0,10.0,1281.0,411.0,48.0,5.0,1.0,1.0,3.5,4.0,5.0,802.5,213.0,21.0,3.0,0.0,0.0,17.6266796875,73.81248433465896,1016.3144345990324,928.0,928.0,416.0,0.12,92,16,70,1016.2,2.0,4.0,5.0,,
2022-10-26 16:46:52,52.391091667,13.037413333,34.2,3.3349016904830933,3.5341917276382446,3.5437326431274414,23.076934814453125,26.55834579467773,26.614242553710934,26.620802879333496,26.624701499938965,7.0,9.0,10.5,1269.0,407.0,46.0,4.5,0.5,0.5,3.0,4.0,4.5,753.0,198.0,24.0,2.0,0.0,0.0,17.62375,73.91771425650795,1016.3154559541832,800.0,1056.0,416.0,0.12,92,16,70,1016.2,2.0,4.0,5.0,,
2022-10-26 16:46:56,52.39107,13.03742,34.8,3.3520467281341557,3.551405429840088,3.5598037242889404,23.19808006286621,26.69598197937012,26.75120639801025,26.75767803192139,26.761579513549805,6.5,8.5,9.5,1257.0,403.0,44.0,4.0,0.0,0.0,3.0,4.0,4.5,729.0,203.0,22.0,2.0,0.0,0.0,17.626582031250006,73.92498917204927,1016.3151102674644,800.0,896.0,384.0,0.12,92,16,70,1016.2,2.0,4.0,5.0,,
2022-10-26 16:46:59,52.391048333,13.037423333,35.8,3.3342119455337524,3.5320309400558467,3.5397876501083374,23.075910568237305,26.5544958114624,26.60894203186035,26.61531925201416,26.61919116973877,6.0,8.0,9.0,1287.0,411.0,44.0,4.0,0.0,0.0,3.5,4.0,5.0,780.0,219.5,26.5,2.0,0.0,0.0,17.62677734375,73.94548569094431,1016.3079007373956,800.0,960.0,384.0,0.12,92,16,70,1016.2,2.0,4.0,5.0,,
2022-10-26 16:47:03,52.39103,13.037428333,37.2,3.2863354682922363,3.480785965919494,3.4877732992172237,22.745944023132324,26.173800468444824,26.22693634033203,26.233153343200684,26.23696136474609,6.0,8.0,9.0,1272.0,405.0,44.0,4.5,0.0,0.0,4.0,4.5,5.0,780.0,222.0,31.5,2.0,0.0,0.0,17.62677734375,73.97277576940519,1016.3037163010573,736.0,864.0,384.0,0.124,92,16,71,1016.4,2.0,3.0,4.0,,
2022-10-26 16:47:03,52.39103,13.037428333,37.2,3.1653414964675903,3.352286458015442,3.358587384223938,21.909406661987305,25.210548400878906,25.26138019561768,25.26732444763184,25.270984649658203,6.0,8.0,9.0,1257.0,399.0,44.0,5.0,0.0,0.0,4.0,5.0,5.0,786.0,226.5,28.0,1.0,0.0,0.0,17.6364453125,73.97773957512135,1016.3096348921504,832.0,960.0,352.0,0.124,92,16,71,1016.4,2.0,3.0,4.0,,
2022-10-26 16:47:09,52.391023333,13.037433333,40.5,2.916967034339905,3.0889720916748047,3.0944397449493413,20.19095516204834,23.232667922973636,23.279237747192386,23.28468132019043,23.288049697875977,7.0,9.0,9.0,1326.0,418.0,42.0,2.0,0.0,0.0,4.0,5.0,5.0,771.0,225.5,28.5,0.0,0.0,0.0,17.6610546875,73.69870407818834,1016.3117650112821,800.0,1056.0,416.0,0.124,92,16,71,1016.4,2.0,3.0,4.0,,
2022-10-26 16:47:13,52.391018333000005,13.037436667,42.3,2.7927075624465942,2.9571903944015503,2.962183356285095,19.331353187561035,22.243206024169922,22.287596702575684,22.292781829833984,22.29600429534912,7.0,9.0,9.0,1317.0,416.0,36.0,2.0,0.0,0.0,4.0,4.5,4.5,799.5,231.0,28.5,0.0,0.0,0.0,17.69044921875,73.40034242668919,1016.3067267249843,832.0,960.0,352.0,0.124,92,16,71,1016.4,2.0,3.0,4.0,,
2022-10-26 16:47:17,52.391006667,13.037445,42.5,2.765785455703736,2.92847216129303,2.9331541061401367,19.14555072784424,22.02902317047119,22.07277202606201,22.077880859375,22.081068992614746,7.0,9.0,9.0,1308.0,414.0,30.0,2.0,0.0,0.0,4.0,4.5,4.5,757.5,224.5,26.5,0.0,0.0,0.0,17.72091796875,73.11612981958783,1016.2984354585504,800.0,960.0,352.0,0.124,92,16,71,1016.4,2.0,3.0,4.0,,
2022-10-26 16:47:20,52.390993333000004,13.037461667,43.6,2.725756049156189,2.8861411809921265,2.890820860862732,18.86831569671631,21.710132598876953,21.753302574157715,21.758344650268555,21.761487007141113,7.0,8.0,8.0,1239.0,391.0,32.0,2.0,0.0,0.0,3.5,3.5,3.5,736.5,219.0,21.0,0.0,0.0,0.0,17.75314453125,72.86648011324179,1016.299737311785,800.0,992.0,416.0,0.124,92,16,71,1016.4,2.0,3.0,4.0,,
2022-10-26 16:47:24,52.390943333,13.03749,43.6,2.622689247131348,2.7770862579345703,2.781684160232544,18.1546630859375,20.889137268066406,20.93075180053711,20.935612678527832,20.93863677978516,6.5,8.0,8.0,1222.5,385.5,33.0,1.5,0.0,0.0,4.0,5.0,5.0,807.0,233.0,31.0,0.0,0.0,0.0,17.783125,72.69476314841366,1016.2931416867772,960.0,1056.0,448.0,0.124,92,16,71,1016.4,2.0,3.0,4.0,,
2022-10-26 16:47:24,52.390943333,13.03749,43.6,2.562087655067444,2.7129015922546387,2.717373847961426,17.735210418701172,20.406476974487305,20.447114944458008,20.45186138153076,20.45481586456299,6.0,8.0,8.0,1206.0,380.0,34.0,1.0,0.0,0.0,4.0,5.0,5.0,856.5,251.0,37.5,0.0,0.0,0.0,17.818671875,72.42915626613035,1016.2873578156622,928.0,1120.0,448.0,0.124,92,16,71,1016.4,2.0,3.0,4.0,,
2022-10-26 16:47:31,52.390923333,13.037523333,41.7,2.453788161277771,2.598191618919373,2.602430939674377,16.985634803771973,19.543936729431152,19.582819938659668,19.587360382080078,19.590189933776852,6.0,8.0,8.0,1224.0,380.0,34.0,1.0,0.0,0.0,3.5,4.0,4.0,810.0,237.0,31.5,0.0,0.0,0.0,17.85275390625,72.71599401995749,1016.2933822464264,800.0,928.0,384.0,0.124,92,16,71,1016.4,2.0,3.0,4.0,,
2022-10-26 16:47:34,52.390863333,13.037588332999999,39.1,2.37921679019928,2.5190911293029785,2.52302634716034,16.469804763793945,18.95015048980713,18.98771095275879,18.99209690093994,18.994836807250977,6.5,8.5,8.5,1240.5,387.5,35.0,2.5,0.0,0.0,3.0,3.5,3.5,787.5,227.0,28.0,0.0,0.0,0.0,17.87287109375,72.74972541219122,1016.2981211177107,928.0,1024.0,416.0,0.124,92,16,71,1016.4,2.0,3.0,4.0,,
2022-10-26 16:47:38,52.390834999999996,13.03761,34.3,2.354357481002808,2.4925923347473145,2.4962645769119263,16.298186302185062,18.75235366821289,18.789342880249023,18.793660163879395,18.79636859893799,7.0,9.0,9.0,1257.0,395.0,36.0,4.0,0.0,0.0,3.5,4.5,5.5,825.0,237.0,30.0,2.0,2.0,2.0,17.88302734375,72.70043999971489,1016.2872555765373,960.0,960.0,384.0,0.124,92,16,71,1016.4,2.0,3.0,4.0,,
2022-10-26 16:47:42,52.390806667,13.037625,37.4,2.376495838165283,2.5158621072769165,2.5193592309951782,16.451882362365726,18.92888069152832,18.96604824066162,18.970382690429688,18.973114013671875,7.0,9.0,9.0,1290.0,408.0,33.0,4.0,0.0,0.0,4.0,4.0,6.0,849.0,231.5,23.0,2.0,2.0,2.0,17.894648437500006,72.80410294109018,1016.2846674971477,896.0,1120.0,512.0,0.124,92,16,71,1016.4,2.0,3.0,4.0,,
2022-10-26 16:47:45,52.3908,13.037633332999999,36.6,2.519302010536194,2.666927456855774,2.6704920530319214,17.440794944763187,20.06646728515625,20.105751991271973,20.110334396362305,20.11322784423828,7.0,9.0,9.0,1302.0,411.0,35.0,4.0,0.0,0.0,2.0,2.0,4.0,759.0,195.5,13.0,2.0,2.0,2.0,17.904902343750006,72.9925046034835,1016.2789851048835,928.0,1120.0,416.0,0.124,92,16,71,1016.4,2.0,3.0,4.0,,
2022-10-26 16:47:45,52.3908,13.037633332999999,36.6,2.626817226409912,2.780729413032532,2.784428596496582,18.18514442443848,20.92285251617432,20.96380043029785,20.96857452392578,20.97159194946289,7.0,9.0,9.0,1314.0,414.0,37.0,4.0,0.0,0.0,3.0,3.5,5.0,777.0,202.5,13.0,2.0,2.0,2.0,17.90890625,73.18007755167483,1016.278895097229,992.0,1152.0,448.0,0.124,92,16,71,1016.4,2.0,3.0,4.0,,
2022-10-26 16:47:52,52.390791666999995,13.037638333,32.7,2.580724358558655,2.73196017742157,2.7356252670288086,17.865985870361328,20.555688858032227,20.595942497253414,20.6006383895874,20.603602409362797,6.0,8.0,8.0,1290.0,410.0,35.0,4.0,0.0,0.0,3.0,3.0,4.5,714.0,176.5,13.0,2.0,2.0,2.0,17.919453124999997,73.39607908902498,1016.277044384479,832.0,1088.0,448.0,0.124,92,16,71,1016.4,2.0,3.0,4.0,,
2022-10-26 16:47:55,52.39075,13.037671667,30.4,2.4413026571273804,2.58437716960907,2.587855577468872,16.900765419006348,19.44517421722412,19.483262062072754,19.487703323364254,19.49050807952881,6.5,8.0,8.0,1305.0,415.0,38.0,3.5,0.0,0.0,2.0,2.5,4.0,679.5,156.5,11.0,2.0,2.0,2.0,17.937421875,73.48745921875712,1016.281580706069,832.0,928.0,448.0,0.124,92,16,71,1016.4,2.0,3.0,4.0,,
2022-10-26 16:47:59,52.390723333000004,13.037686667000001,32.6,2.3196642398834233,2.455668807029724,2.4590463638305664,16.058526039123535,18.476245880126953,18.512495040893555,18.5167236328125,18.51939010620117,8.0,9.0,9.0,1320.0,420.0,41.0,3.0,0.0,0.0,3.0,3.0,4.0,616.5,148.5,10.0,2.0,2.0,2.0,17.9583203125,73.51464232330228,1016.2783909296713,864.0,992.0,480.0,0.124,92,16,71,1016.4,2.0,3.0,4.0,,
2022-10-26 16:48:03,52.39069,13.037685,30.1,2.378785014152527,2.51845920085907,2.52217710018158,16.467273712158207,18.94691276550293,18.98429107666016,18.9886531829834,18.991389274597168,7.0,9.0,9.0,1245.0,401.0,43.0,3.0,0.0,0.0,3.0,3.0,4.5,639.0,157.5,12.0,2.0,2.0,2.0,17.9848828125,73.51549235774237,1016.2795219981796,928.0,992.0,480.0,0.10400000000000001,93,16,70,1016.3,2.0,3.0,5.0,,
2022-10-26 16:48:03,52.39069,13.037685,30.1,2.4637900590896606,2.608753561973572,2.6129746437072754,17.054947853088382,19.62363338470459,19.662646293640137,19.66720199584961,19.670042037963867,7.0,9.0,9.0,1242.0,398.0,43.0,3.0,0.0,0.0,2.0,3.0,4.0,600.0,147.5,11.0,2.0,2.0,2.0,18.01134765625,73.54016823825162,1016.2721150092018,960.0,1120.0,352.0,0.10400000000000001,93,16,70,1016.3,2.0,3.0,5.0,,
2022-10-26 16:48:03,52.39069,13.037685,30.1,2.3980518579483032,2.5393638610839844,2.543742060661316,16.599321365356445,19.09979057312012,19.137980461120605,19.14244270324707,19.1452112197876,7.0,9.0,9.0,1239.0,395.0,43.0,3.0,0.0,0.0,2.5,3.0,4.5,663.0,173.0,14.0,2.0,2.0,2.0,18.03869140625,73.42878606880606,1016.274528955,960.0,1120.0,480.0,0.10400000000000001,93,16,70,1016.3,2.0,3.0,5.0,,
2022-10-26 16:48:13,52.390605,13.037701667,33.8,2.2955957651138306,2.4310531616210938,2.4354714155197144,15.889642238616945,18.28354835510254,18.320289611816406,18.3245849609375,18.327238082885746,7.0,9.0,9.0,1278.0,409.0,43.0,3.0,0.0,0.0,3.0,3.5,3.5,661.5,188.0,15.0,0.0,0.0,0.0,18.0641796875,73.13686815148236,1016.2881147537244,832.0,1024.0,448.0,0.10400000000000001,93,16,70,1016.3,2.0,3.0,5.0,,
2022-10-26 16:48:17,52.39058,13.037701667,32.9,2.2607468366622925,2.3944413661956787,2.39915931224823,15.64765453338623,18.005651473999023,18.042131423950195,18.046399116516113,18.04901599884033,7.0,9.0,9.0,1281.0,410.0,43.0,3.0,0.0,0.0,4.0,4.0,4.0,721.5,215.5,15.0,0.0,0.0,0.0,18.09103515625,72.95422643124178,1016.292229830952,928.0,928.0,448.0,0.10400000000000001,93,16,70,1016.3,2.0,3.0,5.0,,
2022-10-26 16:48:20,52.390556667,13.037705,35.9,2.235491752624512,2.367843985557556,2.372697353363037,15.472456455230713,17.804333686828613,17.840559005737305,17.84479808807373,17.847389221191406,7.0,9.0,9.0,1284.0,411.0,43.0,3.0,0.0,0.0,4.0,4.5,4.5,730.5,223.0,18.0,0.0,0.0,0.0,18.121210937500006,72.85374390092059,1016.2967955233876,864.0,1024.0,480.0,0.10400000000000001,93,16,70,1016.3,2.0,3.0,5.0,,
2022-10-26 16:48:24,52.390535,13.037705,35.3,2.1817694902420044,2.3112062215805054,2.3162726163864136,15.099936485290527,17.376165390014652,17.411786079406742,17.4159574508667,17.41849136352539,7.0,9.0,9.0,1197.0,386.0,37.0,4.0,1.0,1.0,3.0,4.0,4.0,762.0,232.0,20.0,0.0,0.0,0.0,18.15158203125,72.77030775449708,1016.2966542810898,928.0,1120.0,480.0,0.10400000000000001,93,16,70,1016.3,2.0,3.0,5.0,,
2022-10-26 16:48:24,52.390535,13.037705,35.3,2.1773961782455444,2.3066773414611816,2.311863899230957,15.06939458847046,17.341216087341312,17.376869201660153,17.3810453414917,17.383576393127438,6.5,8.5,9.0,1168.5,375.5,37.0,2.5,1.0,1.0,4.0,5.0,5.5,727.5,220.5,20.5,1.0,1.0,0.0,18.185175781250006,72.79603835717826,1016.3068518082263,896.0,928.0,416.0,0.10400000000000001,93,16,70,1016.3,2.0,3.0,5.0,,
2022-10-26 16:48:30,52.390496667,13.037718332999999,30.7,2.2017391920089717,2.3325198888778687,2.3378314971923833,15.23772668838501,17.535025596618652,17.571133613586426,17.575363159179688,17.577922821044922,6.0,8.0,9.0,1140.0,365.0,37.0,1.0,1.0,1.0,4.0,5.0,6.0,753.0,220.5,28.0,2.0,2.0,0.0,18.229121093750006,72.7758822985242,1016.3223964862308,896.0,1056.0,448.0,0.10400000000000001,93,16,70,1016.3,2.0,3.0,5.0,,
2022-10-26 16:48:34,52.390461667,13.037725,30.2,2.210934638977051,2.342246174812317,2.347560167312622,15.301408767700195,17.60827922821045,17.644519805908203,17.64876651763916,17.651336669921875,6.0,8.0,9.0,1113.0,352.0,46.0,1.0,1.0,1.0,3.0,4.0,5.5,711.0,201.5,27.0,2.0,2.0,0.0,18.288203125,72.57490222826013,1016.3319104797048,928.0,1088.0,448.0,0.10400000000000001,93,16,70,1016.3,2.0,3.0,5.0,,
2022-10-26 16:48:38,52.390423333,13.03773,26.4,2.2432336807250977,2.3764026165008545,2.381718397140503,15.525103092193605,17.86558246612549,17.902294158935547,17.906593322753906,17.90920066833496,6.0,7.5,8.5,1092.0,344.0,46.0,1.0,1.0,1.0,3.0,4.0,5.5,754.5,211.0,25.0,2.0,2.0,0.0,18.34904296875,72.36080432588608,1016.3401215000245,928.0,1216.0,448.0,0.10400000000000001,93,16,70,1016.3,2.0,3.0,5.0,,
2022-10-26 16:48:41,52.390395,13.03774,29.1,2.225865364074707,2.357900023460388,2.363046169281006,15.40516996383667,17.72737693786621,17.76369857788086,17.76795196533203,17.77053737640381,6.0,7.0,8.0,1071.0,336.0,46.0,1.0,1.0,1.0,3.5,5.0,6.0,769.5,220.5,29.0,2.0,2.0,0.0,18.40607421875,72.19710402431231,1016.3370077429968,864.0,1056.0,416.0,0.10400000000000001,93,16,70,1016.3,2.0,3.0,5.0,,
2022-10-26 16:48:45,52.390353333,13.037743333,33.4,2.1260862350463867,2.251949548721313,2.256549715995789,14.71526336669922,16.933000564575195,16.967439651489258,16.971470832824707,16.9739351272583,6.0,8.0,8.0,1098.0,344.0,48.0,1.0,1.0,1.0,4.0,5.0,5.5,808.5,227.5,27.5,1.0,1.0,0.0,18.457148437500006,72.10700532380137,1016.341650683772,864.0,1216.0,416.0,0.10400000000000001,93,16,70,1016.3,2.0,3.0,5.0,,
2022-10-26 16:48:45,52.390353333,13.037743333,33.4,2.0416079759597783,2.162335991859436,2.1665877103805538,14.130914688110352,16.260335445404053,16.293272018432614,16.297124862670902,16.299489498138428,6.5,8.5,9.0,1189.5,373.5,49.0,1.5,1.5,1.0,2.0,3.0,3.0,777.0,211.0,16.0,0.0,0.0,0.0,18.50421875,72.16867485860129,1016.3388406420283,992.0,1088.0,416.0,0.10400000000000001,93,16,70,1016.3,2.0,3.0,5.0,,
2022-10-26 16:48:52,52.390291667,13.037771667000001,36.3,1.8543253540992737,1.9638497829437256,1.9675504565238957,12.83498239517212,14.768875122070312,14.798661231994627,14.802143573760985,14.804288864135742,7.0,9.0,10.0,1281.0,403.0,50.0,2.0,2.0,1.0,2.0,3.0,5.0,760.5,207.5,22.0,4.0,2.0,0.0,18.54787109375,72.22302115510084,1016.3404403244913,768.0,1056.0,384.0,0.10400000000000001,93,16,70,1016.3,2.0,3.0,5.0,,
2022-10-26 16:48:55,52.390261667,13.037785000000001,38.9,1.8106251955032349,1.9173732995986936,1.9207438230514529,12.533016204833984,14.4210467338562,14.449934482574465,14.45331048965454,14.455401420593262,7.0,8.0,10.0,1281.0,403.0,50.0,2.0,2.0,1.0,2.0,3.0,5.0,709.5,197.5,18.0,4.0,2.0,0.0,18.591425781250006,72.23672905159877,1016.3410324354776,928.0,1024.0,416.0,0.10400000000000001,93,16,70,1016.3,2.0,3.0,5.0,,
2022-10-26 16:48:59,52.390205,13.037808333,38.9,1.8104586601257324,1.9168208241462708,1.919722616672516,12.532849788665773,14.420152187347412,14.448659420013428,14.45198678970337,14.454071044921875,7.0,8.0,10.0,1278.0,403.0,50.0,2.0,2.0,1.0,2.0,2.0,4.0,705.0,186.5,12.0,4.0,2.0,0.0,18.6391796875,72.14949184982339,1016.33093870709,960.0,1152.0,448.0,0.10400000000000001,93,16,70,1016.3,2.0,3.0,5.0,,
2022-10-26 16:49:03,52.390171667,13.03782,39.3,1.847014546394348,1.955202639102936,1.957760989665985,12.78675127029419,14.711687088012695,14.740445613861086,14.743798732757568,14.745919227600098,7.0,8.0,10.0,1275.0,403.0,50.0,2.0,2.0,1.0,2.0,2.0,4.0,652.5,176.0,11.0,4.0,2.0,0.0,18.68634765625,71.87269479243379,1016.3223820805696,832.0,992.0,416.0,0.08800000000000001,94,16,70,1016.3,2.0,3.0,4.0,,
2022-10-26 16:49:06,52.390145000000004,13.037826667000001,38.7,1.9772884845733645,2.0927958488464355,2.0951482057571407,13.689444541931152,15.749691486358644,15.780165672302244,15.78371524810791,15.785980224609375,7.0,8.0,10.0,1206.0,381.0,50.0,3.0,2.0,1.0,2.0,2.0,4.0,633.0,178.5,18.0,4.0,2.0,0.0,18.7221875,71.57415242447713,1016.3152552020496,864.0,1152.0,448.0,0.08800000000000001,94,16,70,1016.3,2.0,3.0,4.0,,
2022-10-26 16:49:06,52.390145000000004,13.037826667000001,38.7,2.1328647136688232,2.256756067276001,2.258416771888733,14.76839542388916,16.989710807800293,17.021873474121097,17.025611877441403,17.028043746948242,7.0,8.5,10.5,1203.0,380.0,54.0,3.5,2.5,1.0,2.5,2.5,2.5,631.5,179.5,15.0,0.0,0.0,0.0,18.74689453125,71.34511542995526,1016.3157544723723,864.0,896.0,384.0,0.08800000000000001,94,16,70,1016.3,2.0,3.0,4.0,,
2022-10-26 16:49:13,52.390086667,13.037844999999999,38.5,2.2358551025390625,2.3649832010269165,2.36579430103302,15.483479022979735,17.81095600128174,17.84392261505127,17.847744941711426,17.850281715393066,7.0,9.0,11.0,1200.0,379.0,58.0,4.0,3.0,1.0,3.0,3.0,3.0,621.0,176.0,15.0,0.0,0.0,0.0,18.76330078125,70.97342121348012,1016.3151400343187,768.0,1056.0,544.0,0.08800000000000001,94,16,70,1016.3,2.0,3.0,4.0,,
2022-10-26 16:49:16,52.390061667,13.037855,38.7,2.341960310935974,2.4768413305282597,2.477224111557007,16.219249725341793,18.65662956237793,18.690781593322754,18.694738388061523,18.6973876953125,7.0,9.0,10.0,1188.0,377.0,56.0,4.0,2.0,0.0,2.5,2.5,2.5,579.0,171.5,16.0,0.0,0.0,0.0,18.77951171875,70.67631671614498,1016.3167176024658,960.0,1184.0,416.0,0.08800000000000001,94,16,70,1016.3,2.0,3.0,4.0,,
2022-10-26 16:49:20,52.390031666999995,13.03786,39.8,2.36737859249115,2.5035574436187744,2.503737449645996,16.39571762084961,18.85930633544922,18.89366340637207,18.89764213562012,18.90031719207764,7.0,8.5,10.0,1173.0,373.0,56.0,4.5,2.5,0.0,3.0,3.0,3.0,574.5,169.5,17.0,0.0,0.0,0.0,18.78908203125,70.39202840534261,1016.3115370770925,960.0,1120.0,448.0,0.08800000000000001,94,16,70,1016.3,2.0,3.0,4.0,,
2022-10-26 16:49:24,52.389998333,13.037863332999999,38.9,2.350170612335205,2.485280752182007,2.4853614568710327,16.276747703552243,18.722312927246094,18.756340980529785,18.760279655456547,18.7629337310791,7.0,8.0,10.0,1158.0,369.0,56.0,5.0,3.0,0.0,2.0,2.0,2.0,598.5,173.5,19.0,0.0,0.0,0.0,18.79513671875,70.14110070601254,1016.3055900907193,736.0,896.0,416.0,0.08800000000000001,94,16,70,1016.3,2.0,3.0,4.0,,
2022-10-26 16:49:24,52.389998333,13.037863332999999,38.9,2.358999848365784,2.494583010673523,2.4946209192276,16.33798885345459,18.792689323425293,18.82680988311768,18.830759048461914,18.833423614501953,7.0,9.0,10.0,1170.0,375.0,56.0,5.0,3.0,0.0,3.0,3.0,3.0,543.0,156.0,14.0,0.0,0.0,0.0,18.79611328125,70.0070389396081,1016.3097154796343,864.0,1152.0,480.0,0.08800000000000001,94,16,70,1016.3,2.0,3.0,4.0,,
2022-10-26 16:49:24,52.389998333,13.037863332999999,38.9,2.397071957588196,2.534826397895813,2.534843921661377,16.601713180541992,19.0960054397583,19.130661010742188,19.134672164916992,19.13737773895264,7.0,9.0,10.5,1179.0,378.0,56.0,5.0,3.0,0.0,2.5,2.5,2.5,586.5,163.0,22.0,0.0,0.0,0.0,18.801875000000006,69.93750802557882,1016.3141847082879,864.0,928.0,320.0,0.08800000000000001,94,16,70,1016.3,2.0,3.0,4.0,,
2022-10-26 16:49:34,52.389925,13.037881667,36.4,2.442241668701172,2.5825837850570683,2.5825916528701782,16.914572715759274,19.45585536956787,19.49115467071533,19.495240211486816,19.497997283935547,7.0,9.0,11.0,1188.0,381.0,56.0,5.0,3.0,0.0,2.0,2.0,2.0,640.5,174.0,22.0,0.0,0.0,0.0,18.803046875,69.90751454590284,1016.3144399976396,960.0,992.0,448.0,0.08800000000000001,94,16,70,1016.3,2.0,3.0,4.0,,
2022-10-26 16:49:38,52.389893333,13.037891667,37.3,2.4786840677261357,2.6211167573928837,2.6211211681365967,17.166975021362305,19.74617290496826,19.78199577331543,19.786141395568848,19.7889404296875,8.0,12.5,14.0,1456.5,465.5,80.5,8.0,2.5,0.0,3.0,3.0,3.5,631.5,166.5,22.0,1.0,1.0,0.0,18.7993359375,69.83654032714608,1016.3125136357526,896.0,1088.0,480.0,0.08800000000000001,94,16,70,1016.3,2.0,3.0,4.0,,
2022-10-26 16:49:41,52.389871667,13.0379,37.8,2.459757685661316,2.601101279258728,2.601103186607361,17.035897254943848,19.595399856567386,19.630948066711426,19.63506317138672,19.63783836364746,9.5,15.5,18.0,1773.0,567.0,105.0,13.5,3.0,0.0,1.5,2.5,3.5,643.5,173.5,19.0,4.0,2.0,0.0,18.8020703125,69.92748089380856,1016.3195372788413,864.0,1024.0,480.0,0.08800000000000001,94,16,70,1016.3,2.0,3.0,4.0,,
2022-10-26 16:49:45,52.389843333,13.037911667000001,38.0,2.4804036617279053,2.622933268547058,2.62293553352356,17.1788911819458,19.75987434387207,19.795720100402832,19.79986953735352,19.802669525146484,11.0,18.5,21.0,2035.5,645.5,128.0,16.0,2.5,0.0,2.0,3.0,4.5,729.0,198.0,21.0,5.0,3.0,0.0,18.81603515625,69.99337466749925,1016.3165704668802,800.0,928.0,416.0,0.08800000000000001,94,16,70,1016.3,2.0,3.0,4.0,,
2022-10-26 16:49:45,52.389843333,13.037911667000001,38.0,2.4977635145187382,2.641290545463562,2.6412930488586426,17.299121856689453,19.89816951751709,19.934266090393066,19.93844509124756,19.94126319885254,13.0,21.0,24.0,2175.0,686.0,134.0,18.0,2.5,1.0,3.0,4.0,6.0,718.5,196.5,16.0,6.0,4.0,0.0,18.83576171875,70.05684122341664,1016.3189097703495,896.0,960.0,448.0,0.08800000000000001,94,16,70,1016.3,2.0,3.0,4.0,,
2022-10-26 16:49:51,52.389798333,13.037931667,38.7,2.5095136165618896,2.653715968132019,2.65371835231781,17.380501747131348,19.991775512695312,20.02804183959961,20.03223991394043,20.03507232666016,13.5,22.5,24.5,2233.5,706.5,135.0,19.5,2.0,1.0,3.0,4.0,6.0,753.0,209.5,19.0,6.0,4.0,0.0,18.8565625,70.07350628014987,1016.3163105627381,864.0,992.0,384.0,0.08800000000000001,94,16,70,1016.3,2.0,3.0,4.0,,
2022-10-26 16:49:55,52.38977,13.03795,37.2,2.517680525779724,2.6623520851135254,2.6623544692993164,17.437064170837402,20.05683708190918,20.093220710754395,20.09743404388428,20.10027408599853,11.5,18.5,20.5,1860.0,591.0,109.5,18.0,2.0,1.0,4.0,5.0,6.5,801.0,228.5,18.0,5.0,3.0,0.0,18.8743359375,70.11319978947151,1016.3129109142712,928.0,1120.0,416.0,0.08800000000000001,94,16,70,1016.3,2.0,3.0,4.0,,
2022-10-26 16:49:59,52.389746667,13.037976667,36.0,2.509508490562439,2.6537104845047,2.6537129878997803,17.38046646118164,19.991734504699707,20.028000831604004,20.03219985961914,20.035032272338867,8.0,15.0,16.0,1527.0,483.0,100.0,16.0,2.0,1.0,4.0,4.0,5.0,783.0,219.0,15.0,2.0,2.0,0.0,18.888203125,70.16907167224906,1016.3164865194065,832.0,1056.0,448.0,0.08800000000000001,94,16,70,1016.3,2.0,3.0,4.0,,
2022-10-26 16:50:02,52.389734999999995,13.038005,35.0,2.5107256174087524,2.6549975872039795,2.6549999713897705,17.38889503479004,20.00143051147461,20.03771495819092,20.041915893554688,20.04474925994873,7.0,14.0,15.0,1429.5,453.5,93.0,15.5,2.0,1.0,3.0,4.0,5.5,751.5,208.5,17.0,3.0,3.0,0.0,18.8887890625,70.04834286806258,1016.3140983430777,928.0,1152.0,512.0,0.08900000000000001,94,16,70,1016.4,2.0,3.0,5.0,,
2022-10-26 16:50:06,52.389725,13.03805,34.4,2.4953267574310303,2.638713836669922,2.6387163400650024,17.282245635986328,19.87875747680664,19.91481876373291,19.918993949890137,19.921810150146484,7.0,14.0,15.0,1332.0,424.0,86.0,15.0,2.0,1.0,3.0,3.5,5.0,744.0,205.0,14.0,2.0,2.0,0.0,18.8790234375,70.01326906194615,1016.3114151191887,864.0,1120.0,448.0,0.08900000000000001,94,16,70,1016.4,2.0,3.0,5.0,,
2022-10-26 16:50:06,52.389725,13.03805,34.4,2.492198944091797,2.635406255722046,2.635408639907837,17.260581970214847,19.853839874267575,19.889856338500977,19.89402484893799,19.896838188171387,6.5,11.5,12.5,1206.0,384.0,72.0,12.0,2.0,1.0,3.0,3.5,5.0,730.5,195.5,12.0,2.0,2.0,0.0,18.86359375,69.99073434975675,1016.3228717594316,992.0,1120.0,384.0,0.08900000000000001,94,16,70,1016.4,2.0,3.0,5.0,,
2022-10-26 16:50:13,52.389708333,13.038131667,36.7,2.419618248939514,2.558655023574829,2.5586572885513306,16.757901191711426,19.275633811950684,19.31060218811035,19.31464958190918,19.31737995147705,5.5,10.5,11.5,1156.5,369.0,67.5,11.5,2.0,1.0,3.0,3.0,4.0,729.0,199.0,14.0,2.0,2.0,0.0,18.84337890625,69.90374459186162,1016.3239220396453,864.0,992.0,384.0,0.08900000000000001,94,16,70,1016.4,2.0,3.0,5.0,,
2022-10-26 16:50:16,52.3897,13.038165,34.7,2.3901216983795166,2.5274633169174194,2.527465581893921,16.553610801696774,19.04065227508545,19.07519245147705,19.079191207885746,19.081889152526852,5.5,10.5,11.5,1107.0,354.0,63.0,11.0,2.0,1.0,3.0,3.0,4.0,756.0,210.5,15.0,2.0,2.0,0.0,18.82638671875,69.98157549415966,1016.3227376986135,960.0,1216.0,448.0,0.08900000000000001,94,16,70,1016.4,2.0,3.0,5.0,,
2022-10-26 16:50:20,52.389686667,13.038203333,34.6,2.3280526399612427,2.461827874183655,2.461830139160156,16.123732089996338,18.546186447143555,18.57983112335205,18.583725929260254,18.586353302001953,6.0,9.0,10.0,1014.0,325.0,56.0,8.0,1.0,0.0,4.0,4.0,4.0,732.0,206.0,13.0,0.0,0.0,0.0,18.80158203125,70.23947852022003,1016.3145399472756,864.0,1184.0,512.0,0.08900000000000001,94,16,70,1016.4,2.0,3.0,5.0,,
2022-10-26 16:50:24,52.389676666999996,13.038238332999999,33.9,2.339284420013428,2.473705053329468,2.473707318305969,16.201520919799805,18.63566398620605,18.669468879699707,18.673383712768555,18.676023483276367,5.5,9.0,9.5,987.0,319.0,55.0,7.5,1.0,0.0,3.5,4.0,4.0,697.5,202.0,15.0,0.0,0.0,0.0,18.77052734375,70.63454649530587,1016.3153180710066,832.0,1024.0,416.0,0.08900000000000001,94,16,70,1016.4,2.0,3.0,5.0,,
2022-10-26 16:50:27,52.389666667,13.038261667,35.8,2.387458324432373,2.5246469974517822,2.524649262428284,16.535165786743164,19.019433975219727,19.05393695831299,19.057930946350094,19.060626983642575,5.0,9.0,9.0,960.0,313.0,54.0,7.0,1.0,0.0,2.5,3.0,3.0,663.0,195.5,16.0,0.0,0.0,0.0,18.7407421875,71.02376472895628,1016.324891847822,928.0,1024.0,384.0,0.08900000000000001,94,16,70,1016.4,2.0,3.0,5.0,,
2022-10-26 16:50:27,52.389666667,13.038261667,35.8,2.33233904838562,2.4663604497909546,2.4663628339767456,16.15341854095459,18.58033275604248,18.614039421081547,18.61794185638428,18.62057399749756,4.0,7.0,8.0,906.0,293.0,46.0,6.0,1.0,0.0,2.5,3.0,3.0,667.5,189.5,14.0,0.0,0.0,0.0,18.71134765625,71.26187763446205,1016.3258837273182,960.0,1152.0,416.0,0.08900000000000001,94,16,70,1016.4,2.0,3.0,5.0,,
2022-10-26 16:50:34,52.389645,13.038336667000001,34.8,2.2419716119766235,2.370800256729126,2.3708025217056274,15.527546882629395,17.86043071746826,17.89282989501953,17.896580696105953,17.8991117477417,4.0,7.0,8.0,865.5,278.5,46.0,5.5,1.0,0.0,2.5,2.5,2.5,610.5,172.0,11.0,0.0,0.0,0.0,18.70197265625,71.47975516854513,1016.3255141318614,800.0,928.0,416.0,0.08900000000000001,94,16,70,1016.4,2.0,3.0,5.0,,
2022-10-26 16:50:37,52.389635,13.038366667,34.5,2.219529390335083,2.347068428993225,2.347070574760437,15.372115135192873,17.681647300720215,17.713722229003906,17.717435836791992,17.71994113922119,4.0,7.0,8.0,825.0,264.0,46.0,5.0,1.0,0.0,3.0,3.0,3.0,642.0,178.5,10.0,0.0,0.0,0.0,18.7175,71.6544938377354,1016.3125557381868,960.0,1184.0,416.0,0.08900000000000001,94,16,70,1016.4,2.0,3.0,5.0,,
2022-10-26 16:50:41,52.38962,13.038406667,33.3,2.3153587579727173,2.4484044313430786,2.4484065771102905,16.035814762115482,18.44506072998047,18.4785213470459,18.48239517211914,18.485008239746094,3.0,6.0,6.0,786.0,249.0,45.0,4.0,1.0,0.0,2.0,2.0,2.0,655.5,176.0,10.0,0.0,0.0,0.0,18.754609375,71.76177862123428,1016.3200915898293,896.0,1088.0,384.0,0.08900000000000001,94,16,70,1016.4,2.0,3.0,5.0,,
2022-10-26 16:50:45,52.38961,13.038451667,32.1,2.3687647581100464,2.504879355430603,2.504881501197815,16.405696868896484,18.87051486968994,18.904747009277344,18.90870952606201,18.91138362884521,3.0,5.5,6.0,783.0,248.0,42.0,4.0,1.0,0.0,2.0,2.0,2.0,652.5,171.5,8.0,0.0,0.0,0.0,18.78615234375,71.62482429283622,1016.3251514327864,928.0,1088.0,512.0,0.08900000000000001,94,16,70,1016.4,2.0,3.0,5.0,,
2022-10-26 16:50:45,52.38961,13.038451667,32.1,2.3657426834106445,2.5016835927963257,2.5016857385635376,16.384765625,18.846439361572266,18.88062858581543,18.88458633422852,18.887255668640137,4.0,6.0,7.0,780.0,247.0,39.0,4.0,1.0,0.0,1.5,2.0,2.0,595.5,154.5,6.0,0.0,0.0,0.0,18.81818359375,71.32600655248216,1016.3268202182253,864.0,992.0,416.0,0.08900000000000001,94,16,70,1016.4,2.0,3.0,5.0,,
2022-10-26 16:50:45,52.38961,13.038451667,32.1,2.3871779441833496,2.52435040473938,2.524352788925171,16.533223152160645,19.017200469970703,19.051698684692386,19.05569267272949,19.058387756347656,4.0,6.0,7.0,786.0,247.0,35.0,2.0,1.0,1.0,1.5,2.0,2.0,568.5,142.5,6.0,0.0,0.0,0.0,18.8462109375,70.85177536382402,1016.3252372998129,768.0,992.0,384.0,0.08900000000000001,94,16,70,1016.4,2.0,3.0,5.0,,
2022-10-26 16:50:55,52.389578333,13.038551667,35.0,2.580599308013916,2.7288862466812134,2.7288886308670044,17.87282943725586,20.558072090148926,20.59536457061768,20.599682807922363,20.602595329284668,4.0,6.0,7.0,790.5,248.5,34.0,2.0,1.0,1.0,1.5,2.0,2.0,553.5,142.0,7.0,0.0,0.0,0.0,18.865546875,70.41411428680439,1016.3336384500806,832.0,992.0,416.0,0.08900000000000001,94,16,70,1016.4,2.0,3.0,5.0,,
2022-10-26 16:50:59,52.389563333000005,13.038593333,35.1,2.7712770700454707,2.930520892143249,2.93052351474762,19.193434715271,22.077086448669434,22.117136001586914,22.12177276611328,22.124899864196774,3.5,5.5,6.5,795.0,250.0,33.0,2.0,1.0,1.0,2.0,2.0,2.0,543.0,143.5,7.0,0.0,0.0,0.0,18.8700390625,70.05549574460127,1016.3393676423907,896.0,1024.0,416.0,0.08900000000000001,94,16,70,1016.4,2.0,3.0,5.0,,
2022-10-26 16:51:02,52.389556667,13.038626667,35.2,2.8159701824188232,2.9777821302413936,2.9777848720550537,19.502971649169922,22.43312931060791,22.4738245010376,22.478535652160645,22.481714248657227,3.0,5.0,5.0,765.0,243.0,29.0,3.0,1.0,1.0,2.0,2.5,2.5,556.5,146.5,11.0,0.0,0.0,0.0,18.87130859375,69.91816121175279,1016.3431377451544,864.0,992.0,384.0,0.085,94,16,70,1016.5,2.0,3.0,4.0,,
2022-10-26 16:51:06,52.389541666999996,13.03867,35.7,2.8137798309326167,2.975466012954712,2.975468635559082,19.487801551818848,22.41568088531494,22.45634365081787,22.46105098724365,22.4642276763916,3.0,5.0,5.5,805.5,257.0,33.5,3.0,1.0,1.0,2.5,3.0,3.0,643.5,169.5,15.0,0.0,0.0,0.0,18.87482421875,69.82483914239738,1016.3514494879396,896.0,1024.0,480.0,0.085,94,16,70,1016.5,2.0,3.0,4.0,,
2022-10-26 16:51:06,52.389541666999996,13.03867,35.7,2.730191111564636,2.8870739936828613,2.8870766162872314,18.90887928009033,21.74977970123291,21.78923511505127,21.793803215026852,21.796884536743164,3.0,5.0,6.0,846.0,271.0,38.0,3.0,1.0,1.0,3.5,3.5,3.5,777.0,217.0,21.0,0.0,0.0,0.0,18.87697265625,69.73469867337458,1016.3633768768292,896.0,1088.0,480.0,0.085,94,16,70,1016.5,2.0,3.0,4.0,,
2022-10-26 16:51:06,52.389541666999996,13.03867,35.7,2.619018197059632,2.76951277256012,2.7695153951644897,18.138912200927734,20.86413288116455,20.901981353759766,20.90636348724365,20.909318923950195,4.0,6.0,7.0,900.0,287.0,43.0,4.0,1.0,1.0,3.5,3.5,3.5,808.5,217.5,23.0,0.0,0.0,0.0,18.88205078125,69.66514298145155,1016.3767804384303,864.0,992.0,416.0,0.085,94,16,70,1016.5,2.0,3.0,4.0,,
2022-10-26 16:51:16,52.38949,13.038765,32.6,2.5676580667495728,2.715201497077942,2.7152040004730225,17.783201217651367,20.454977989196774,20.492084503173828,20.49638080596924,20.49927806854248,4.5,6.5,7.5,909.0,290.0,42.0,4.0,1.0,1.0,4.0,4.0,4.0,834.0,226.0,21.0,0.0,0.0,0.0,18.8852734375,69.6288089990915,1016.3963488615046,928.0,1152.0,448.0,0.085,94,16,70,1016.5,2.0,3.0,4.0,,
2022-10-26 16:51:20,52.38947,13.038803332999999,33.5,2.554243206977844,2.701015830039978,2.701018214225769,17.69029140472412,20.348109245300293,20.385022163391113,20.38929557800293,20.392178535461426,5.0,7.0,8.0,918.0,293.0,41.0,4.0,1.0,1.0,3.5,4.0,4.0,871.5,244.5,19.0,0.0,0.0,0.0,18.88234375,69.4643296516775,1016.4099663046477,896.0,1056.0,448.0,0.085,94,16,70,1016.5,2.0,3.0,4.0,,
2022-10-26 16:51:23,52.389455,13.03883,33.3,2.5791651010513306,2.727369785308838,2.727372169494629,17.86289691925049,20.54664707183838,20.583919525146484,20.588234901428226,20.59114551544189,4.5,7.5,8.5,999.0,320.0,55.0,5.0,1.0,1.0,4.5,4.5,4.5,883.5,258.0,20.0,0.0,0.0,0.0,18.87130859375,69.41912016985532,1016.4177659642944,768.0,832.0,448.0,0.085,94,16,70,1016.5,2.0,3.0,4.0,,
2022-10-26 16:51:27,52.389435,13.038868333,33.1,2.514819860458374,2.6593270301818848,2.6593295335769653,17.417251586914062,20.03404712677002,20.070390701293945,20.074597358703613,20.077436447143555,4.5,7.5,8.5,1053.0,336.5,56.0,5.0,1.0,1.0,3.5,4.5,4.5,807.0,231.5,15.0,0.0,0.0,0.0,18.8528515625,69.39618580982784,1016.431774130018,928.0,1216.0,512.0,0.085,94,16,70,1016.5,2.0,3.0,4.0,,
2022-10-26 16:51:27,52.389435,13.038868333,33.1,2.493430852890014,2.636709213256836,2.636711597442627,17.269115447998047,19.86365509033203,19.899688720703125,19.903860092163086,19.9066743850708,5.0,8.0,9.0,1107.0,353.0,57.0,5.0,1.0,1.0,5.0,5.0,5.0,853.5,252.5,24.0,0.0,0.0,0.0,18.828242187500006,69.42582172735183,1016.4482124643507,896.0,1120.0,448.0,0.085,94,16,70,1016.5,2.0,3.0,4.0,,
2022-10-26 16:51:33,52.389405,13.038918333,32.2,2.4920578002929688,2.6352570056915283,2.63525938987732,17.259605407714847,19.85271644592285,19.8887300491333,19.892898559570312,19.89571189880371,7.0,10.0,11.0,1335.0,425.0,68.0,5.0,1.0,1.0,5.0,5.0,5.0,871.5,253.0,24.0,0.0,0.0,0.0,18.817500000000006,69.53123422310225,1016.4606836152193,800.0,1088.0,480.0,0.085,94,16,70,1016.5,2.0,3.0,4.0,,
2022-10-26 16:51:37,52.389385,13.038956667,33.5,2.4842140674591064,2.626962661743164,2.626965045928955,17.205281257629395,19.7902307510376,19.826129913330078,19.830286979675293,19.833090782165527,7.5,10.5,11.5,1381.5,440.5,73.0,4.5,1.0,1.0,3.0,4.0,4.0,825.0,225.5,21.0,0.0,0.0,0.0,18.8040234375,69.57934756577518,1016.466967810676,992.0,1056.0,480.0,0.085,94,16,70,1016.5,2.0,3.0,4.0,,
2022-10-26 16:51:41,52.389368333,13.038985,33.0,2.421475887298584,2.560619354248047,2.560621738433838,16.770766258239743,19.29043292999268,19.32542610168457,19.32947826385498,19.3322114944458,8.0,11.0,12.0,1428.0,456.0,78.0,4.0,1.0,1.0,3.5,4.0,4.0,804.0,212.0,16.0,0.0,0.0,0.0,18.78546875,69.66352279857489,1016.4623617060236,1024.0,1088.0,448.0,0.085,94,16,70,1016.5,2.0,3.0,4.0,,
2022-10-26 16:51:45,52.389353333,13.039025,34.0,2.389236807823181,2.526527762413025,2.526530146598816,16.547483444213867,19.03360366821289,19.06813240051269,19.072129249572754,19.074825286865234,9.0,12.0,12.0,1554.0,496.0,86.0,3.0,0.0,0.0,2.5,3.5,3.5,772.5,200.5,16.0,0.0,0.0,0.0,18.789375,69.7244159704959,1016.4763490402505,832.0,1152.0,480.0,0.085,94,16,70,1016.5,2.0,3.0,4.0,,
2022-10-26 16:51:48,52.389340000000004,13.039060000000001,35.4,2.3142800331115723,2.4472637176513667,2.4472659826278687,16.028343200683597,18.43646812438965,18.4699125289917,18.47378444671631,18.476396560668945,9.5,12.5,12.5,1647.0,525.0,93.0,3.0,0.0,0.0,2.0,2.0,2.0,669.0,165.0,6.0,0.0,0.0,0.0,18.79083984375,69.82852168082573,1016.4863103968316,896.0,1248.0,480.0,0.085,94,16,70,1016.5,2.0,3.0,4.0,,
2022-10-26 16:51:48,52.389340000000004,13.039060000000001,35.4,2.260677695274353,2.3905813694000244,2.3905835151672363,15.657102584838867,18.009450912475586,18.042120933532715,18.045902252197266,18.048455238342285,10.0,13.0,13.0,1740.0,554.0,100.0,3.0,0.0,0.0,2.0,2.0,2.0,612.0,144.5,6.0,0.0,0.0,0.0,18.79640625,69.87630704856478,1016.4954898128932,1024.0,1184.0,448.0,0.085,94,16,70,1016.5,2.0,3.0,4.0,,
2022-10-26 16:51:55,52.389331667,13.039126667,33.3,2.245423674583435,2.37445068359375,2.3744529485702515,15.55145502090454,17.887930870056152,17.920379638671875,17.924137115478516,17.926671028137207,13.0,17.0,17.0,2040.0,649.0,114.0,2.0,0.0,0.0,1.0,1.0,1.0,579.0,144.5,6.0,0.0,0.0,0.0,18.79640625,69.92324387935328,1016.497166664818,832.0,928.0,448.0,0.085,94,16,70,1016.5,2.0,3.0,4.0,,
2022-10-26 16:51:58,52.389336666999995,13.039156667,33.1,2.361889481544494,2.4976089000701904,2.497611165046692,16.358078956604007,18.815743446350094,18.849876403808594,18.853827476501465,18.85649299621582,12.5,16.5,16.5,2061.0,655.0,116.0,2.0,0.0,0.0,1.0,1.0,1.0,534.0,138.5,6.0,0.0,0.0,0.0,18.794453125,69.943057536818,1016.5048452845167,960.0,1120.0,480.0,0.085,94,16,70,1016.5,2.0,3.0,4.0,,
2022-10-26 16:52:02,52.389341667,13.0392,33.7,2.481271505355835,2.6238510608673096,2.6238534450531006,17.184901237487793,19.766788482666016,19.80264663696289,19.806797981262207,19.80959892272949,12.0,16.0,16.0,2082.0,661.0,118.0,2.0,0.0,0.0,1.5,2.5,2.5,597.0,157.0,14.0,0.0,0.0,0.0,18.787714843750006,69.91853661355448,1016.5063094603253,960.0,1088.0,448.0,0.08,95,16,71,1016.4,2.0,3.0,4.0,,
2022-10-26 16:52:06,52.389353333,13.039238333,35.7,2.701585173606873,2.856824278831482,2.856826901435852,18.710759162902832,21.52189350128174,21.560935974121094,21.565455436706547,21.56850528717041,12.0,16.0,16.0,2115.0,672.0,124.0,1.0,0.0,0.0,2.0,2.0,2.0,666.0,174.5,19.0,0.0,0.0,0.0,18.787421875,69.84138819557329,1016.5083415634336,800.0,1056.0,480.0,0.08,95,16,71,1016.4,2.0,3.0,4.0,,
2022-10-26 16:52:06,52.389353333,13.039238333,35.7,2.785235047340393,2.9452809095382686,2.9452836513519287,19.290104866027832,22.188281059265137,22.22853279113769,22.233192443847656,22.23633575439453,12.0,16.5,16.5,2139.0,680.0,127.0,1.0,0.0,0.0,2.5,3.5,3.5,676.5,183.0,22.0,0.0,0.0,0.0,18.79083984375,69.78830147385379,1016.511462931727,864.0,1056.0,384.0,0.08,95,16,71,1016.4,2.0,3.0,4.0,,
2022-10-26 16:52:06,52.389353333,13.039238333,35.7,2.766890525817871,2.925882220268249,2.92588484287262,19.16305351257324,22.04214096069336,22.08212757110596,22.086756706237797,22.089879989624023,12.0,17.0,17.0,2163.0,688.0,130.0,1.0,0.0,0.0,2.5,3.5,3.5,673.5,179.0,24.0,0.0,0.0,0.0,18.79845703125,69.7124298509791,1016.5114480986032,768.0,992.0,448.0,0.08,95,16,71,1016.4,2.0,3.0,4.0,,
2022-10-26 16:52:16,52.389366667,13.039355,34.0,2.80672025680542,2.9680007696151733,2.9680033922195435,19.438907623291016,22.359440803527832,22.400002479553226,22.404698371887207,22.40786647796631,13.0,17.0,17.0,2169.0,690.0,122.0,1.0,0.0,0.0,2.0,3.0,3.0,739.5,188.5,28.0,0.0,0.0,0.0,18.801386718750006,69.61576585366447,1016.5053798612782,960.0,1056.0,448.0,0.08,95,16,71,1016.4,2.0,3.0,4.0,,
2022-10-26 16:52:20,52.389373333,13.039398333,35.0,2.8771971464157104,3.042527318000793,3.042530059814453,19.92702007293701,22.92088794708252,22.96246719360352,22.96728134155273,22.970528602600094,13.5,18.0,18.0,2124.0,677.5,123.0,1.5,0.5,0.0,2.0,3.0,3.0,742.5,190.0,22.0,0.0,0.0,0.0,18.801484375,69.62917323072874,1016.4988334425226,864.0,1024.0,416.0,0.08,95,16,71,1016.4,2.0,3.0,4.0,,
2022-10-26 16:52:23,52.389375,13.039433333,36.0,2.912075519561768,3.0794099569320683,3.079412817955017,20.168582916259766,23.198742866516113,23.24082660675049,23.24569797515869,23.248985290527344,12.5,17.5,17.5,2079.0,665.0,124.0,2.0,1.0,0.0,2.5,2.5,2.5,702.0,185.0,17.0,0.0,0.0,0.0,18.8098828125,69.62043310148428,1016.5009448676198,800.0,1024.0,480.0,0.08,95,16,71,1016.4,2.0,3.0,4.0,,
2022-10-26 16:52:27,52.389381666999995,13.039478333,33.7,2.872109293937683,3.0371472835540767,3.0371499061584477,19.891783714294434,22.88035678863525,22.92186260223389,22.926668167114254,22.929909706115726,11.5,17.5,18.5,2089.5,669.0,133.0,3.5,2.0,0.0,1.5,2.0,2.0,690.0,173.0,17.5,0.0,0.0,0.0,18.82697265625,69.67667232290954,1016.4905577090773,800.0,992.0,544.0,0.08,95,16,71,1016.4,2.0,3.0,4.0,,
2022-10-26 16:52:27,52.389381666999995,13.039478333,33.7,2.7869672775268555,2.9471126794815063,2.947115421295166,19.30210304260254,22.20208168029785,22.24235725402832,22.24701976776123,22.25016593933105,11.0,17.0,18.5,2005.5,643.5,123.0,6.5,2.0,0.0,2.0,2.0,2.0,709.5,185.5,19.0,0.0,0.0,0.0,18.8446484375,69.81008774447335,1016.4886813421132,832.0,1056.0,416.0,0.08,95,16,71,1016.4,2.0,3.0,4.0,,
2022-10-26 16:52:33,52.389391667,13.039548332999999,32.3,2.7376161813735957,2.8949257135391235,2.894928455352783,18.960304260253906,21.808931350708008,21.848493576049805,21.853074073791504,21.85616397857666,9.0,16.0,18.0,1767.0,562.0,127.0,11.5,2.5,0.0,3.0,3.0,3.0,624.0,171.0,21.0,0.0,0.0,0.0,18.85978515625,69.91971326865732,1016.4817782117352,928.0,1056.0,416.0,0.08,95,16,71,1016.4,2.0,3.0,4.0,,
2022-10-26 16:52:37,52.38941,13.039585,31.9,2.805958390235901,2.9671951532363887,2.9671977758407597,19.433631896972656,22.353371620178226,22.393922805786133,22.398616790771484,22.40178394317627,10.0,17.5,20.0,1735.5,548.5,129.0,15.5,3.0,0.0,3.0,3.5,3.5,663.0,180.0,23.0,0.0,0.0,0.0,18.86525390625,69.84010762135014,1016.4824106821823,960.0,1120.0,416.0,0.08,95,16,71,1016.4,2.0,3.0,4.0,,
2022-10-26 16:52:41,52.389425,13.039626667,31.6,2.86335837841034,3.0278933048248287,3.0278960466384888,19.83117389678955,22.810641288757324,22.85202121734619,22.856812477111816,22.86004447937012,9.5,17.5,19.5,1741.5,547.5,131.0,16.0,2.5,0.0,3.0,4.0,4.0,724.5,192.5,22.0,0.0,0.0,0.0,18.87423828125,69.82809971746865,1016.4687153719963,960.0,1152.0,480.0,0.08,95,16,71,1016.4,2.0,3.0,4.0,,
2022-10-26 16:52:44,52.389436667,13.039651667000001,31.4,2.8578112125396733,3.0220274925231934,3.0220301151275635,19.79275608062744,22.766451835632324,22.807750701904297,22.81253242492676,22.815757751464844,9.0,18.5,21.5,1666.5,525.0,140.0,23.0,4.0,1.0,4.0,4.0,4.0,745.5,203.0,17.5,0.0,0.0,0.0,18.8872265625,69.91393622824157,1016.4741993139708,896.0,1024.0,384.0,0.08,95,16,71,1016.4,2.0,3.0,4.0,,
2022-10-26 16:52:48,52.38945,13.039695,32.2,2.7335493564605717,2.8906252384185787,2.89062774181366,18.932137489318848,21.77653217315674,21.816036224365234,21.8206090927124,21.823694229125977,8.0,17.0,20.0,1638.0,518.0,141.0,24.0,4.0,1.0,3.5,3.5,3.5,754.5,209.5,17.0,0.0,0.0,0.0,18.8942578125,69.98881236695208,1016.4589592847535,832.0,1056.0,448.0,0.08,95,16,71,1016.4,2.0,3.0,4.0,,
2022-10-26 16:52:48,52.38945,13.039695,32.2,2.595741391181946,2.7448984384536743,2.7449010610580444,17.977702140808105,20.67870044708252,20.71621322631836,20.72055530548096,20.72348499298096,8.0,17.0,20.0,1635.0,517.0,140.0,24.0,4.5,1.0,3.5,3.5,3.5,780.0,209.5,12.0,0.0,0.0,0.0,18.8860546875,70.00765837552751,1016.4571732422518,896.0,1088.0,512.0,0.08,95,16,71,1016.4,2.0,3.0,4.0,,
2022-10-26 16:52:55,52.389455,13.039716667,34.1,2.3518158197402954,2.4869564771652217,2.486958742141724,16.28831148147583,18.735492706298828,18.76948070526123,18.773414611816406,18.77606964111328,9.0,18.0,21.0,1632.0,516.0,139.0,24.0,5.0,1.0,2.0,2.0,2.0,672.0,179.5,6.0,0.0,0.0,0.0,18.8692578125,70.02516278992962,1016.4546335120392,928.0,992.0,480.0,0.08,95,16,71,1016.4,2.0,3.0,4.0,,
2022-10-26 16:52:58,52.389466667,13.039728333,34.8,2.2640864849090576,2.394186019897461,2.3941881656646733,15.680711269378662,18.036606788635254,18.06932640075684,18.0731143951416,18.07567024230957,7.5,16.5,19.5,1527.0,489.0,125.0,23.0,5.0,1.0,2.0,2.0,2.0,639.0,170.0,5.0,0.0,0.0,0.0,18.85880859375,69.99334114941968,1016.450820216712,992.0,1120.0,480.0,0.08,95,16,71,1016.4,2.0,3.0,4.0,,
2022-10-26 16:53:02,52.389485,13.039736667,36.3,2.3322551250457764,2.4662717580795293,2.4662740230560303,16.152836799621582,18.57966423034668,18.613369941711426,18.617271423339844,18.619903564453125,7.0,15.5,18.5,1518.0,488.0,124.0,21.0,4.5,1.0,3.0,3.0,3.0,640.5,175.0,6.0,0.0,0.0,0.0,18.84982421875,69.95169392321316,1016.4401985221892,832.0,1088.0,448.0,0.075,95,16,69,1016.3,2.0,4.0,4.0,,
2022-10-26 16:53:06,52.389509999999994,13.039748333,38.5,2.4426788091659546,2.583040475845337,2.583042860031128,16.91761302947998,19.45934295654297,19.494643211364746,19.498729705810547,19.50148677825928,7.5,15.5,18.5,1509.0,487.0,123.0,19.0,4.0,1.0,3.0,3.0,3.0,658.5,173.0,3.0,0.0,0.0,0.0,18.85294921875,69.86165640269263,1016.4336123178352,832.0,1024.0,352.0,0.075,95,16,69,1016.3,2.0,4.0,4.0,,
2022-10-26 16:53:09,52.38953,13.039761667,38.0,2.530963540077209,2.6763983964920044,2.6764007806777954,17.529059410095215,20.162654876708984,20.1992301940918,20.20346450805664,20.206321716308594,9.0,17.0,19.0,1548.0,500.0,125.0,19.0,4.0,1.0,3.0,4.0,4.0,715.5,194.0,11.0,0.0,0.0,0.0,18.8602734375,69.72874909665535,1016.4205338243477,896.0,1152.0,512.0,0.075,95,16,69,1016.3,2.0,4.0,4.0,,
2022-10-26 16:53:09,52.38953,13.039761667,38.0,2.5682154893875118,2.7157909870147705,2.715793490409851,17.78706169128418,20.459418296813965,20.496533393859863,20.500829696655273,20.503727912902832,9.0,16.5,19.0,1545.0,499.0,124.0,18.5,4.0,1.0,3.5,4.0,4.0,748.5,204.0,16.0,0.0,0.0,0.0,18.8571484375,69.66126929122959,1016.4120272225296,960.0,1280.0,480.0,0.075,95,16,69,1016.3,2.0,4.0,4.0,,
2022-10-26 16:53:16,52.389575,13.0398,30.1,2.604340076446533,2.7539914846420293,2.75399386882782,18.037256240844727,20.747201919555664,20.78483772277832,20.789196014404297,20.79213523864746,9.0,16.0,19.0,1542.0,498.0,123.0,18.0,4.0,1.0,3.5,4.0,4.0,714.0,201.0,16.0,0.0,0.0,0.0,18.8579296875,69.62790364663661,1016.3982222898732,864.0,1024.0,384.0,0.075,95,16,69,1016.3,2.0,4.0,4.0,,
2022-10-26 16:53:19,52.389593333,13.039811667,30.3,2.522665739059448,2.6676238775253296,2.6676262617111206,17.471590995788574,20.096550941467285,20.133008003234863,20.13722801208496,20.14007568359375,8.0,16.0,18.0,1563.0,507.0,127.0,17.0,4.0,1.0,3.5,4.0,4.0,727.5,205.5,15.0,0.0,0.0,0.0,18.870234375,69.51934029749003,1016.3782614240787,896.0,1056.0,448.0,0.075,95,16,69,1016.3,2.0,4.0,4.0,,
2022-10-26 16:53:23,52.389615,13.039835,33.1,2.4000790119171143,2.5379929542541504,2.5379953384399414,16.622574806213382,19.11997699737549,19.154661178588867,19.158676147460934,19.161385536193848,8.5,16.0,18.0,1530.0,497.5,124.0,16.5,4.0,1.0,3.0,4.0,4.0,717.0,200.5,15.0,0.0,0.0,0.0,18.88859375,69.41846065140935,1016.3691199907927,832.0,1088.0,448.0,0.075,95,16,69,1016.3,2.0,4.0,4.0,,
2022-10-26 16:53:27,52.389631666999996,13.039848333,34.1,2.2989068031311035,2.4310072660446167,2.4310094118118286,15.92187213897705,18.31399917602539,18.347222328186035,18.351067543029785,18.353662490844727,9.0,16.0,18.0,1497.0,488.0,121.0,16.0,4.0,1.0,2.5,3.0,3.0,642.0,180.0,10.0,0.0,0.0,0.0,18.91134765625,69.29155272555874,1016.3630287168814,896.0,1056.0,352.0,0.075,95,16,69,1016.3,2.0,4.0,4.0,,
2022-10-26 16:53:27,52.389631666999996,13.039848333,34.1,2.2391148805618286,2.367779493331909,2.367781639099121,15.507761478424072,17.837672233581547,17.870030403137207,17.873777389526367,17.876304626464844,9.0,14.0,15.0,1503.0,492.0,104.0,9.0,1.0,0.0,2.5,3.0,3.0,627.0,179.0,7.0,0.0,0.0,0.0,18.93791015625,69.19538408389586,1016.3665680224867,864.0,960.0,448.0,0.075,95,16,69,1016.3,2.0,4.0,4.0,,
2022-10-26 16:53:27,52.389631666999996,13.039848333,34.1,2.28092098236084,2.411987781524658,2.41198992729187,15.797303676605225,18.170716285705566,18.203679084777832,18.207494735717773,18.21006965637207,9.0,13.5,14.0,1491.0,486.5,95.0,7.5,1.0,0.0,3.0,3.0,4.5,652.5,185.5,10.0,3.0,3.0,0.0,18.9610546875,69.17891646513962,1016.3728560992944,864.0,992.0,480.0,0.075,95,16,69,1016.3,2.0,4.0,4.0,,
2022-10-26 16:53:37,52.389688333,13.039891667000001,39.5,2.2466365098953247,2.375733494758606,2.3757356405258183,15.559855937957765,17.89759349822998,17.930060386657715,17.93381977081299,17.936355590820312,9.0,13.0,13.0,1479.0,481.0,86.0,6.0,1.0,0.0,3.0,3.5,5.5,657.0,187.0,18.5,4.0,4.0,0.0,18.97921875,69.20847041667635,1016.3667385170354,832.0,960.0,448.0,0.075,95,16,69,1016.3,2.0,4.0,4.0,,
2022-10-26 16:53:41,52.389705,13.039905000000001,40.8,2.161898136138916,2.2861257791519165,2.286127805709839,14.972970962524414,17.2225341796875,17.253776550292972,17.257393836975098,17.259834289550778,9.0,13.0,13.0,1455.0,475.0,84.0,5.0,1.0,0.0,3.0,4.0,6.0,694.5,201.0,25.0,4.0,4.0,0.0,18.9774609375,69.27171286747505,1016.3630020593154,896.0,992.0,416.0,0.075,95,16,69,1016.3,2.0,4.0,4.0,,
2022-10-26 16:53:44,52.389715,13.039933332999999,38.3,2.1119750738143916,2.2333338260650635,2.233335852622986,14.627211093902588,16.82482624053955,16.855347633361813,16.858880996704098,16.8612642288208,9.0,12.0,12.0,1408.5,459.5,78.0,3.5,0.5,0.0,3.5,4.0,6.0,730.5,208.0,24.5,4.0,4.0,0.0,18.9430859375,69.24632538463861,1016.3507808935684,832.0,832.0,448.0,0.075,95,16,69,1016.3,2.0,4.0,4.0,,
2022-10-26 16:53:48,52.389716666999995,13.039978332999999,40.0,2.050363659858704,2.168182134628296,2.1681841611862183,14.200500011444092,16.33400535583496,16.36363697052002,16.367067337036133,16.36938190460205,8.5,10.5,10.5,1362.0,444.0,72.0,2.0,0.0,0.0,3.5,4.0,6.5,762.0,217.0,33.0,4.0,4.0,0.0,18.8985546875,69.1558717970355,1016.3478073699932,960.0,1088.0,416.0,0.075,95,16,69,1016.3,2.0,4.0,4.0,,
2022-10-26 16:53:48,52.389716666999995,13.039978332999999,40.0,2.0809098482131962,2.200483679771424,2.200485587120056,14.412058353424072,16.577348709106445,16.607420921325687,16.610902786254886,16.613251686096188,8.0,11.0,11.0,1431.0,466.0,72.0,2.0,0.0,0.0,3.0,4.0,4.5,724.5,206.0,30.0,1.0,1.0,0.0,18.86212890625,69.17696468172754,1016.3389038980704,960.0,1152.0,448.0,0.075,95,16,69,1016.3,2.0,4.0,4.0,,
2022-10-26 16:53:54,52.389726667,13.040008333,42.0,2.1310269832611084,2.253480553627014,2.253482699394226,14.759161949157715,16.976601600646973,17.00739860534668,17.010963439941403,17.013368606567386,9.0,11.5,11.5,1414.5,458.5,66.0,1.5,0.0,0.0,3.0,4.0,4.0,697.5,197.0,28.0,1.0,0.0,0.0,18.85392578125,69.21245608464466,1016.3404723557816,896.0,992.0,480.0,0.075,95,16,69,1016.3,2.0,4.0,4.0,,
2022-10-26 16:53:58,52.38973,13.040013333,42.5,2.1978265047073364,2.3241184949874882,2.3241206407547,15.22180461883545,17.508752822875973,17.540515899658207,17.54419231414795,17.546672821044922,9.0,11.0,11.0,1398.0,451.0,60.0,1.0,0.0,0.0,3.0,4.0,4.0,630.0,181.0,27.0,2.0,0.0,0.0,18.8333203125,69.06894761816545,1016.3417155871867,992.0,1184.0,480.0,0.075,95,16,69,1016.3,2.0,4.0,4.0,,
2022-10-26 16:54:02,52.389743333,13.04004,46.7,2.310094475746155,2.442837715148926,2.4428398609161377,15.999354839324953,18.403122901916504,18.43650722503662,18.440372467041016,18.44297981262207,9.0,10.0,10.0,1380.0,444.0,50.0,0.0,0.0,0.0,3.0,4.0,4.0,601.5,174.5,23.5,2.0,0.0,0.0,18.82345703125,69.09748244351812,1016.3338380778682,928.0,1248.0,448.0,0.07,95,16,69,1016.3,2.0,3.0,4.0,,
2022-10-26 16:54:05,52.389759999999995,13.040036667,48.8,2.395388245582581,2.5330326557159424,2.533034920692444,16.590087890625,19.082608222961426,19.117225646972656,19.121232986450195,19.123936653137207,8.5,9.5,9.5,1345.5,432.0,44.0,0.0,0.0,0.0,1.5,2.5,2.5,538.5,153.5,13.0,2.0,0.0,0.0,18.82853515625,69.23526570918624,1016.34137223721,832.0,1152.0,416.0,0.07,95,16,69,1016.3,2.0,3.0,4.0,,
2022-10-26 16:54:09,52.389766666999996,13.04004,50.1,2.387731075286865,2.524935483932495,2.524937868118286,16.537055015563965,19.021607398986816,19.05611515045166,19.06010913848877,19.062804222106934,8.0,9.0,9.0,1311.0,420.0,38.0,0.0,0.0,0.0,1.5,2.5,2.5,511.5,144.0,14.0,2.0,0.0,0.0,18.8454296875,69.27799327047765,1016.3356880229373,960.0,1056.0,448.0,0.07,95,16,69,1016.3,2.0,3.0,4.0,,
2022-10-26 16:54:09,52.389766666999996,13.04004,50.1,2.3895432949066158,2.526851892471313,2.526854157447815,16.549605369567868,19.036044120788574,19.07057762145996,19.074575424194336,19.077272415161133,7.5,8.5,8.5,1284.0,409.0,38.0,1.0,0.0,0.0,2.0,2.5,2.5,501.0,136.0,9.5,1.0,0.0,0.0,18.86232421875,69.27058089971429,1016.3333563726126,992.0,992.0,448.0,0.07,95,16,69,1016.3,2.0,3.0,4.0,,
2022-10-26 16:54:16,52.389811667,13.0401,52.0,2.451106548309326,2.5919525623321533,2.5919549465179443,16.975981712341312,19.52648067474365,19.56190299987793,19.566004753112797,19.56877040863037,7.0,8.0,8.0,1252.5,399.0,32.5,1.0,0.0,0.0,2.0,2.0,2.0,525.0,143.0,8.0,0.0,0.0,0.0,18.868671875,69.30834190023789,1016.3337595311087,864.0,1024.0,416.0,0.07,95,16,69,1016.3,2.0,3.0,4.0,,
2022-10-26 16:54:19,52.389818333,13.040116667000001,51.4,2.492077589035034,2.6352779865264893,2.6352803707122803,17.259742736816403,19.85287380218506,19.888888359069824,19.893057823181152,19.895870208740234,8.0,9.0,9.0,1221.0,389.0,27.0,1.0,0.0,0.0,2.0,2.0,2.0,511.5,142.0,8.0,0.0,0.0,0.0,18.8673046875,69.29141189478436,1016.3340210198544,864.0,1056.0,512.0,0.07,95,16,69,1016.3,2.0,3.0,4.0,,
2022-10-26 16:54:23,52.389841667,13.040135000000001,54.4,2.4747053384780884,2.6169075965881348,2.616909980773926,17.13942527770996,19.71448040008545,19.750243186950684,19.754383087158203,19.75717639923096,7.0,8.0,8.0,1104.0,350.0,21.0,1.0,0.0,0.0,2.0,2.0,2.0,525.0,145.0,9.0,0.0,0.0,0.0,18.871015625,69.32542387764336,1016.3434932397372,1056.0,1216.0,512.0,0.07,95,16,69,1016.3,2.0,3.0,4.0,,
2022-10-26 16:54:27,52.389863333,13.040141667,52.0,2.4009392261505127,2.5389026403427124,2.538904905319214,16.628532409667972,19.126829147338867,19.161527633666992,19.16554355621338,19.168253898620605,6.5,7.5,8.0,1069.5,340.0,23.0,1.5,0.0,0.0,2.0,2.0,2.0,546.0,155.0,9.0,0.0,0.0,0.0,18.877265625,69.23278730477709,1016.3428967278284,864.0,1056.0,448.0,0.07,95,16,69,1016.3,2.0,3.0,4.0,,
2022-10-26 16:54:30,52.389875,13.040146667,49.6,2.445120334625244,2.585622549057007,2.5856248140335083,16.934523582458493,19.47879409790039,19.514129638671875,19.51821994781494,19.52097988128662,6.0,7.0,8.0,1035.0,330.0,25.0,2.0,0.0,0.0,3.0,3.0,3.0,582.0,173.0,10.0,0.0,0.0,0.0,18.88966796875,69.07432014865596,1016.3432191714804,896.0,928.0,384.0,0.07,95,16,69,1016.3,2.0,3.0,4.0,,
2022-10-26 16:54:30,52.389875,13.040146667,49.6,2.4571694135665894,2.598363757133484,2.598366141319275,17.017972946166992,19.574780464172363,19.61029052734375,19.61440086364746,19.61717414855957,6.0,7.0,7.0,945.0,300.0,27.0,2.0,0.0,0.0,1.0,2.0,2.0,528.0,158.5,8.0,0.0,0.0,0.0,18.9036328125,68.87282921359412,1016.3410856230588,800.0,928.0,384.0,0.07,95,16,69,1016.3,2.0,3.0,4.0,,
2022-10-26 16:54:37,52.389920000000004,13.040161667000001,48.9,2.390779614448548,2.528159141540528,2.5281614065170293,16.558167457580563,19.045893669128414,19.080443382263184,19.084444046020508,19.08714199066162,6.0,7.0,7.0,945.0,299.0,29.0,2.0,0.0,0.0,3.0,3.0,3.0,601.5,169.0,11.0,0.0,0.0,0.0,18.91134765625,68.64054869812892,1016.3395488245324,896.0,1088.0,448.0,0.07,95,16,69,1016.3,2.0,3.0,4.0,,
2022-10-26 16:54:40,52.389948333,13.040155,49.3,2.2568012475967407,2.3864821195602417,2.3864842653274536,15.63025426864624,17.97856903076172,18.01118278503418,18.01495933532715,18.017505645751953,6.0,7.0,7.0,945.0,298.0,31.0,2.0,0.0,0.0,3.0,3.0,3.0,633.0,177.0,12.0,0.0,0.0,0.0,18.92013671875,68.47861699896508,1016.3406212192566,896.0,1152.0,512.0,0.07,95,16,69,1016.3,2.0,3.0,4.0,,
2022-10-26 16:54:44,52.389958333,13.040166667000001,48.4,2.2770092487335205,2.407851338386536,2.407853484153748,15.770212650299072,18.13955402374268,18.172460556030273,18.17627048492432,18.178839683532715,5.0,7.0,7.0,900.0,282.0,35.0,3.0,0.0,0.0,2.5,2.5,2.5,618.0,170.5,13.0,0.0,0.0,0.0,18.938593750000006,68.43482280632668,1016.3349893445717,832.0,992.0,384.0,0.07,95,16,69,1016.3,2.0,3.0,4.0,,
2022-10-26 16:54:48,52.389984999999996,13.040196667,45.1,2.336650967597961,2.470920205116272,2.470922470092773,16.183281898498535,18.61468315124512,18.648451805114746,18.65236186981201,18.65499782562256,5.0,6.5,6.5,859.5,271.5,34.5,3.0,0.0,0.0,2.0,2.5,2.5,600.0,164.0,14.0,0.0,0.0,0.0,18.96564453125,68.40900828684912,1016.3443611158431,832.0,960.0,448.0,0.07,95,16,69,1016.3,2.0,3.0,4.0,,
2022-10-26 16:54:48,52.389984999999996,13.040196667,45.1,2.390860319137573,2.5282444953918457,2.5282468795776367,16.55872631072998,19.04653644561768,19.081088066101074,19.0850887298584,19.08778667449951,5.0,6.0,6.0,819.0,261.0,34.0,3.0,0.0,0.0,3.0,3.0,3.0,645.0,169.5,13.0,0.0,0.0,0.0,18.9926953125,68.35323192616585,1016.340311624625,832.0,896.0,416.0,0.07,95,16,69,1016.3,2.0,3.0,4.0,,
2022-10-26 16:54:48,52.389984999999996,13.040196667,45.1,2.416351199150085,2.555200219154358,2.55520248413086,16.735273361206055,19.24960708618164,19.28452682495117,19.288570404052734,19.29129695892334,4.0,5.0,6.0,735.0,232.0,34.0,3.0,0.0,0.0,2.0,3.0,3.0,613.5,164.0,16.0,0.0,0.0,0.0,19.01984375,68.26752938334936,1016.3422904192832,800.0,1056.0,384.0,0.07,95,16,69,1016.3,2.0,3.0,4.0,,
2022-10-26 16:54:58,52.390045,13.040248333,42.0,2.4858487844467163,2.62869131565094,2.628693699836731,17.21660327911377,19.80325222015381,19.83917617797852,19.843335151672363,19.846141815185547,4.0,5.0,6.0,721.5,229.0,33.5,3.0,0.0,0.0,2.0,3.0,3.0,603.0,156.5,15.0,0.0,0.0,0.0,19.04767578125,68.23186751566732,1016.341199251446,704.0,928.0,352.0,0.07,95,16,69,1016.3,2.0,3.0,4.0,,
2022-10-26 16:55:02,52.390073333000004,13.04026,42.1,2.479319334030152,2.6217867136001587,2.6217890977859497,17.171380996704098,19.75123691558838,19.78706645965576,19.79121398925781,19.794013023376465,4.0,5.0,6.0,708.0,226.0,33.0,3.0,0.0,0.0,3.0,3.0,3.0,661.5,171.5,16.0,0.0,0.0,0.0,19.07453125,68.23266347070954,1016.3477215440796,832.0,1056.0,416.0,0.067,95,16,69,1016.4,2.0,4.0,4.0,,
2022-10-26 16:55:05,52.390093333,13.040278333,41.6,2.434342384338379,2.574225187301636,2.574227333068848,16.85987663269043,19.39293098449707,19.42811107635498,19.43218421936035,19.43493175506592,4.0,5.0,6.0,714.0,228.0,29.0,3.0,0.0,0.0,2.0,2.5,2.5,658.5,166.0,14.0,0.0,0.0,0.0,19.08947265625,68.32149820544359,1016.348863243768,736.0,864.0,384.0,0.067,95,16,69,1016.4,2.0,4.0,4.0,,
2022-10-26 16:55:09,52.390116667,13.040301667,36.7,2.4139907360076904,2.552703976631165,2.552706360816956,16.718923568725586,19.230801582336426,19.265686988830566,19.269726753234863,19.27245044708252,4.0,5.5,6.5,723.0,231.0,31.5,3.5,0.5,0.5,2.0,2.5,2.5,666.0,169.0,13.0,0.0,0.0,0.0,19.08546875,68.48740141903832,1016.341424867267,800.0,1120.0,416.0,0.067,95,16,69,1016.4,2.0,4.0,4.0,,
2022-10-26 16:55:09,52.390116667,13.040301667,36.7,2.571309208869934,2.719062328338623,2.719064712524414,17.808486938476562,20.48406314849853,20.52122211456299,20.525525093078613,20.52842712402344,4.0,6.0,7.0,732.0,234.0,34.0,4.0,1.0,1.0,1.5,2.0,2.0,649.5,167.5,9.0,0.0,0.0,0.0,19.07443359375,68.58233585227569,1016.3525932920883,928.0,1216.0,448.0,0.067,95,16,69,1016.4,2.0,4.0,4.0,,
2022-10-26 16:55:15,52.39014,13.040331667,38.7,2.7714587450027466,2.9307129383087163,2.9307156801223755,19.194692611694336,22.07853412628174,22.118586540222168,22.12322235107422,22.126351356506348,4.0,6.0,7.0,756.0,242.0,34.0,4.0,1.0,1.0,3.0,3.0,3.0,649.5,178.5,10.0,0.0,0.0,0.0,19.0657421875,68.5143503769401,1016.3474936449716,800.0,896.0,448.0,0.067,95,16,69,1016.4,2.0,4.0,4.0,,
2022-10-26 16:55:19,52.390165,13.040353332999999,40.2,2.8920878171920776,3.058273673057556,3.0582765340805054,20.0301513671875,23.03951358795166,23.081308364868164,23.08614635467529,23.08941173553467,4.0,6.0,7.0,780.0,250.0,33.0,3.5,1.0,1.0,2.5,2.5,3.0,660.0,183.5,11.5,1.0,0.0,0.0,19.0708203125,68.41519214086611,1016.3416047990648,928.0,1088.0,384.0,0.067,95,16,69,1016.4,2.0,4.0,4.0,,
2022-10-26 16:55:23,52.390190000000004,13.040383333,39.9,2.9427406787872314,3.1118372678756714,3.1118401288986206,20.38096523284912,23.443034172058105,23.48556137084961,23.4904842376709,23.49380588531494,4.0,6.0,7.0,804.0,258.0,32.0,3.0,1.0,1.0,2.5,2.5,3.5,685.5,193.5,13.0,2.0,0.0,0.0,19.08830078125,68.35128107562244,1016.3393823881689,864.0,992.0,416.0,0.067,95,16,69,1016.4,2.0,4.0,4.0,,
2022-10-26 16:55:27,52.390208333000004,13.04042,42.0,2.884544968605041,3.0502973794937134,3.0503002405166626,19.97791004180908,22.97942352294922,23.02110958099365,23.02593517303467,23.029191970825195,5.0,6.0,7.0,837.0,269.0,28.0,3.0,1.0,1.0,2.5,2.5,3.5,661.5,190.0,16.0,2.0,0.0,0.0,19.10314453125,68.25703093947467,1016.3437173297767,800.0,1088.0,416.0,0.067,95,16,69,1016.4,2.0,4.0,4.0,,
2022-10-26 16:55:30,52.390218333,13.040428333,42.7,2.7773525714874268,2.9369454383850098,2.936948180198669,19.235512733459476,22.125486373901367,22.16562366485596,22.170270919799805,22.17340469360352,4.5,6.0,6.5,849.0,273.0,28.0,3.5,1.0,1.0,3.0,3.0,4.0,655.5,181.5,15.0,2.0,0.0,0.0,19.11203125,68.11865616747465,1016.3399105694236,864.0,1024.0,416.0,0.067,95,16,69,1016.4,2.0,4.0,4.0,,
2022-10-26 16:55:30,52.390218333,13.040428333,42.7,2.794376254081726,2.9549473524093632,2.954949975013733,19.353415489196774,22.26110363006592,22.30148696899414,22.306160926818848,22.30931568145752,4.0,6.0,6.0,861.0,277.0,28.0,4.0,1.0,1.0,1.0,2.0,2.0,612.0,167.0,13.0,2.0,0.0,0.0,19.1173046875,68.05295385119382,1016.3477635753936,832.0,1216.0,480.0,0.067,95,16,69,1016.4,2.0,4.0,4.0,,
2022-10-26 16:55:37,52.390241667,13.040465,45.9,2.8508332967758183,3.0146485567092896,3.0146512985229488,19.744428634643555,22.71086311340332,22.75206184387207,22.756831169128414,22.76004886627197,4.5,6.5,7.5,912.0,296.0,30.0,3.0,1.0,1.0,1.0,1.0,1.5,579.0,153.5,7.5,1.0,0.0,0.0,19.120625,68.0501379362145,1016.3540750703005,800.0,992.0,416.0,0.067,95,16,69,1016.4,2.0,4.0,4.0,,
2022-10-26 16:55:40,52.390256666999996,13.040475,48.2,2.8181785345077515,2.9801173210144043,2.980120062828064,19.518266677856445,22.450721740722656,22.491448402404785,22.496163368225094,22.49934482574463,5.5,7.5,8.5,937.5,304.5,33.5,3.5,1.0,1.0,1.0,1.0,1.0,567.0,146.0,8.0,0.0,0.0,0.0,19.125117187500006,67.98766312815141,1016.352251879393,896.0,1120.0,416.0,0.067,95,16,69,1016.4,2.0,4.0,4.0,,
2022-10-26 16:55:44,52.390281666999996,13.04049,50.0,2.6575814485549927,2.8102920055389404,2.810294508934021,18.40599536895752,21.17134189605713,21.20974826812744,21.214194297790527,21.217193603515625,6.0,8.0,9.0,963.0,313.0,37.0,4.0,1.0,1.0,1.0,1.0,1.0,565.5,142.0,5.0,0.0,0.0,0.0,19.13166015625,67.95542830615533,1016.3538087308023,896.0,1184.0,480.0,0.067,95,16,69,1016.4,2.0,4.0,4.0,,
2022-10-26 16:55:48,52.390288333,13.040488332999999,53.2,2.5766725540161133,2.724733829498291,2.724736452102661,17.84563446044922,20.526789665222168,20.564027786254886,20.568337440490726,20.57124614715576,6.0,8.0,9.0,996.0,326.0,37.0,5.0,1.0,1.0,1.0,1.0,1.0,546.0,145.5,11.0,0.0,0.0,0.0,19.12296875,67.95741916718771,1016.3629711863214,832.0,1120.0,416.0,0.067,95,16,69,1016.4,2.0,4.0,4.0,,
2022-10-26 16:55:51,52.39029,13.040491667000001,47.7,2.4603407382965092,2.601717472076416,2.601719856262207,17.03993797302246,19.6000452041626,19.63560104370117,19.63971710205078,19.64249324798584,6.0,8.5,9.5,1027.5,336.5,41.5,5.5,1.0,1.0,1.0,1.0,1.0,556.5,144.5,13.0,0.0,0.0,0.0,19.10802734375,68.05818347800532,1016.3609925414676,800.0,1216.0,480.0,0.067,95,16,69,1016.4,2.0,4.0,4.0,,
2022-10-26 16:55:51,52.39029,13.040491667000001,47.7,2.441517949104309,2.5818129777908325,2.5818153619766235,16.909573554992676,19.450095176696774,19.48537826538086,19.489463806152344,19.49221897125244,6.0,9.0,10.0,1059.0,347.0,46.0,6.0,1.0,1.0,1.0,1.5,1.5,529.5,142.0,25.5,1.0,0.0,0.0,19.08244140625,68.15403086138326,1016.3565658275012,864.0,1120.0,416.0,0.067,95,16,69,1016.4,2.0,4.0,4.0,,
2022-10-26 16:55:58,52.3903,13.04049,48.3,2.4273276329040527,2.5668073892593384,2.56680965423584,16.811294555664062,19.337050437927246,19.3721284866333,19.37618923187256,19.378929138183594,6.0,9.0,10.0,1053.0,347.0,50.0,5.0,1.0,1.0,1.5,2.5,2.5,510.0,132.0,26.0,2.0,0.0,0.0,19.04982421875,68.24883707563225,1016.3682256618164,864.0,1024.0,448.0,0.067,95,16,69,1016.4,2.0,4.0,4.0,,
2022-10-26 16:56:02,52.390303333,13.04049,49.4,2.3390876054763794,2.4734967947006226,2.473499059677124,16.200156211853027,18.63409423828125,18.667898178100586,18.6718111038208,18.674450874328613,6.5,10.5,11.0,1153.5,378.5,59.5,5.0,0.5,0.5,1.5,2.5,2.5,591.0,156.0,31.5,2.0,0.0,0.0,19.01388671875,68.32985475872664,1016.3777609846312,832.0,992.0,352.0,0.073,95,16,69,1016.4,2.0,3.0,4.0,,
2022-10-26 16:56:05,52.390321666999995,13.040493332999999,48.2,2.1999437808990483,2.3263574838638306,2.3263596296310425,15.23646879196167,17.525619506835938,17.55741310119629,17.5610933303833,17.563576698303226,9.0,17.0,17.0,1576.5,516.0,104.5,10.5,0.0,0.0,1.5,2.5,2.5,643.5,166.5,32.5,2.0,0.0,0.0,18.9798046875,68.37455643975463,1016.3626724349734,800.0,1120.0,608.0,0.073,95,16,69,1016.4,2.0,3.0,4.0,,
2022-10-26 16:56:09,52.39034,13.040473333,50.5,2.062253713607788,2.180755376815796,2.1807574033737183,14.282848358154295,16.428726196289062,16.458528518676758,16.461978912353516,16.464306831359867,10.0,21.5,21.5,1816.5,590.5,145.0,16.0,0.0,0.0,3.0,4.0,4.0,718.5,187.5,36.0,2.0,0.0,0.0,18.96193359375,68.45506580515531,1016.36004824345,832.0,1024.0,448.0,0.073,95,16,69,1016.4,2.0,3.0,4.0,,
2022-10-26 16:56:09,52.39034,13.040473333,50.5,2.0278378725051884,2.1443619728088383,2.1443639993667603,14.044490337371824,16.154556274414062,16.183862686157227,16.187254905700687,16.189543724060062,10.5,23.5,23.5,1927.5,623.5,157.0,18.0,0.0,0.0,3.0,3.5,3.5,720.0,186.0,25.5,1.0,0.0,0.0,18.9469921875,68.5060637309451,1016.3605752557221,896.0,992.0,416.0,0.073,95,16,69,1016.4,2.0,3.0,4.0,,
2022-10-26 16:56:09,52.39034,13.040473333,50.5,2.0083473920822144,2.1237515211105347,2.1237534284591675,13.909502029418945,15.999287605285645,16.028311729431152,16.031671524047848,16.03393840789795,13.5,30.5,33.5,2446.5,791.5,210.0,34.0,4.5,1.5,3.0,4.0,4.0,733.5,191.5,25.0,0.0,0.0,0.0,18.9227734375,68.48901373142354,1016.3592239586457,864.0,992.0,448.0,0.073,95,16,69,1016.4,2.0,3.0,4.0,,
2022-10-26 16:56:19,52.39042,13.040441667,54.2,2.033708930015564,2.1505705118179317,2.150572419166565,14.08515214920044,16.20132827758789,16.230718612670902,16.23412036895752,16.23641586303711,17.5,40.0,45.5,3153.0,1025.0,287.0,47.0,9.0,2.0,3.0,3.5,3.5,705.0,183.5,28.5,0.0,0.0,0.0,18.89669921875,68.57496556909481,1016.3707436985793,832.0,992.0,448.0,0.073,95,16,69,1016.4,2.0,3.0,4.0,,
2022-10-26 16:56:23,52.390454999999996,13.04043,51.7,2.0963282585144043,2.216787934303284,2.2167898416519165,14.518843173980713,16.700177192687992,16.730472564697266,16.733979225158688,16.736346244812008,22.5,46.5,53.0,3738.0,1215.5,327.5,53.0,10.0,2.0,2.5,3.0,3.0,646.5,170.5,22.5,0.0,0.0,0.0,18.88234375,68.64941415078458,1016.3722322567663,704.0,992.0,416.0,0.073,95,16,69,1016.4,2.0,3.0,4.0,,
2022-10-26 16:56:26,52.390463333,13.040396667000001,50.1,2.19382119178772,2.319883108139038,2.3198851346969604,15.194064617156982,17.476844787597653,17.508549690246582,17.512219429016113,17.514695167541507,24.0,49.0,56.0,3957.0,1283.0,337.0,56.0,10.0,2.0,2.5,3.0,3.0,618.0,157.5,19.0,0.0,0.0,0.0,18.88224609375,68.72608044512228,1016.3645244496837,768.0,960.0,448.0,0.073,95,16,69,1016.4,2.0,3.0,4.0,,
2022-10-26 16:56:30,52.390488333,13.040373333,52.5,2.290012001991272,2.421601176261902,2.4216033220291138,15.86026668548584,18.243139266967773,18.276232719421387,18.280064582824707,18.28264808654785,27.0,53.0,62.0,4434.0,1437.0,376.0,59.0,13.0,2.0,2.5,3.5,3.5,622.5,162.5,23.5,0.0,0.0,0.0,18.891328125,68.81086475204046,1016.3669198568815,832.0,1056.0,416.0,0.073,95,16,69,1016.4,2.0,3.0,4.0,,
2022-10-26 16:56:30,52.390488333,13.040373333,52.5,2.4098474979400635,2.5483227968215942,2.5483251810073853,16.690229415893555,19.19779682159424,19.23262310028076,19.23665428161621,19.23937511444092,30.5,61.5,70.5,5067.0,1651.0,421.5,71.0,13.0,2.0,3.0,3.0,3.0,615.0,168.5,24.0,0.0,0.0,0.0,18.89787109375,68.76851115819373,1016.3651288823347,832.0,928.0,352.0,0.073,95,16,69,1016.4,2.0,3.0,4.0,,
2022-10-26 16:56:36,52.390526666999996,13.040328333,54.4,2.5021272897720337,2.645905017852783,2.645907402038574,17.329344749450687,19.932931900024414,19.96909236907959,19.973278045654297,19.97610282897949,30.5,59.5,66.0,4996.5,1632.5,408.0,59.0,9.0,1.0,3.0,3.0,3.0,601.5,169.5,21.0,0.0,0.0,0.0,18.909296875000006,68.84032769219195,1016.3655177732494,736.0,1056.0,544.0,0.073,95,16,69,1016.4,2.0,3.0,4.0,,
2022-10-26 16:56:40,52.390538333,13.040308332999999,54.8,2.6480088233947754,2.800169348716736,2.800171971321106,18.33969783782959,21.09508419036865,21.133350372314453,21.13778114318848,21.14077091217041,27.0,54.0,58.5,4518.0,1474.0,356.5,54.0,5.0,1.0,3.0,4.0,4.0,676.5,185.0,21.0,0.0,0.0,0.0,18.930390625,68.86694056848086,1016.3742976753728,832.0,1120.0,544.0,0.073,95,16,69,1016.4,2.0,3.0,4.0,,
2022-10-26 16:56:44,52.390555,13.040278333,52.9,2.6728057861328125,2.826391220092773,2.8263937234878536,18.511438369750977,21.292625427246094,21.331252098083496,21.33572292327881,21.33874034881592,20.0,43.5,48.0,3679.5,1195.5,290.0,49.0,5.0,2.0,3.5,4.5,4.5,708.0,203.5,25.5,0.0,0.0,0.0,18.95802734375,68.81114711429768,1016.3796061308298,864.0,1152.0,416.0,0.073,95,16,69,1016.4,2.0,3.0,4.0,,
2022-10-26 16:56:48,52.390568333000004,13.040241667,54.0,2.68975567817688,2.844314932823181,2.8443175554275517,18.628829956054688,21.427654266357425,21.466525077819824,21.471025466918945,21.474061012268066,15.5,34.5,37.0,2823.0,919.0,212.0,41.0,2.0,2.0,4.0,4.5,4.5,775.5,215.5,29.0,0.0,0.0,0.0,18.98537109375,68.7753346798137,1016.3810741669063,896.0,1056.0,416.0,0.073,95,16,69,1016.4,2.0,3.0,4.0,,
2022-10-26 16:56:51,52.390578333,13.040213332999999,54.3,2.6657893657684326,2.8189715147018437,2.8189741373062134,18.46284294128418,21.236729621887207,21.27525520324707,21.279714584350586,21.282723426818848,12.0,27.0,28.0,2157.0,697.0,159.0,30.0,2.0,2.0,4.0,5.0,5.0,828.0,227.0,39.0,0.0,0.0,0.0,18.9930859375,68.7298282274827,1016.3963084394239,896.0,1152.0,416.0,0.073,95,16,69,1016.4,2.0,3.0,4.0,,
2022-10-26 16:56:51,52.390578333,13.040213332999999,54.3,2.615732789039612,2.7660387754440308,2.7660412788391118,18.116159439086914,20.837960243225094,20.87576198577881,20.8801383972168,20.88309097290039,11.5,24.5,26.0,2044.5,657.5,144.5,27.5,2.0,2.0,4.0,5.0,5.0,849.0,225.5,37.0,0.0,0.0,0.0,18.98185546875,68.75811429256832,1016.39121316341,832.0,992.0,384.0,0.073,95,16,69,1016.4,2.0,3.0,4.0,,
2022-10-26 16:56:58,52.3906,13.040153333,54.6,2.4792686700820923,2.6217329502105717,2.6217353343963623,17.171030044555664,19.750831604003906,19.78666114807129,19.790809631347656,19.793607711791992,11.0,22.0,24.0,1932.0,618.0,130.0,25.0,2.0,2.0,4.0,5.0,6.0,810.0,217.0,41.0,2.0,2.0,2.0,18.96046875,68.82820572227848,1016.3895014943856,768.0,992.0,384.0,0.073,95,16,69,1016.4,2.0,3.0,4.0,,
2022-10-26 16:57:01,52.390611666999995,13.040131667,54.0,2.400453209877014,2.538388609886169,2.5383909940719604,16.625165939331055,19.122958183288574,19.15764713287353,19.16166400909424,19.16437339782715,9.0,20.0,21.0,1668.0,530.0,111.0,24.0,2.0,2.0,3.5,4.0,5.5,750.0,202.0,37.5,2.0,2.0,2.0,18.94240234375,68.87546939631807,1016.3949392403804,768.0,1120.0,384.0,0.077,95,16,69,1016.4,2.0,4.0,5.0,,
2022-10-26 16:57:05,52.390626667,13.040103333,53.4,2.4262529611587524,2.565670967102051,2.565673232078552,16.803851127624508,19.32848834991455,19.363551139831547,19.367610931396484,19.370348930358887,8.0,18.0,19.0,1578.0,499.0,101.5,21.5,1.5,1.5,3.0,4.0,5.0,724.5,198.5,30.5,2.0,2.0,2.0,18.936152343750006,68.90454091735963,1016.3896669042384,896.0,1056.0,416.0,0.077,95,16,69,1016.4,2.0,4.0,5.0,,
2022-10-26 16:57:09,52.390643333,13.04008,51.3,2.50060772895813,2.6442983150482178,2.6443006992340092,17.31882095336914,19.920827865600586,19.956965446472168,19.96114921569824,19.963972091674805,7.0,16.0,17.0,1488.0,468.0,92.0,19.0,1.0,1.0,3.0,3.0,5.0,676.5,188.0,16.0,2.0,2.0,2.0,18.92462890625,68.91944984536491,1016.3933108351872,832.0,1024.0,416.0,0.077,95,16,69,1016.4,2.0,4.0,5.0,,
2022-10-26 16:57:12,52.390661666999996,13.04006,51.3,2.65738046169281,2.8100794553756714,2.810082077980041,18.404603004455566,21.169740676879886,21.208144187927246,21.21259021759033,21.21558952331543,6.5,12.5,13.5,1263.0,393.0,67.0,14.0,1.0,1.0,1.0,2.0,3.0,580.5,157.5,12.0,2.0,2.0,2.0,18.9118359375,68.95085426566125,1016.398215290043,928.0,960.0,448.0,0.077,95,16,69,1016.4,2.0,4.0,5.0,,
2022-10-26 16:57:12,52.390661666999996,13.04006,51.3,2.6810497045516968,2.8351088762283325,2.835111498832702,18.568533897399906,21.35830020904541,21.397045135498047,21.401531219482425,21.404556274414066,6.5,11.5,12.5,1200.0,372.0,58.0,12.5,1.0,1.0,3.0,3.0,3.0,592.5,164.5,13.0,0.0,0.0,0.0,18.8977734375,69.00543955832961,1016.3934787081564,896.0,1216.0,480.0,0.077,95,16,69,1016.4,2.0,4.0,5.0,,
2022-10-26 16:57:19,52.390693333,13.039996667,47.4,2.6465495824813843,2.7986263036727905,2.7986289262771606,18.329591751098636,21.08345890045166,21.121705055236816,21.12613296508789,21.129119873046875,5.0,9.0,10.0,1137.0,351.0,49.0,11.0,1.0,1.0,3.0,3.0,3.0,639.0,175.5,15.5,0.0,0.0,0.0,18.88810546875,68.98725011619192,1016.3850858594257,736.0,928.0,352.0,0.077,95,16,69,1016.4,2.0,4.0,5.0,,
2022-10-26 16:57:23,52.390705,13.039963333,44.3,2.607711434364319,2.757556438446045,2.757558941841125,18.060604095458984,20.77405834197998,20.81174373626709,20.81610679626465,20.819049835205078,4.0,8.0,8.0,1017.0,315.0,41.0,6.0,0.0,0.0,3.0,3.0,3.0,609.0,167.0,20.0,0.0,0.0,0.0,18.88400390625,68.98995556507931,1016.3833547454581,832.0,1088.0,416.0,0.077,95,16,69,1016.4,2.0,4.0,5.0,,
2022-10-26 16:57:26,52.390715,13.039948333,41.0,2.509305477142334,2.6534959077835083,2.6534982919692998,17.379060745239258,19.9901180267334,20.026381492614746,20.030579566955566,20.033411979675293,5.5,9.0,9.0,1051.5,324.5,43.0,5.5,0.0,0.0,2.5,3.5,3.5,613.5,162.5,28.5,0.0,0.0,0.0,18.88234375,68.94963698415647,1016.3739093315834,736.0,1056.0,352.0,0.077,95,16,69,1016.4,2.0,4.0,5.0,,
2022-10-26 16:57:30,52.390723333000004,13.039931667000001,40.6,2.430557608604431,2.570222973823548,2.5702251195907597,16.833663940429688,19.362780570983887,19.39790630340576,19.40197277069092,19.404715538024906,5.5,8.5,8.5,1086.0,334.0,45.0,5.0,0.0,0.0,3.0,4.0,4.0,640.5,176.0,33.0,0.0,0.0,0.0,18.87521484375,68.99861493086198,1016.3822803666768,800.0,1024.0,416.0,0.077,95,16,69,1016.4,2.0,4.0,5.0,,
2022-10-26 16:57:30,52.390723333000004,13.039931667000001,40.6,2.3767164945602417,2.513287901878357,2.513290286064148,16.460769653320312,18.933860778808594,18.96820831298828,18.97218513488769,18.97486686706543,4.0,6.0,6.0,984.0,306.0,35.0,2.0,0.0,0.0,2.5,3.0,3.0,622.5,164.0,27.0,0.0,0.0,0.0,18.8596875,69.12647301781438,1016.3784809006404,864.0,1152.0,480.0,0.077,95,16,69,1016.4,2.0,4.0,5.0,,
2022-10-26 16:57:30,52.390723333000004,13.039931667000001,40.6,2.3651198148727417,2.5010249614715576,2.501027226448059,16.380452156066895,18.841477394104004,18.87565803527832,18.87961483001709,18.88228416442871,4.0,6.0,6.0,949.5,296.5,35.0,3.0,0.0,0.0,2.0,2.5,2.5,603.0,161.0,25.5,0.0,0.0,0.0,18.83361328125,69.21265504400904,1016.376575775227,768.0,1088.0,448.0,0.077,95,16,69,1016.4,2.0,4.0,5.0,,
2022-10-26 16:57:40,52.39074,13.039878332999999,36.0,2.4103492498397827,2.548853278160095,2.5488556623458862,16.693703651428226,19.20179271697998,19.23662567138672,19.2406587600708,19.243379592895508,4.0,6.0,6.0,915.0,287.0,35.0,4.0,0.0,0.0,2.5,2.5,2.5,609.0,166.0,23.0,0.0,0.0,0.0,18.79767578125,69.32074664591869,1016.3776884394464,736.0,864.0,384.0,0.077,95,16,69,1016.4,2.0,4.0,5.0,,
2022-10-26 16:57:44,52.390745,13.039836667000001,35.8,2.487268567085266,2.6301926374435425,2.630195021629333,17.226436614990234,19.814562797546387,19.85050773620605,19.85466957092285,19.857476234436035,5.0,7.0,7.0,927.0,289.0,35.0,4.0,0.0,0.0,2.5,3.0,3.0,624.0,173.0,22.0,0.0,0.0,0.0,18.7622265625,69.4122385083551,1016.3796004165436,864.0,1152.0,480.0,0.077,95,16,69,1016.4,2.0,4.0,5.0,,
2022-10-26 16:57:47,52.39075,13.039806667,35.0,2.4417644739151,2.582073926925659,2.5820761919021606,16.91128158569336,19.452059745788574,19.487346649169922,19.491433143615726,19.49418830871582,4.5,7.0,7.0,939.0,295.0,42.0,4.0,0.0,0.0,3.0,4.0,4.0,681.0,186.0,23.0,0.0,0.0,0.0,18.72931640625,69.51085236262115,1016.3856934357783,864.0,896.0,320.0,0.077,95,16,69,1016.4,2.0,4.0,5.0,,
2022-10-26 16:57:51,52.39076,13.039773333,36.2,2.3174415826797485,2.450607180595398,2.45060932636261,16.050240993499756,18.461654663085934,18.495144844055176,18.499022483825684,18.50163745880127,4.0,7.0,7.0,951.0,301.0,49.0,4.0,0.0,0.0,3.5,4.0,4.0,700.5,200.0,26.0,0.0,0.0,0.0,18.70021484375,69.61344810244503,1016.3880024932566,864.0,1088.0,480.0,0.077,95,16,69,1016.4,2.0,4.0,5.0,,
2022-10-26 16:57:51,52.39076,13.039773333,36.2,2.235775947570801,2.3642486333847046,2.3642507791519165,15.484636783599855,17.811073303222656,17.8433837890625,17.84712505340576,17.849648475646973,4.5,6.5,6.5,933.0,295.0,49.0,4.0,0.0,0.0,3.0,4.0,5.0,681.0,193.0,26.0,2.0,2.0,0.0,18.6852734375,69.64125738077341,1016.3801285074057,800.0,1056.0,416.0,0.077,95,16,69,1016.4,2.0,4.0,5.0,,
2022-10-26 16:57:57,52.390766667,13.039719999999999,42.8,2.2623441219329834,2.392343521118164,2.392345666885376,15.668643951416016,18.02272605895996,18.055419921875,18.059205055236816,18.061758995056152,5.0,7.5,8.0,948.0,299.0,51.5,4.5,0.5,0.5,3.0,4.0,5.0,712.5,197.5,24.0,2.0,2.0,0.0,18.67736328125,69.61994098956507,1016.3763048300824,800.0,1056.0,416.0,0.077,95,16,69,1016.4,2.0,4.0,5.0,,
2022-10-26 16:58:01,52.390768333000004,13.039708333,45.1,2.3567599058151245,2.492184638977051,2.492186903953552,16.322553634643555,18.774880409240726,18.80893898010254,18.81288146972656,18.815542221069336,5.0,8.0,9.0,963.0,303.0,54.0,5.0,1.0,1.0,3.0,4.0,5.0,724.5,199.5,18.5,2.0,2.0,0.0,18.68283203125,69.63418303906131,1016.3802937296539,928.0,1024.0,416.0,0.07400000000000001,95,16,69,1016.4,2.0,4.0,4.0,,
2022-10-26 16:58:05,52.390768333000004,13.039706667,48.7,2.4017819166183467,2.539793610572815,2.539795994758606,16.634368896484375,19.13354206085205,19.168251991271973,19.17227077484131,19.17498111724853,6.0,8.0,10.0,969.0,307.0,56.0,6.0,2.0,2.0,3.0,3.5,6.0,678.0,191.0,19.0,4.0,4.0,0.0,18.6971875,69.57280407446343,1016.3712740484714,768.0,1056.0,384.0,0.07400000000000001,95,16,69,1016.4,2.0,4.0,4.0,,
2022-10-26 16:58:09,52.390768333000004,13.039705,49.3,2.415714979171753,2.554527282714844,2.5545296669006348,16.730865478515625,19.24453830718994,19.27944850921631,19.28349018096924,19.286216735839844,6.0,8.5,10.5,1003.5,319.5,60.0,6.0,2.0,2.0,3.0,3.5,5.5,687.0,190.5,19.5,4.0,4.0,0.0,18.707636718750006,69.5242220067538,1016.370901132927,800.0,960.0,384.0,0.07400000000000001,95,16,69,1016.4,2.0,4.0,4.0,,
2022-10-26 16:58:12,52.39077,13.039705,49.4,2.379339575767517,2.5160616636276245,2.5160640478134155,16.478935241699222,18.954757690429688,18.989142417907715,18.993123054504395,18.995808601379395,6.0,9.0,11.0,1038.0,332.0,64.0,6.0,2.0,2.0,4.0,4.0,5.0,727.5,201.5,22.5,2.0,2.0,0.0,18.70939453125,69.58474076644546,1016.363740168475,960.0,1152.0,448.0,0.07400000000000001,95,16,69,1016.4,2.0,4.0,4.0,,
2022-10-26 16:58:12,52.39077,13.039705,49.4,2.34392249584198,2.4786094427108765,2.4786118268966675,16.233643531799313,18.67261028289795,18.7064847946167,18.71040630340576,18.71305084228516,6.0,9.0,11.0,1020.0,326.0,66.0,6.0,2.0,2.0,3.5,4.0,5.0,720.0,196.5,27.0,2.0,2.0,0.0,18.71193359375,69.68893126700743,1016.3654122194755,800.0,1056.0,480.0,0.07400000000000001,95,16,69,1016.4,2.0,4.0,4.0,,
2022-10-26 16:58:19,52.390771666999996,13.0397,47.8,2.195575475692749,2.3217381238937382,2.3217402696609497,15.206214427947998,17.49082088470459,17.522549629211426,17.526223182678226,17.528701782226562,5.5,9.0,10.5,985.5,315.5,65.0,6.0,2.0,2.0,3.0,4.0,5.0,699.0,190.5,28.0,2.0,2.0,0.0,18.701777343750006,69.65051710087326,1016.3671068633093,832.0,832.0,384.0,0.07400000000000001,95,16,69,1016.4,2.0,4.0,4.0,,
2022-10-26 16:58:22,52.390773333,13.039698332999999,47.1,2.1726274490356445,2.297471523284912,2.297473669052124,15.047280311584473,17.30800724029541,17.339405059814453,17.343040466308597,17.345492362976074,5.0,9.0,10.0,951.0,305.0,64.0,6.0,2.0,2.0,3.0,4.0,4.0,727.5,195.5,23.0,0.0,0.0,0.0,18.69533203125,69.59594926097479,1016.3740823506952,960.0,1344.0,480.0,0.07400000000000001,95,16,69,1016.4,2.0,4.0,4.0,,
2022-10-26 16:58:26,52.390773333,13.039696667000001,47.0,2.270732283592224,2.401213765144348,2.40121591091156,15.726739406585693,18.089550018310547,18.122365951538086,18.12616443634033,18.128727912902832,6.0,9.0,10.0,957.0,307.0,61.0,6.0,2.0,2.0,3.5,4.0,4.0,754.5,201.5,20.5,0.0,0.0,0.0,18.6899609375,69.44452793247497,1016.3777992741884,832.0,992.0,448.0,0.07400000000000001,95,16,69,1016.4,2.0,4.0,4.0,,
2022-10-26 16:58:30,52.390775,13.039695,45.3,2.332516551017761,2.466548204421997,2.4665504693984985,16.154646873474118,18.58174705505371,18.615456581115726,18.61935806274414,18.62199115753174,5.5,8.5,9.5,934.5,298.5,60.0,4.5,2.0,2.0,4.0,4.0,4.0,768.0,206.0,19.5,0.0,0.0,0.0,18.67970703125,69.35932361744582,1016.3734637609103,800.0,1088.0,416.0,0.07400000000000001,95,16,69,1016.4,2.0,4.0,4.0,,
2022-10-26 16:58:33,52.390778333,13.039691667,43.0,2.3181560039520264,2.451362490653992,2.451364636421204,16.055188655853268,18.467345237731934,18.50084590911865,18.50472450256348,18.50734043121338,5.0,8.0,9.0,912.0,290.0,59.0,3.0,2.0,2.0,3.5,4.0,4.0,729.0,200.0,16.0,0.0,0.0,0.0,18.6723828125,69.28798046340056,1016.3722828053997,928.0,1280.0,448.0,0.07400000000000001,95,16,69,1016.4,2.0,4.0,4.0,,
2022-10-26 16:58:33,52.390778333,13.039691667,43.0,2.3042744398117065,2.4366830587387085,2.4366854429244995,15.959046363830565,18.356759071350094,18.39005947113037,18.3939151763916,18.396514892578125,5.0,8.0,9.0,924.0,296.0,59.0,2.0,2.0,2.0,3.0,4.0,4.0,697.5,194.0,16.5,0.0,0.0,0.0,18.674921875000006,69.19145411207424,1016.3680873565507,864.0,1088.0,480.0,0.07400000000000001,95,16,69,1016.4,2.0,4.0,4.0,,
2022-10-26 16:58:40,52.390778333,13.039691667,42.1,2.3270763158798218,2.460795521736145,2.460797667503357,16.116969108581547,18.53840923309326,18.57203865051269,18.575931549072266,18.57855796813965,5.5,8.0,9.0,936.0,300.0,54.0,2.0,2.0,2.0,3.5,4.0,5.0,714.0,202.5,26.0,2.0,2.0,0.0,18.69103515625,69.15719163892888,1016.3678347656427,800.0,896.0,352.0,0.07400000000000001,95,16,69,1016.4,2.0,4.0,4.0,,
2022-10-26 16:58:43,52.390781667,13.039688332999999,38.7,2.336010575294494,2.4702430963516235,2.4702452421188354,16.17884635925293,18.609582901000977,18.64334201812744,18.647250175476074,18.64988613128662,6.0,8.0,9.0,948.0,304.0,49.0,2.0,2.0,2.0,3.0,3.5,4.5,633.0,182.0,26.0,2.0,2.0,0.0,18.70744140625,69.1062786469906,1016.3613576611248,832.0,928.0,416.0,0.07400000000000001,95,16,69,1016.4,2.0,4.0,4.0,,
2022-10-26 16:58:47,52.390785,13.039685,34.9,2.3899775743484497,2.527311086654663,2.527313351631165,16.552613258361813,19.03950500488281,19.074044227600094,19.078042030334476,19.08073902130127,6.0,8.0,9.0,978.0,312.0,45.0,2.0,2.0,2.0,3.0,3.0,4.0,612.0,174.5,23.0,2.0,2.0,0.0,18.722578125,69.05518046210571,1016.3603305837233,800.0,896.0,384.0,0.07400000000000001,95,16,69,1016.4,2.0,4.0,4.0,,
2022-10-26 16:58:51,52.390786667,13.039681667,32.2,2.373317003250122,2.509693026542664,2.509695291519165,16.437224388122562,18.906779289245605,18.94107723236084,18.945048332214355,18.947726249694824,6.0,8.0,9.0,981.0,315.0,45.0,2.0,1.5,1.5,3.0,3.0,4.0,633.0,175.0,21.0,2.0,2.0,0.0,18.73146484375,68.97309030897875,1016.3557030258193,768.0,1024.0,384.0,0.07400000000000001,95,16,69,1016.4,2.0,4.0,4.0,,
2022-10-26 16:58:51,52.390786667,13.039681667,32.2,2.3968636989593506,2.534592866897583,2.534595251083374,16.600305557250973,19.09436321258545,19.12900161743164,19.13301181793213,19.135716438293453,6.0,8.0,9.0,984.0,318.0,45.0,2.0,1.0,1.0,3.0,3.0,4.0,652.5,169.0,18.5,2.0,2.0,0.0,18.74845703125,68.92563839168041,1016.345996584966,768.0,960.0,448.0,0.07400000000000001,95,16,69,1016.4,2.0,4.0,4.0,,
2022-10-26 16:58:51,52.390786667,13.039681667,32.2,2.48286771774292,2.625538825988769,2.62554132938385,17.195956230163574,19.779504776000977,19.81538486480713,19.819539070129395,19.822340965271,6.0,8.0,8.0,1002.0,324.0,41.0,1.0,0.0,0.0,2.0,2.0,2.0,604.5,156.0,9.0,0.0,0.0,0.0,18.77052734375,68.86230234296349,1016.3488536148874,864.0,896.0,448.0,0.07400000000000001,95,16,69,1016.4,2.0,4.0,4.0,,
2022-10-26 16:59:01,52.390796667,13.039656667000001,33.0,2.5351219177246094,2.680795669555664,2.6807981729507446,17.557860374450687,20.195781707763672,20.232418060302734,20.23666000366211,20.23952007293701,6.0,8.0,8.0,996.0,322.0,39.0,1.0,0.0,0.0,2.5,2.5,2.5,667.5,177.0,10.0,0.0,0.0,0.0,18.7841015625,68.88441464263542,1016.3452455152036,768.0,896.0,448.0,0.076,95,16,69,1016.3,2.0,3.0,4.0,,
2022-10-26 16:59:05,52.390808333,13.03965,33.0,2.585085153579712,2.733629941940308,2.733632445335388,17.903897285461426,20.5938081741333,20.631166458129886,20.635491371154785,20.63840961456299,6.0,8.0,8.0,990.0,320.0,37.0,1.0,0.0,0.0,3.0,3.0,3.0,654.0,169.5,8.0,0.0,0.0,0.0,18.79591796875,68.9196089706426,1016.3420917561031,800.0,1088.0,416.0,0.076,95,16,69,1016.3,2.0,3.0,4.0,,
2022-10-26 16:59:08,52.39082,13.039645,32.8,2.4973241090774536,2.6408259868621826,2.6408283710479736,17.296079635620114,19.89466953277588,19.93075942993164,19.934938430786133,19.9377555847168,5.0,7.0,7.0,927.0,301.0,31.0,1.0,0.0,0.0,3.0,3.0,3.0,640.5,169.5,11.0,0.0,0.0,0.0,18.80607421875,68.91450010120715,1016.3403922186484,736.0,928.0,416.0,0.076,95,16,69,1016.3,2.0,3.0,4.0,,
2022-10-26 16:59:12,52.390843333,13.03963,34.0,2.4236418008804317,2.562909722328186,2.562912106513977,16.7857666015625,19.307686805725094,19.34271240234375,19.346766471862797,19.34950256347656,5.0,7.0,7.0,936.0,305.0,32.0,1.0,0.0,0.0,3.0,3.0,3.0,604.5,175.5,10.0,0.0,0.0,0.0,18.81076171875,68.91188581813508,1016.3472825650496,928.0,1152.0,480.0,0.076,95,16,69,1016.3,2.0,3.0,4.0,,
2022-10-26 16:59:12,52.390843333,13.03963,34.0,2.4997999668121342,2.643444061279297,2.643446445465088,17.313226699829098,19.91439247131348,19.95051860809326,19.95470142364502,19.95752239227295,5.0,7.0,7.0,945.0,309.0,33.0,1.0,0.0,0.0,2.5,2.5,2.5,631.5,178.0,9.0,0.0,0.0,0.0,18.82150390625,68.85014140363685,1016.3540945101331,992.0,1216.0,448.0,0.076,95,16,69,1016.3,2.0,3.0,4.0,,
2022-10-26 16:59:18,52.390868333,13.039605,40.1,2.504911184310913,2.64884889125824,2.6488513946533203,17.348625183105472,19.95511054992676,19.991310119628906,19.995500564575195,19.998329162597656,5.0,8.0,8.0,966.0,314.0,40.0,1.0,0.0,0.0,3.0,3.0,3.0,673.5,182.5,6.0,0.0,0.0,0.0,18.8333203125,68.80859306793849,1016.3517772508998,736.0,896.0,352.0,0.076,95,16,69,1016.3,2.0,3.0,4.0,,
2022-10-26 16:59:22,52.390885,13.039593333,41.5,2.5827126502990723,2.7311211824417114,2.731123685836792,17.88746738433838,20.57490825653076,20.61223316192627,20.616554260253906,20.619468688964844,5.0,8.0,8.0,973.5,316.5,41.0,1.0,0.0,0.0,3.0,3.0,3.0,702.0,183.5,8.5,0.0,0.0,0.0,18.84298828125,68.75004634782533,1016.3526249152657,896.0,1152.0,416.0,0.076,95,16,69,1016.3,2.0,3.0,4.0,,
2022-10-26 16:59:26,52.390898333,13.039576667,42.5,2.5459518432617188,2.6922478675842285,2.692250490188598,17.632866859436035,20.282057762146,20.318849563598636,20.32310962677002,20.32598304748535,5.0,8.0,8.0,981.0,319.0,42.0,1.0,0.0,0.0,4.0,4.0,4.0,766.5,197.0,9.0,0.0,0.0,0.0,18.8512890625,68.68463452862994,1016.3545720155788,960.0,1120.0,384.0,0.076,95,16,69,1016.3,2.0,3.0,4.0,,
2022-10-26 16:59:30,52.3909,13.039568333,44.4,2.4286645650863647,2.568221092224121,2.568223476409912,16.82055377960205,19.34770107269287,19.382798194885254,19.38686180114746,19.38960266113281,5.0,8.0,9.0,993.0,321.0,46.0,2.0,1.0,1.0,3.0,3.0,3.0,801.0,195.0,14.0,0.0,0.0,0.0,18.856171875,68.66538324772421,1016.3584300372772,768.0,992.0,480.0,0.076,95,16,69,1016.3,2.0,3.0,4.0,,
2022-10-26 16:59:33,52.390916667,13.039556667000001,43.1,2.375422716140747,2.5119198560714717,2.5119221210479736,16.45180892944336,18.923555374145508,18.95788288116455,18.96185779571533,18.96453857421875,5.0,8.0,8.5,984.0,317.0,46.0,2.0,1.0,1.0,3.5,4.0,4.0,822.0,201.5,18.5,0.0,0.0,0.0,18.85880859375,68.759158297423,1016.3468457493723,832.0,992.0,448.0,0.076,95,16,69,1016.3,2.0,3.0,4.0,,
2022-10-26 16:59:33,52.390916667,13.039556667000001,43.1,2.3588638305664062,2.494409441947937,2.4944117069244385,16.337124824523926,18.79163932800293,18.825729370117188,18.82967567443848,18.832338333129886,5.0,8.0,8.0,975.0,313.0,46.0,2.0,1.0,1.0,4.0,4.0,4.0,808.5,205.0,27.5,0.0,0.0,0.0,18.870625,68.85104448692985,1016.3512343867168,800.0,928.0,416.0,0.076,95,16,69,1016.3,2.0,3.0,4.0,,
2022-10-26 16:59:40,52.39098,13.039508332999999,36.1,2.3628618717193604,2.4986371994018555,2.498639464378357,16.364813804626465,18.823490142822266,18.857637405395508,18.86158943176269,18.864256858825684,5.0,8.0,9.0,957.0,307.0,50.0,3.0,2.0,1.0,3.5,3.5,3.5,768.0,202.5,29.5,0.0,0.0,0.0,18.878828125,68.92573024303545,1016.3463113132613,832.0,1024.0,512.0,0.076,95,16,69,1016.3,2.0,3.0,4.0,,
2022-10-26 16:59:43,52.391005,13.039491667,33.7,2.3663642406463623,2.5023409128189087,2.50234317779541,16.389070510864258,18.851390838623047,18.88558959960937,18.889548301696774,18.89221954345703,5.0,7.5,8.5,948.0,303.0,51.0,2.5,2.0,1.0,4.0,4.0,4.0,694.5,190.5,30.0,0.0,0.0,0.0,18.87951171875,68.9859266740239,1016.3482768653073,832.0,1152.0,416.0,0.076,95,16,69,1016.3,2.0,3.0,4.0,,
2022-10-26 16:59:47,52.391031667,13.039476667,30.2,2.4495970010757446,2.590356469154358,2.590358853340149,16.965529441833493,19.5144567489624,19.54985809326172,19.55395603179932,19.556720733642575,5.0,7.0,8.0,939.0,299.0,52.0,2.0,2.0,1.0,3.0,3.5,3.5,714.0,204.5,28.0,0.0,0.0,0.0,18.8753125,69.15227533996,1016.3530930460716,800.0,1184.0,512.0,0.076,95,16,69,1016.3,2.0,3.0,4.0,,
2022-10-26 16:59:51,52.391059999999996,13.039461667000001,32.8,2.472799301147461,2.61489200592041,2.614894390106201,17.12622356414795,19.69929599761963,19.735031127929688,19.739168167114254,19.74195957183838,4.0,7.0,8.0,915.0,287.0,50.0,2.0,2.0,1.0,4.0,4.5,4.5,699.0,204.5,24.5,0.0,0.0,0.0,18.86828125,69.24476165297506,1016.3532398643073,736.0,1088.0,352.0,0.076,95,16,69,1016.3,2.0,3.0,4.0,,
2022-10-26 16:59:54,52.391076667,13.03945,33.2,2.38970148563385,2.527019143104553,2.5270214080810547,16.550701141357422,19.03730583190918,19.071839332580566,19.075838088989254,19.07853507995605,4.0,7.0,8.5,894.0,280.0,51.0,2.5,2.5,1.0,2.5,3.5,3.5,628.5,176.5,19.5,0.0,0.0,0.0,18.8649609375,69.30442269865617,1016.354473718826,832.0,1056.0,448.0,0.076,95,16,69,1016.3,2.0,3.0,4.0,,
2022-10-26 16:59:54,52.391076667,13.03945,33.2,2.291075348854065,2.422725796699524,2.422727942466736,15.867632865905762,18.25161075592041,18.2847204208374,18.28855323791504,18.291138648986816,4.0,7.0,9.0,873.0,273.0,52.0,3.0,3.0,1.0,2.5,3.5,3.5,654.0,180.5,24.0,0.0,0.0,0.0,18.84787109375,69.31514884741219,1016.3489365632854,768.0,928.0,416.0,0.076,95,16,69,1016.3,2.0,3.0,4.0,,
2022-10-26 17:00:01,52.39112,13.039435000000001,37.1,2.157981634140014,2.2819840908050537,2.2819862365722656,14.945845603942873,17.191333770751953,17.222518920898438,17.226129531860348,17.228565216064453,4.0,7.0,9.0,891.0,279.0,52.0,3.0,3.0,1.0,2.5,3.5,3.5,672.0,181.5,21.0,0.0,0.0,0.0,18.8192578125,69.29734218011339,1016.3495526199671,768.0,1024.0,480.0,0.087,94,16,69,1016.4,2.0,3.0,4.0,,
2022-10-26 17:00:04,52.391131666999996,13.039428333,36.7,2.134349226951599,2.256993770599365,2.256995797157288,14.782171249389648,17.003067970275882,17.033912658691403,17.037484169006348,17.03989315032959,4.0,6.5,8.5,865.5,270.5,50.0,3.0,3.0,1.0,2.5,3.0,3.0,636.0,170.5,18.0,0.0,0.0,0.0,18.78830078125,69.26580455476063,1016.3571997457657,736.0,960.0,416.0,0.087,94,16,69,1016.4,2.0,3.0,4.0,,
2022-10-26 17:00:08,52.391148333000004,13.039416667000001,37.5,2.2059638500213623,2.3327234983444214,2.3327256441116333,15.278162956237793,17.573578834533688,17.60545825958252,17.60914897918701,17.61163902282715,4.0,6.0,8.0,840.0,262.0,48.0,3.0,3.0,1.0,2.5,3.0,3.0,633.0,166.0,18.0,0.0,0.0,0.0,18.76251953125,69.208337218346,1016.3566090784273,768.0,960.0,384.0,0.087,94,16,69,1016.4,2.0,3.0,4.0,,
2022-10-26 17:00:12,52.39118,13.039394999999999,34.4,2.2976815700531006,2.4297114610672,2.429713726043701,15.91338586807251,18.304238319396973,18.337443351745605,18.341286659240726,18.343880653381348,5.0,6.0,8.0,858.0,266.0,48.0,3.0,3.0,1.0,2.5,2.5,3.0,651.0,176.5,16.0,1.0,1.0,0.0,18.7544140625,69.18369381068487,1016.3608495854221,736.0,832.0,416.0,0.087,94,16,69,1016.4,2.0,3.0,4.0,,
2022-10-26 17:00:12,52.39118,13.039394999999999,34.4,2.4687730073928837,2.6106343269348145,2.610636711120605,17.098339080810547,19.66722011566162,19.70289802551269,19.70702838897705,19.70981502532959,5.0,6.5,8.0,867.0,270.0,47.0,3.0,3.0,1.0,3.0,3.0,4.0,675.0,185.5,8.0,2.0,2.0,0.0,18.7481640625,69.29970752882099,1016.3564122145486,800.0,928.0,352.0,0.087,94,16,69,1016.4,2.0,3.0,4.0,,
2022-10-26 17:00:12,52.39118,13.039394999999999,34.4,2.5612292289733887,2.70840322971344,2.708405613899231,17.738676071166992,20.40376281738281,20.440775871276852,20.44506072998047,20.44795227050781,5.0,7.0,8.0,876.0,274.0,46.0,3.0,3.0,1.0,3.0,3.0,4.0,654.0,180.0,7.0,2.0,2.0,0.0,18.7251171875,69.44662918831916,1016.3552957652668,864.0,1056.0,384.0,0.087,94,16,69,1016.4,2.0,3.0,4.0,,
2022-10-26 17:00:22,52.391256667,13.039356667,33.8,2.5624243021011357,2.7096668481826782,2.7096694707870483,17.746952056884766,20.41328239440918,20.45031452178955,20.4546012878418,20.45749282836914,5.0,6.0,7.0,846.0,264.0,40.0,2.0,2.0,0.0,3.0,3.0,5.0,682.5,187.5,10.0,4.0,4.0,0.0,18.6926953125,69.5352915936476,1016.3579981163189,864.0,1216.0,448.0,0.087,94,16,69,1016.4,2.0,3.0,4.0,,
2022-10-26 17:00:26,52.391290000000005,13.03935,34.9,2.547883152961731,2.694290280342102,2.694292664527893,17.64624309539795,20.297443389892575,20.334263801574707,20.338526725769047,20.341402053833008,5.0,6.5,7.5,852.0,267.0,42.0,2.0,2.0,0.0,3.0,4.0,6.0,735.0,211.0,16.0,4.0,4.0,0.0,18.66330078125,69.61106340603415,1016.3573055098593,832.0,1152.0,448.0,0.087,94,16,69,1016.4,2.0,3.0,4.0,,
2022-10-26 17:00:29,52.391313333,13.039335000000001,33.1,2.5465505123138428,2.6928809881210327,2.6928834915161133,17.63701343536377,20.286826133728027,20.323627471923828,20.32788848876953,20.33076286315918,5.0,7.0,8.0,858.0,270.0,44.0,2.0,2.0,0.0,4.0,4.0,5.5,796.5,227.5,18.0,3.0,3.0,0.0,18.6440625,69.67839007172196,1016.349049986871,768.0,864.0,384.0,0.087,94,16,69,1016.4,2.0,3.0,4.0,,
2022-10-26 17:00:33,52.391341667,13.039315,36.9,2.5518559217453003,2.698491334915161,2.6984937191009517,17.673757553100586,20.32909107208252,20.365968704223636,20.370238304138184,20.373119354248047,5.0,6.0,7.0,840.0,266.0,39.0,1.0,1.0,0.0,4.0,4.0,5.0,757.5,220.5,24.0,2.0,2.0,0.0,18.62970703125,69.69960377214696,1016.3488457298888,928.0,928.0,448.0,0.087,94,16,69,1016.4,2.0,3.0,4.0,,
2022-10-26 17:00:33,52.391341667,13.039315,36.9,2.551690101623535,2.698315978050232,2.698318362236023,17.672608375549316,20.327770233154297,20.364645957946774,20.368915557861328,20.37179470062256,5.0,6.0,7.0,831.0,262.0,37.0,1.0,1.0,0.0,4.0,4.0,5.0,783.0,229.5,23.0,2.0,2.0,0.0,18.616328125,69.68748215970874,1016.3452220541443,928.0,1184.0,448.0,0.087,94,16,69,1016.4,2.0,3.0,4.0,,
2022-10-26 17:00:39,52.391391667,13.039288333,41.7,2.555608034133911,2.70245897769928,2.7024614810943604,17.699743270874023,20.35898208618164,20.39591407775879,20.400190353393555,20.403074264526367,5.0,6.0,7.0,822.0,258.0,35.0,1.0,1.0,0.0,4.0,4.5,4.5,790.5,231.0,22.0,0.0,0.0,0.0,18.61203125,69.57633483572648,1016.3507084714283,768.0,960.0,448.0,0.087,94,16,69,1016.4,2.0,3.0,4.0,,
2022-10-26 17:00:43,52.391428333,13.039281667000001,41.3,2.576239109039306,2.7242755889892583,2.7242780923843384,17.842632293701172,20.523337364196774,20.56056785583496,20.56487846374512,20.567785263061523,5.0,7.0,8.0,885.0,281.0,47.0,2.0,2.0,1.0,3.0,4.0,4.0,726.0,207.0,17.0,0.0,0.0,0.0,18.6176953125,69.46678696190331,1016.3625641296446,960.0,1184.0,480.0,0.087,94,16,69,1016.4,2.0,3.0,4.0,,
2022-10-26 17:00:47,52.391459999999995,13.03928,42.2,2.5618025064468384,2.7090094089508057,2.7090117931365967,17.742645263671875,20.40832996368408,20.445350646972656,20.449637413024906,20.452528953552246,5.0,6.5,7.5,894.0,284.0,44.0,1.5,1.5,1.0,3.0,4.0,4.0,697.5,196.5,24.0,0.0,0.0,0.0,18.62599609375,69.38779534534734,1016.3578134190127,832.0,1024.0,416.0,0.087,94,16,69,1016.4,2.0,3.0,4.0,,
2022-10-26 17:00:50,52.391486666999995,13.039246667,45.1,2.528509020805359,2.6738028526306152,2.6738052368164062,17.512060165405273,20.14310073852539,20.17964172363281,20.18387222290039,20.186725616455078,5.0,6.0,7.0,903.0,287.0,41.0,1.0,1.0,1.0,3.0,4.0,4.0,730.5,197.0,20.0,0.0,0.0,0.0,18.635078125,69.29558289704535,1016.359379938384,736.0,992.0,448.0,0.087,94,16,69,1016.4,2.0,3.0,4.0,,
2022-10-26 17:00:54,52.391498333,13.039243333,46.0,2.499367475509644,2.64298677444458,2.642989158630371,17.310232162475586,19.910947799682614,19.947068214416504,19.951250076293945,19.95407009124756,5.0,7.0,7.0,930.0,296.0,43.0,1.0,1.0,1.0,3.0,4.0,4.0,753.0,203.5,21.0,0.0,0.0,0.0,18.6440625,69.23680936574485,1016.3549175460236,896.0,1152.0,416.0,0.087,94,16,69,1016.4,2.0,3.0,4.0,,
2022-10-26 17:00:54,52.391498333,13.039243333,46.0,2.4874472618103027,2.6303815841674805,2.6303839683532715,17.227673530578613,19.815985679626465,19.85193347930908,19.85609531402588,19.85890293121338,5.5,7.0,7.5,964.5,304.5,43.0,1.5,1.0,1.0,3.5,4.0,4.0,772.5,213.5,23.0,0.0,0.0,0.0,18.64845703125,69.2508571526999,1016.3562971411058,864.0,1088.0,384.0,0.087,94,16,69,1016.4,2.0,3.0,4.0,,
2022-10-26 17:01:01,52.391543333,13.039225,43.2,2.508549690246582,2.6526966094970703,2.6526989936828613,17.373826026916507,19.98409652709961,20.02034854888916,20.024545669555664,20.027377128601074,6.0,7.0,8.0,999.0,313.0,43.0,2.0,1.0,1.0,3.5,4.0,4.0,828.0,230.0,22.0,0.0,0.0,0.0,18.64298828125,69.41049724225917,1016.3657193163452,800.0,1024.0,416.0,0.098,94,16,69,1016.4,2.0,4.0,5.0,,
2022-10-26 17:01:04,52.391558333,13.039221667,43.3,2.4896305799484253,2.6326903104782104,2.632692694664001,17.24279499053955,19.8333797454834,19.86935806274414,19.873523712158203,19.87633419036865,5.0,7.0,8.0,963.0,305.0,37.0,2.0,1.0,1.0,4.0,4.0,4.0,780.0,212.0,14.0,0.0,0.0,0.0,18.632734375,69.53268742816498,1016.3680878270736,896.0,1088.0,448.0,0.098,94,16,69,1016.4,2.0,4.0,5.0,,
2022-10-26 17:01:08,52.391578333000005,13.039216667,47.1,2.4906095266342163,2.633725523948669,2.6337279081344604,17.249574661254886,19.84117794036865,19.877171516418453,19.88133811950684,19.8841495513916,5.0,7.0,8.0,963.0,305.0,39.0,2.0,1.0,1.0,3.5,4.0,4.0,745.5,208.0,12.0,0.0,0.0,0.0,18.618281250000006,69.55387351960654,1016.3660450148686,896.0,1088.0,416.0,0.098,94,16,69,1016.4,2.0,4.0,5.0,,
2022-10-26 17:01:12,52.391603333,13.039211667,47.9,2.436463236808777,2.5764678716659546,2.5764702558517456,16.874566078186035,19.40982723236084,19.445037841796875,19.44911479949951,19.45186424255371,5.0,7.0,8.0,963.0,305.0,41.0,2.0,1.0,1.0,3.0,3.5,3.5,685.5,188.5,12.0,0.0,0.0,0.0,18.6008984375,69.65160496977722,1016.3667130882808,800.0,1056.0,448.0,0.098,94,16,69,1016.4,2.0,4.0,5.0,,
2022-10-26 17:01:15,52.391605,13.03921,47.1,2.3309637308120728,2.4649062156677246,2.464908480644226,16.143893241882324,18.569377899169922,18.603063583374023,18.60696315765381,18.609594345092773,5.0,7.0,8.0,969.0,307.0,41.0,3.0,1.0,1.0,2.5,2.5,3.5,676.5,180.5,16.0,2.0,0.0,0.0,18.57892578125,69.76875684971876,1016.3673531991226,864.0,1088.0,448.0,0.098,94,16,69,1016.4,2.0,4.0,5.0,,
2022-10-26 17:01:15,52.391605,13.03921,47.1,2.3414831161499023,2.4760299921035767,2.476032257080078,16.216748237609867,18.653178215026852,18.687015533447266,18.690933227539066,18.693575859069824,5.0,7.0,7.5,937.5,295.5,38.0,3.0,1.0,1.0,2.5,3.0,3.5,673.5,179.0,19.0,2.0,0.0,0.0,18.557734375,69.83247300411222,1016.367603374626,800.0,960.0,384.0,0.098,94,16,69,1016.4,2.0,4.0,5.0,,
2022-10-26 17:01:22,52.391655,13.039181667000001,45.1,2.4619604349136357,2.6034302711486816,2.603432536125183,17.051155090332028,19.612947463989254,19.648527145385746,19.6526460647583,19.65542507171631,5.0,7.0,7.0,906.0,284.0,35.0,3.0,1.0,1.0,3.5,4.5,4.5,772.5,209.0,20.0,2.0,0.0,0.0,18.53478515625,69.91604432772876,1016.3691427058304,736.0,960.0,416.0,0.098,94,16,69,1016.4,2.0,4.0,5.0,,
2022-10-26 17:01:25,52.39168,13.039176667000001,46.6,2.5003104209899902,2.6439838409423833,2.6439863443374634,17.316761016845707,19.918458938598636,19.954591751098636,19.958775520324707,19.96159839630127,5.0,7.0,7.0,900.0,283.0,36.0,3.0,1.0,1.0,3.0,4.0,4.5,849.0,230.5,21.0,2.0,0.0,0.0,18.51427734375,69.98661179361464,1016.3721923151918,832.0,992.0,416.0,0.098,94,16,69,1016.4,2.0,4.0,5.0,,
2022-10-26 17:01:29,52.391676667,13.039123333,46.0,2.3932409286499023,2.5307618379592896,2.530764222145081,16.575214385986328,19.065502166748047,19.10008716583252,19.10409164428711,19.10679244995117,5.0,7.0,7.5,903.0,285.0,36.0,3.0,1.0,1.0,3.5,4.0,4.5,874.5,240.0,22.0,2.0,0.0,0.0,18.4934765625,70.07392741631303,1016.3755945873484,832.0,928.0,384.0,0.098,94,16,69,1016.4,2.0,4.0,5.0,,
2022-10-26 17:01:33,52.391708333000004,13.039113333,46.1,2.3575303554534908,2.4929994344711304,2.4930015802383423,16.327888488769528,18.78101634979248,18.81508731842041,18.819031715393066,18.82169246673584,5.0,7.0,8.0,906.0,287.0,36.0,3.0,1.0,1.0,3.0,3.5,3.5,829.5,226.0,15.0,0.0,0.0,0.0,18.4684765625,70.1404864558267,1016.3762581222924,736.0,928.0,448.0,0.098,94,16,69,1016.4,2.0,4.0,5.0,,
2022-10-26 17:01:33,52.391708333000004,13.039113333,46.1,2.4000115394592285,2.537921547889709,2.537923812866211,16.622106552124027,19.11943817138672,19.154122352600094,19.158138275146484,19.160846710205078,5.0,6.0,6.0,888.0,282.0,26.0,2.0,0.0,0.0,3.5,4.5,4.5,843.0,226.5,20.0,0.0,0.0,0.0,18.4466015625,70.12366075358011,1016.372018128414,832.0,960.0,416.0,0.098,94,16,69,1016.4,2.0,4.0,5.0,,
2022-10-26 17:01:33,52.391708333000004,13.039113333,46.1,2.5537785291671757,2.7005244493484497,2.7005268335342407,17.687073707580566,20.34440803527832,20.381314277648926,20.38558578491211,20.388468742370605,5.0,6.5,6.5,894.0,284.0,28.0,2.0,0.0,0.0,3.5,4.5,4.5,837.0,226.5,19.0,0.0,0.0,0.0,18.4321484375,70.02078708225108,1016.3699638629262,800.0,1024.0,384.0,0.098,94,16,69,1016.4,2.0,4.0,5.0,,
2022-10-26 17:01:43,52.391786667,13.039121667,45.5,2.9520050287246704,3.1216338872909546,3.121636748313904,20.445127487182614,23.51683712005615,23.559497833251953,23.56443691253662,23.567769050598145,5.0,7.0,7.0,900.0,286.0,30.0,2.0,0.0,0.0,4.0,4.5,4.5,799.5,217.5,23.0,0.0,0.0,0.0,18.420234375,69.9988166508511,1016.3704212660997,768.0,1088.0,416.0,0.098,94,16,69,1016.4,2.0,4.0,5.0,,
2022-10-26 17:01:47,52.391818333,13.039121667,45.7,3.0453959703445435,3.2203913927078247,3.220394253730774,21.09193992614746,24.260826110839844,24.30483722686768,24.30993175506592,24.31336975097656,5.0,7.0,7.0,918.0,292.0,34.0,2.0,0.0,0.0,3.0,3.5,3.5,817.5,217.5,23.0,0.0,0.0,0.0,18.409296875000006,70.08095553194956,1016.364109817923,896.0,1152.0,512.0,0.098,94,16,69,1016.4,2.0,4.0,5.0,,
2022-10-26 17:01:50,52.391845,13.03913,39.7,2.9940823316574097,3.166128873825073,3.166131854057312,20.73654842376709,23.85204124450684,23.89530944824219,23.90031909942627,23.90369892120361,5.0,7.0,7.0,909.0,290.0,35.0,2.0,0.5,0.0,4.0,5.0,5.0,858.0,231.5,25.0,0.0,0.0,0.0,18.40509765625,70.19101956152528,1016.3672377501097,896.0,1056.0,416.0,0.098,94,16,69,1016.4,2.0,4.0,5.0,,
2022-10-26 17:01:54,52.391875,13.039123333,39.9,2.8592432737350464,3.023541808128357,3.0235445499420166,19.802674293518066,22.77786064147949,22.81917953491211,22.82396411895752,22.82719135284424,5.0,7.0,7.0,900.0,288.0,36.0,2.0,1.0,0.0,3.5,4.5,4.5,852.0,230.5,22.0,0.0,0.0,0.0,18.4032421875,70.24107734454338,1016.368366495422,896.0,1088.0,416.0,0.098,94,16,69,1016.4,2.0,4.0,5.0,,
2022-10-26 17:01:54,52.391875,13.039123333,39.9,2.6507704257965092,2.8030896186828613,2.8030922412872314,18.35882377624512,21.11708354949951,21.15539073944092,21.159826278686523,21.16281795501709,5.0,7.0,8.0,966.0,310.0,40.0,2.0,1.0,0.0,3.0,3.5,3.5,789.0,214.0,23.0,0.0,0.0,0.0,18.4032421875,70.28135872977444,1016.3650148685623,736.0,1184.0,416.0,0.098,94,16,69,1016.4,2.0,4.0,5.0,,
2022-10-26 17:02:00,52.391918333,13.039088332999999,40.3,2.535309314727783,2.680994033813477,2.680996417999268,17.559159278869632,20.197275161743164,20.233914375305176,20.238155364990234,20.24101734161377,5.5,7.0,8.0,975.0,313.0,39.0,2.0,1.0,0.0,3.5,4.0,4.0,745.5,202.0,20.0,0.0,0.0,0.0,18.40578125,70.38585697287878,1016.3658516812117,800.0,992.0,384.0,0.107,93,15,73,1016.4,2.0,3.0,5.0,,
2022-10-26 17:02:04,52.39195,13.039078332999999,44.0,2.5669158697128296,2.71441662311554,2.7144190073013306,17.778060913085938,20.449064254760746,20.486160278320312,20.49045467376709,20.49335289001465,6.0,7.0,8.0,984.0,316.0,38.0,2.0,1.0,0.0,3.0,3.0,3.0,744.0,209.5,19.0,0.0,0.0,0.0,18.400996093750006,70.50942426592538,1016.3688508273945,928.0,1184.0,512.0,0.107,93,15,73,1016.4,2.0,3.0,5.0,,
2022-10-26 17:02:08,52.391981666999996,13.039081667,46.2,2.6443724632263184,2.7963240146636963,2.796326518058777,18.314513206481934,21.06611442565918,21.10433006286621,21.10875415802002,21.11173820495605,6.0,7.0,8.0,978.0,314.0,42.0,1.0,1.0,0.0,4.0,4.0,4.0,709.5,205.0,21.5,0.0,0.0,0.0,18.39533203125,70.58248817291329,1016.3703999715664,832.0,960.0,416.0,0.107,93,15,73,1016.4,2.0,3.0,5.0,,
2022-10-26 17:02:11,52.392003333000005,13.039086667000001,48.1,2.6019301414489746,2.7514429092407227,2.7514455318450928,18.020565032958984,20.72800350189209,20.765604972839355,20.76995849609375,20.772894859313965,6.0,7.0,8.0,981.0,316.0,43.0,1.0,1.0,0.0,4.0,4.0,4.5,697.5,202.0,31.5,1.0,1.0,0.0,18.3925,70.60894243279219,1016.3707555340272,800.0,1024.0,352.0,0.107,93,15,73,1016.4,2.0,3.0,5.0,,
2022-10-26 17:02:15,52.392035,13.039083332999999,46.5,2.461425542831421,2.6028645038604736,2.6028668880462646,17.047450065612793,19.608686447143555,19.64425754547119,19.648375511169434,19.651153564453125,6.0,7.0,8.0,984.0,318.0,44.0,1.0,1.0,0.0,4.0,4.5,5.5,726.0,210.0,31.0,2.0,2.0,0.0,18.3925,70.61903072874173,1016.3682418603573,896.0,1056.0,416.0,0.107,93,15,73,1016.4,2.0,3.0,5.0,,
2022-10-26 17:02:15,52.392035,13.039083332999999,46.5,2.414647936820984,2.553399085998535,2.553401470184326,16.723477363586426,19.23603820800781,19.270934104919434,19.27497386932373,19.27769947052002,6.0,7.0,8.0,990.0,319.0,46.0,1.0,1.0,0.0,4.0,4.0,5.0,760.5,216.0,30.0,2.0,2.0,0.0,18.3923046875,70.66271532214084,1016.3737849107235,864.0,1056.0,416.0,0.107,93,15,73,1016.4,2.0,3.0,5.0,,
2022-10-26 17:02:21,52.392101667,13.039068333,39.4,2.417373299598694,2.5562809705734253,2.5562832355499268,16.742350578308105,19.2577486038208,19.292683601379395,19.296728134155273,19.29945659637451,6.0,7.5,8.0,1002.0,324.0,46.0,1.0,1.0,0.0,3.5,4.0,5.0,742.5,205.5,31.0,2.0,2.0,0.0,18.38771484375,70.61155679239899,1016.3787816202588,768.0,896.0,416.0,0.107,93,15,73,1016.4,2.0,3.0,5.0,,
2022-10-26 17:02:25,52.392123333,13.039101667,35.5,2.464544653892517,2.606162905693054,2.606165289878845,17.069053649902347,19.63353538513184,19.669151306152344,19.6732759475708,19.676055908203125,6.0,8.0,8.0,1014.0,329.0,46.0,1.0,1.0,0.0,4.0,4.0,5.0,813.0,226.0,29.5,2.0,2.0,0.0,18.37912109375,70.6976520747319,1016.3729836711904,800.0,1152.0,448.0,0.107,93,15,73,1016.4,2.0,3.0,5.0,,
2022-10-26 17:02:29,52.39215,13.039168333,35.0,2.5061585903167725,2.6501681804656982,2.6501705646514893,17.35726547241211,19.965048789978027,20.001266479492188,20.005459785461426,20.008288383483887,5.0,7.0,8.0,942.0,306.0,46.0,1.0,1.0,0.0,3.0,4.0,4.5,766.5,212.5,14.5,1.0,1.0,0.0,18.37248046875,70.78744855370425,1016.3787862214017,896.0,1088.0,384.0,0.107,93,15,73,1016.4,2.0,3.0,5.0,,
2022-10-26 17:02:33,52.39215,13.039206667,34.7,2.4849683046340942,2.6277602910995483,2.62776267528534,17.210505485534668,19.79623889923096,19.83215045928955,19.83630847930908,19.839113235473636,5.0,7.0,7.5,942.0,305.0,45.0,1.0,1.0,0.0,3.5,4.0,4.0,747.0,209.5,12.0,0.0,0.0,0.0,18.36583984375,70.8099631495599,1016.3820748779607,800.0,1056.0,416.0,0.107,93,15,73,1016.4,2.0,3.0,5.0,,
2022-10-26 17:02:36,52.392145,13.039243333,34.8,2.409633994102478,2.548097014427185,2.548099398612976,16.688751220703125,19.19609546661377,19.230918884277344,19.234950065612797,19.237669944763184,5.0,7.0,7.0,942.0,304.0,44.0,1.0,1.0,0.0,3.0,3.5,4.5,712.5,199.0,10.0,1.0,1.0,1.0,18.36310546875,70.81626627627892,1016.3792396966907,864.0,960.0,384.0,0.107,93,15,73,1016.4,2.0,3.0,5.0,,
2022-10-26 17:02:36,52.392145,13.039243333,34.8,2.4183486700057983,2.557312488555908,2.5573147535324097,16.749107360839847,19.265520095825195,19.30046844482422,19.30451488494873,19.307244300842285,5.0,7.0,8.0,930.0,298.0,48.0,2.0,1.0,0.0,3.0,4.0,6.0,762.0,212.5,19.0,2.0,2.0,2.0,18.36203125,70.76898818079133,1016.3850082312309,896.0,1024.0,416.0,0.107,93,15,73,1016.4,2.0,3.0,5.0,,
2022-10-26 17:02:43,52.392153333,13.039323332999999,34.9,2.3983302116394043,2.536143660545349,2.5361459255218506,16.610462188720707,19.10604476928711,19.14070415496826,19.1447172164917,19.14742374420166,5.0,7.0,7.5,913.5,294.5,49.0,1.5,0.5,0.0,3.0,4.0,5.0,705.0,190.5,18.5,2.0,2.0,2.0,18.36076171875,70.73850872324155,1016.38542742291,768.0,1024.0,416.0,0.107,93,15,73,1016.4,2.0,3.0,5.0,,
2022-10-26 17:02:46,52.39216,13.039361667,35.3,2.350980043411255,2.4860726594924927,2.4860748052597046,16.282522201538086,18.72883415222168,18.76280975341797,18.766742706298828,18.769396781921387,5.0,7.0,7.0,897.0,291.0,50.0,1.0,0.0,0.0,3.0,4.0,5.5,712.5,188.5,23.0,2.0,2.0,2.0,18.35880859375,70.68438236705333,1016.3788539286924,800.0,1056.0,384.0,0.107,93,15,73,1016.4,2.0,3.0,5.0,,
2022-10-26 17:02:50,52.39217,13.039413332999999,35.6,2.3208415508270264,2.45420241355896,2.454204559326172,16.0737886428833,18.48873996734619,18.522279739379886,18.526162147521973,18.52878189086914,5.0,7.0,7.0,885.0,287.0,48.0,1.0,0.0,0.0,3.0,4.0,6.0,685.5,171.5,26.0,4.0,4.0,2.0,18.35548828125,70.66032152899517,1016.3742142248383,864.0,992.0,384.0,0.107,93,15,73,1016.4,2.0,3.0,5.0,,
2022-10-26 17:02:54,52.392186667,13.039476667,36.0,2.34399151802063,2.478682518005371,2.478684902191162,16.234121322631836,18.673161506652832,18.707036018371586,18.710956573486328,18.713603019714355,5.0,6.5,6.5,864.0,279.0,48.0,1.0,0.0,0.0,3.0,4.0,5.5,711.0,177.5,28.0,3.0,3.0,1.0,18.343671875,70.63157193126102,1016.372314998662,736.0,928.0,448.0,0.107,93,15,73,1016.4,2.0,3.0,5.0,,
2022-10-26 17:02:54,52.392186667,13.039476667,36.0,2.443507432937622,2.5839169025421143,2.5839192867279053,16.92335319519043,19.46594524383545,19.50125789642334,19.505345344543453,19.508103370666504,5.0,6.0,6.0,843.0,271.0,48.0,1.0,0.0,0.0,3.0,3.5,4.5,679.5,169.5,22.0,2.0,2.0,0.0,18.3255078125,70.70608382316932,1016.3708347270726,640.0,768.0,320.0,0.107,93,15,73,1016.4,2.0,3.0,5.0,,
2022-10-26 17:02:54,52.392186667,13.039476667,36.0,2.479010581970215,2.621460199356079,2.621462464332581,17.169241905212402,19.74877643585205,19.784602165222168,19.78874969482422,19.79154682159424,3.0,5.0,5.0,816.0,264.0,43.0,1.0,0.0,0.0,3.0,4.0,5.0,747.0,185.5,21.5,2.0,2.0,0.0,18.3067578125,70.76033807988973,1016.3750886018847,704.0,960.0,384.0,0.107,93,15,73,1016.4,2.0,3.0,5.0,,
2022-10-26 17:03:04,52.392213333,13.039598332999999,33.2,2.554697275161743,2.701496005058289,2.70149838924408,17.69343662261963,20.351726531982425,20.388647079467773,20.39292049407959,20.395803451538086,4.0,5.5,5.5,816.0,264.0,42.0,1.0,0.0,0.0,2.5,3.0,4.0,822.0,209.5,20.0,2.0,2.0,0.0,18.28654296875,70.81774143311543,1016.3744106924389,928.0,1120.0,448.0,0.11699999999999999,92,15,74,1016.4,2.0,4.0,5.0,,
2022-10-26 17:03:08,52.39222,13.03965,31.1,2.6405285596847534,2.7922592163085938,2.792261838912964,18.287890434265137,21.03549194335937,21.07365226745605,21.07806968688965,21.081049919128414,5.0,6.0,6.0,816.0,264.0,41.0,1.0,0.0,0.0,4.0,5.0,5.0,870.0,234.0,19.0,0.0,0.0,0.0,18.26603515625,70.88184603749842,1016.3799494273571,896.0,1024.0,416.0,0.11699999999999999,92,15,74,1016.4,2.0,4.0,5.0,,
2022-10-26 17:03:11,52.392225,13.039681667,33.6,2.743720531463623,2.901380777359009,2.901383399963379,19.002582550048828,21.85756015777588,21.8972110748291,21.90180206298828,21.90489864349365,5.0,6.0,6.0,852.0,272.0,45.0,1.0,0.0,0.0,4.5,5.0,5.0,886.5,244.0,23.0,0.0,0.0,0.0,18.2493359375,70.99033807891817,1016.3775289073468,896.0,1024.0,384.0,0.11699999999999999,92,15,74,1016.4,2.0,4.0,5.0,,
2022-10-26 17:03:15,52.392233333,13.039733333,35.4,2.8627676963806152,3.027268767356873,3.027271509170532,19.8270845413208,22.80593681335449,22.847309112548828,22.852097511291504,22.85532855987549,5.0,6.0,6.0,849.0,271.0,44.0,1.0,0.0,0.0,5.0,6.0,6.0,981.0,267.5,27.0,0.0,0.0,0.0,18.23146484375,71.06164011757555,1016.376524443884,768.0,1024.0,416.0,0.11699999999999999,92,15,74,1016.4,2.0,4.0,5.0,,
2022-10-26 17:03:15,52.392233333,13.039733333,35.4,2.9561643600463867,3.1260321140289307,3.12603497505188,20.4739351272583,23.54997158050537,23.592693328857425,23.59763813018799,23.60097599029541,4.0,5.0,5.0,846.0,270.0,43.0,1.0,0.0,0.0,5.0,5.5,5.5,957.0,257.0,25.0,0.0,0.0,0.0,18.209296875,71.18958841731673,1016.3843441578335,896.0,1056.0,448.0,0.11699999999999999,92,15,74,1016.4,2.0,4.0,5.0,,
2022-10-26 17:03:21,52.39224,13.0398,33.7,2.927975535392761,3.0962235927581787,3.0962263345718384,20.27870273590088,23.32540798187256,23.36772155761719,23.37262058258057,23.375925064086914,4.5,5.5,5.5,891.0,285.0,45.0,1.0,0.0,0.0,4.0,4.0,4.0,891.0,241.5,27.0,0.0,0.0,0.0,18.18107421875,71.38747941552668,1016.385521211696,864.0,1088.0,352.0,0.11699999999999999,92,15,74,1016.4,2.0,4.0,5.0,,
2022-10-26 17:03:25,52.392246666999995,13.039838332999999,30.8,2.8080626726150517,2.9694203138351436,2.9694229364395137,19.448205947875977,22.370136260986328,22.41071605682373,22.415414810180664,22.41858386993408,4.5,6.0,6.0,876.0,280.0,46.0,1.0,0.0,0.0,4.0,5.0,5.0,916.5,241.5,26.0,0.0,0.0,0.0,18.149042968750006,71.59845636536294,1016.376222118742,800.0,1152.0,384.0,0.11699999999999999,92,15,74,1016.4,2.0,4.0,5.0,,
2022-10-26 17:03:29,52.392245,13.039883332999999,27.7,2.7780579328536987,2.9376914501190186,2.9376941919326782,19.240398406982425,22.13110637664795,22.171253204345703,22.175901412963867,22.17903709411621,3.5,5.5,5.5,861.0,275.0,47.0,1.0,0.0,0.0,5.0,5.0,5.0,942.0,248.0,21.0,0.0,0.0,0.0,18.1192578125,71.82011075420712,1016.3831887467836,928.0,896.0,480.0,0.11699999999999999,92,15,74,1016.4,2.0,4.0,5.0,,
2022-10-26 17:03:32,52.392246666999995,13.039905000000001,27.5,2.7737858295440674,2.9331738948822017,2.9331765174865723,19.2108097076416,22.09707260131836,22.137157440185547,22.141798973083496,22.144929885864254,4.0,5.0,5.0,849.0,271.0,37.0,0.0,0.0,0.0,4.0,5.0,5.0,933.0,245.0,13.0,0.0,0.0,0.0,18.09220703125,71.99166783215028,1016.3879632984838,800.0,960.0,384.0,0.11699999999999999,92,15,74,1016.4,2.0,4.0,5.0,,
2022-10-26 17:03:36,52.39226,13.039948333,30.8,2.740214705467224,2.8976736068725586,2.8976762294769287,18.97830104827881,21.829631805419922,21.86923217773437,21.87381649017334,21.876909255981445,3.5,5.0,5.5,850.5,271.0,36.0,0.5,0.5,0.5,4.0,5.0,5.0,910.5,244.0,12.0,0.0,0.0,0.0,18.07140625,72.09326138132323,1016.387136407294,864.0,1152.0,448.0,0.11699999999999999,92,15,74,1016.4,2.0,4.0,5.0,,
2022-10-26 17:03:36,52.39226,13.039948333,30.8,2.711658835411072,2.8674769401550293,2.86747944355011,18.78052806854248,21.602145195007324,21.641332626342773,21.6458683013916,21.648929595947266,3.0,5.0,6.0,852.0,271.0,35.0,1.0,1.0,1.0,5.0,5.0,5.0,972.0,261.0,13.0,0.0,0.0,0.0,18.04845703125,72.2182619189626,1016.3978359152327,832.0,1088.0,416.0,0.11699999999999999,92,15,74,1016.4,2.0,4.0,5.0,,
2022-10-26 17:03:43,52.392268333000004,13.03999,29.7,2.7777575254440308,2.937373638153076,2.9373762607574463,19.238316535949707,22.128711700439453,22.16885471343994,22.17350196838379,22.176637649536133,3.0,5.0,5.0,804.0,255.0,33.0,1.0,1.0,1.0,4.5,5.0,5.0,925.5,245.5,15.0,0.0,0.0,0.0,18.01671875,72.33854624255595,1016.4074255219612,800.0,1056.0,448.0,0.11699999999999999,92,15,74,1016.4,2.0,4.0,5.0,,
2022-10-26 17:03:46,52.39227,13.04003,27.3,2.8695054054260254,3.034393668174744,3.0343962907791138,19.873748779296875,22.859612464904785,22.90108013153076,22.90588188171387,22.909120559692386,3.0,5.0,5.5,834.0,266.0,36.0,1.0,1.0,1.0,4.0,4.5,5.5,907.5,237.5,17.0,2.0,0.0,0.0,17.98322265625,72.43827861972585,1016.4048976321324,768.0,992.0,480.0,0.11699999999999999,92,15,74,1016.4,2.0,4.0,5.0,,
2022-10-26 17:03:50,52.392288333,13.04011,29.5,2.831539392471313,2.9942461252212524,2.9942487478256226,19.610801696777344,22.55716133117676,22.5980806350708,22.60281848907471,22.606014251708984,3.0,5.0,6.0,864.0,277.0,39.0,1.0,1.0,1.0,4.0,4.0,5.0,867.0,224.0,19.0,2.0,0.0,0.0,17.95958984375,72.51249255076641,1016.411108596344,864.0,1056.0,384.0,0.11699999999999999,92,15,74,1016.4,2.0,4.0,5.0,,
2022-10-26 17:03:54,52.392286667,13.04016,32.1,2.7462438344955444,2.904049158096313,2.904051899909973,19.020058631896973,21.877662658691406,21.91734981536865,21.921944618225094,21.925044059753414,4.0,6.0,6.0,903.0,286.0,40.0,1.0,1.0,1.0,4.0,4.0,5.5,870.0,225.5,29.0,3.0,1.0,0.0,17.935566406249997,72.58328156716325,1016.4032750962243,768.0,1120.0,512.0,0.11699999999999999,92,15,74,1016.4,2.0,4.0,5.0,,
2022-10-26 17:03:57,52.392291666999995,13.040194999999999,33.0,2.637495517730713,2.7890520095825195,2.7890545129776,18.266883850097656,21.011330604553226,21.04944610595703,21.053858757019047,21.056836128234863,4.0,6.0,6.5,907.5,287.5,41.0,1.0,1.0,1.0,4.0,4.0,6.0,837.0,212.5,24.0,4.0,2.0,0.0,17.914667968750006,72.67832309912406,1016.403946768731,768.0,832.0,352.0,0.11699999999999999,92,15,74,1016.4,2.0,4.0,5.0,,
2022-10-26 17:03:57,52.392291666999995,13.040194999999999,33.0,2.5277745723724365,2.6730260848999023,2.673028588294983,17.506973266601562,20.137248992919922,20.173779487609863,20.178009033203125,20.18086242675781,5.0,7.0,8.0,912.0,289.0,42.0,1.0,1.0,1.0,4.0,4.0,6.0,849.0,224.0,23.0,4.0,2.0,0.0,17.8971875,72.71287080137955,1016.4060719669992,832.0,1120.0,416.0,0.11699999999999999,92,15,74,1016.4,2.0,4.0,5.0,,
2022-10-26 17:04:04,52.392296667,13.040280000000001,34.6,2.4163973331451416,2.555248975753784,2.555251359939575,16.73559284210205,19.249975204467773,19.28489589691162,19.288938522338867,19.29166603088379,5.0,6.0,7.0,876.0,281.0,36.0,1.0,1.0,1.0,4.0,4.0,5.0,849.0,221.5,19.0,2.0,2.0,0.0,17.88009765625,72.76444750085676,1016.4163754645836,832.0,1056.0,352.0,0.121,92,15,73,1016.3,2.0,3.0,4.0,,
2022-10-26 17:04:07,52.392301667,13.040318333,34.9,2.302641987800598,2.4349570274353027,2.434959292411804,15.947741508483887,18.343754768371586,18.377031326293945,18.380884170532227,18.38348388671875,5.0,6.0,7.0,879.0,281.0,37.0,1.0,1.0,1.0,4.0,4.5,5.5,846.0,224.5,19.0,2.0,2.0,0.0,17.86466796875,72.76199684537555,1016.4202084038864,800.0,928.0,416.0,0.121,92,15,73,1016.3,2.0,3.0,4.0,,
2022-10-26 17:04:11,52.3923,13.040356667000001,38.6,2.125816822052002,2.2479710578918457,2.247973084449768,14.723077297210693,16.93509578704834,16.96581745147705,16.96937370300293,16.971772193908688,5.0,6.0,7.0,882.0,281.0,38.0,1.0,1.0,1.0,3.5,3.5,4.0,828.0,213.5,9.0,1.0,1.0,0.0,17.85138671875,72.81419134262762,1016.4167031117906,832.0,1024.0,480.0,0.121,92,15,73,1016.3,2.0,3.0,4.0,,
2022-10-26 17:04:15,52.392306667,13.040396667000001,41.5,2.0570669174194336,2.1752705574035645,2.175272583961487,14.246925830841064,16.387407302856445,16.417134284973145,16.420576095581055,16.422897338867188,5.0,6.0,7.0,852.0,271.0,38.0,1.0,1.0,1.0,3.5,4.0,4.5,871.5,231.0,13.5,1.0,1.0,0.0,17.835859375,72.85925137912784,1016.4237212907292,800.0,1088.0,480.0,0.121,92,15,73,1016.3,2.0,3.0,4.0,,
2022-10-26 17:04:18,52.392311667,13.04043,42.6,2.0183776617050166,2.1343581676483154,2.1343601942062382,13.978970050811768,16.079193115234375,16.10836124420166,16.111739158630368,16.11401653289795,4.5,6.0,7.0,841.5,267.5,35.5,1.0,1.0,1.0,4.0,5.0,6.0,900.0,240.0,17.0,2.0,2.0,0.0,17.81330078125,73.00509972752928,1016.4266650667197,832.0,1056.0,416.0,0.121,92,15,73,1016.3,2.0,3.0,4.0,,
2022-10-26 17:04:18,52.392311667,13.04043,42.6,2.031190156936645,2.147906899452209,2.1479088068008423,14.067707538604735,16.181262969970707,16.210616111755368,16.214014053344727,16.216306686401367,4.0,6.0,7.0,831.0,264.0,33.0,1.0,1.0,1.0,4.0,5.0,6.5,903.0,247.5,25.0,2.0,2.0,0.0,17.7940625,73.09037758196642,1016.4258795488273,864.0,1024.0,416.0,0.121,92,15,73,1016.3,2.0,3.0,4.0,,
2022-10-26 17:04:25,52.39232,13.04049,43.8,2.0792477130889893,2.1987259387969966,2.1987279653549194,14.40054702758789,16.564108848571774,16.59415626525879,16.59763526916504,16.599981307983402,4.0,6.0,7.0,810.0,257.0,33.0,1.0,1.0,1.0,4.0,5.0,6.0,889.5,241.5,24.0,2.0,2.0,0.0,17.77912109375,73.09479545816923,1016.4305119181264,864.0,1056.0,384.0,0.121,92,15,73,1016.3,2.0,3.0,4.0,,
2022-10-26 17:04:29,52.392311667,13.040521667,47.1,2.152968049049377,2.276682496070862,2.276684522628784,14.91112232208252,17.15139389038086,17.182506561279293,17.18610954284668,17.188538551330563,4.0,6.0,6.5,816.0,259.5,33.0,0.5,0.5,0.5,4.0,5.0,6.0,868.5,241.5,27.0,2.0,2.0,0.0,17.76740234375,73.13371578003444,1016.437115091746,896.0,1152.0,448.0,0.121,92,15,73,1016.3,2.0,3.0,4.0,,
2022-10-26 17:04:32,52.392308333,13.040548333,48.8,2.27411425113678,2.404789924621582,2.404792070388794,15.75016164779663,18.116491317749023,18.149354934692386,18.153160095214844,18.155726432800293,4.0,6.0,6.0,822.0,262.0,33.0,0.0,0.0,0.0,4.0,4.5,5.0,826.5,221.0,22.5,1.0,1.0,0.0,17.762421875,73.18051416432161,1016.4422858977812,768.0,1056.0,448.0,0.121,92,15,73,1016.3,2.0,3.0,4.0,,
2022-10-26 17:04:36,52.392305,13.040585,51.0,2.3706883192062382,2.506913423538208,2.506915688514709,16.419018745422367,18.885839462280273,18.92009925842285,18.924065589904785,18.926740646362305,4.0,6.0,6.0,834.0,264.0,35.0,0.0,0.0,0.0,4.0,4.0,4.0,802.5,207.5,22.5,0.0,0.0,0.0,17.76046875,73.09522473567066,1016.444083824654,864.0,1088.0,352.0,0.121,92,15,73,1016.3,2.0,3.0,4.0,,
2022-10-26 17:04:36,52.392305,13.040585,51.0,2.319143772125244,2.452406883239746,2.452409267425537,16.062029361724857,18.4752140045166,18.508728981018066,18.512609481811523,18.51522731781006,4.0,5.5,5.5,796.5,250.5,31.0,0.0,0.0,0.0,3.5,4.0,4.0,750.0,187.5,21.0,0.0,0.0,0.0,17.76212890625,72.9799750083771,1016.4367798249783,832.0,1024.0,480.0,0.121,92,15,73,1016.3,2.0,3.0,4.0,,
2022-10-26 17:04:42,52.392305,13.04063,49.9,2.244518518447876,2.3734935522079468,2.3734956979751587,15.545186519622805,17.880720138549805,17.913156509399414,17.916912078857422,17.919445037841797,4.0,5.0,5.0,759.0,237.0,27.0,0.0,0.0,0.0,3.0,4.0,4.0,744.0,187.0,21.0,1.0,0.0,0.0,17.76994140625,72.86235685646443,1016.4337731364445,768.0,1120.0,448.0,0.121,92,15,73,1016.3,2.0,3.0,4.0,,
2022-10-26 17:04:46,52.392326667,13.040705,49.7,2.243876576423645,2.372814893722534,2.372817039489746,15.540740966796875,17.875606536865234,17.908034324645996,17.91178798675537,17.914320945739746,4.0,5.0,6.0,753.0,237.0,35.0,1.0,1.0,0.0,3.0,4.0,4.0,726.0,179.5,19.0,2.0,0.0,0.0,17.78078125,72.75885713632178,1016.4181849867456,864.0,1056.0,448.0,0.121,92,15,73,1016.3,2.0,3.0,4.0,,
2022-10-26 17:04:50,52.39232,13.040755,49.6,2.3381468057632446,2.4725019931793213,2.472504138946533,16.193641662597653,18.62660026550293,18.66038990020752,18.664301872253414,18.666940689086914,4.0,5.5,6.0,774.0,244.0,37.0,1.0,1.0,0.0,2.5,3.5,3.5,675.0,169.5,20.0,2.0,0.0,0.0,17.79796875,72.65302602098117,1016.413911637507,800.0,992.0,352.0,0.121,92,15,73,1016.3,2.0,3.0,4.0,,
2022-10-26 17:04:53,52.392318333,13.040795,51.4,2.5277756452560425,2.6730272769927983,2.6730297803878784,17.506980895996097,20.13725757598877,20.17378807067871,20.178016662597656,20.180870056152344,4.0,6.0,6.0,795.0,251.0,39.0,1.0,1.0,0.0,2.5,3.5,3.5,696.0,179.0,14.5,2.0,0.0,0.0,17.82228515625,72.63313342633721,1016.4096849959236,736.0,960.0,352.0,0.121,92,15,73,1016.3,2.0,3.0,4.0,,
2022-10-26 17:04:57,52.392323333,13.040846667,50.8,2.712518334388733,2.868385672569275,2.868388295173645,18.78647994995117,21.60899066925049,21.648191452026367,21.652729034423828,21.65579128265381,4.0,6.0,7.0,807.0,257.0,49.0,1.0,1.0,0.0,3.0,4.0,4.0,742.5,197.5,12.0,2.0,0.0,0.0,17.84943359375,72.65440017118004,1016.4134790234998,960.0,992.0,352.0,0.121,92,15,73,1016.3,2.0,3.0,4.0,,
2022-10-26 17:04:57,52.392323333,13.040846667,50.8,2.9048075675964355,3.07172429561615,3.0717271566390987,20.11824512481689,23.14084243774414,23.18282127380371,23.187682151794434,23.190959930419922,4.0,6.5,7.0,807.0,258.0,52.0,1.0,1.0,0.0,3.5,4.0,4.0,778.5,209.0,10.0,1.0,0.0,0.0,17.8747265625,72.44820999326043,1016.4158817029356,928.0,1088.0,384.0,0.121,92,15,73,1016.3,2.0,3.0,4.0,,
2022-10-26 17:05:03,52.392398333,13.040935000000001,48.7,2.9427102804183964,3.1118050813674927,3.111807942390442,20.38075351715088,23.442790985107425,23.48531723022461,23.49024105072021,23.493562698364254,4.0,7.0,7.0,807.0,259.0,55.0,1.0,1.0,0.0,4.0,4.5,4.5,840.0,227.0,14.0,0.0,0.0,0.0,17.90412109375,72.04999958270024,1016.4133303273866,960.0,1056.0,448.0,0.109,93,15,74,1016.5,2.0,3.0,4.0,,
2022-10-26 17:05:07,52.392415,13.040981667,43.7,2.8222395181655884,2.984411835670471,2.9844144582748413,19.54639339447021,22.483074188232425,22.52385997772217,22.52858066558838,22.53176689147949,5.0,7.0,7.0,855.0,273.0,53.0,1.0,1.0,0.0,4.0,4.0,7.0,880.5,237.5,17.5,4.0,4.0,2.0,17.934296875,72.01409001732344,1016.4062034524967,928.0,1248.0,384.0,0.109,93,15,74,1016.5,2.0,3.0,4.0,,
2022-10-26 17:05:11,52.392425,13.041025,41.4,2.652279257774353,2.8046852350234985,2.804687738418579,18.369274139404297,21.12910270690918,21.16743278503418,21.171870231628414,21.174863815307614,4.5,6.5,6.5,865.5,277.5,53.5,1.0,1.0,0.0,4.0,4.0,8.0,826.5,223.5,21.0,6.0,6.0,2.0,17.95783203125,72.07193108549382,1016.4115566442084,928.0,1120.0,480.0,0.109,93,15,74,1016.5,2.0,3.0,4.0,,
2022-10-26 17:05:15,52.392448333000004,13.04106,40.4,2.412708878517151,2.5513486862182617,2.5513510704040527,16.710047721862793,19.220592498779297,19.25545883178711,19.259495735168453,19.262219429016113,4.0,6.0,6.0,876.0,282.0,54.0,1.0,1.0,0.0,4.0,4.0,8.0,828.0,227.5,24.0,6.0,6.0,2.0,17.98126953125,72.11961997195053,1016.4167465595197,736.0,864.0,448.0,0.109,93,15,74,1016.5,2.0,3.0,4.0,,
2022-10-26 17:05:18,52.392465,13.04107,42.8,2.2691599130630493,2.3995509147644043,2.3995530605316158,15.715848922729492,18.07702350616455,18.10981559753418,18.113612174987797,18.11617374420166,4.5,6.5,7.5,915.0,295.0,58.0,1.0,1.0,0.0,4.0,4.5,8.0,775.5,219.0,34.0,6.0,6.0,2.0,18.005390624999997,72.08282442810194,1016.425574775363,832.0,1024.0,384.0,0.109,93,15,74,1016.5,2.0,3.0,4.0,,
2022-10-26 17:05:18,52.392465,13.04107,42.8,2.1432443857192998,2.266400098800659,2.266402125358581,14.843777179718018,17.073930740356445,17.104904174804688,17.108489036560062,17.110908508300778,5.0,7.0,8.0,927.0,296.0,59.0,1.0,1.0,0.0,3.5,4.0,7.5,724.5,204.0,29.0,6.0,6.0,2.0,18.02443359375,72.0519977180035,1016.4235079024633,864.0,1088.0,512.0,0.109,93,15,74,1016.5,2.0,3.0,4.0,,
2022-10-26 17:05:25,52.392501667,13.041091667,48.0,1.9847946166992188,2.098845362663269,2.098847270011902,13.746378898620605,15.811656951904295,15.84034013748169,15.843660831451414,15.845901012420654,5.0,7.0,8.0,939.0,297.0,60.0,1.0,1.0,0.0,4.0,5.0,7.0,769.5,226.0,35.5,4.0,2.0,0.0,18.042890625,72.04814750165966,1016.4238219414152,768.0,992.0,416.0,0.109,93,15,74,1016.5,2.0,3.0,4.0,,
2022-10-26 17:05:28,52.392520000000005,13.041098332999999,42.5,1.918359875679016,2.0285931825637817,2.028594970703125,13.286262512207033,15.282411575317385,15.31013536453247,15.313344955444336,15.315509796142578,6.0,7.0,8.0,939.0,299.0,58.0,1.0,1.0,0.0,4.0,5.0,6.0,799.5,236.0,36.0,2.0,0.0,0.0,18.06046875,72.04754239229437,1016.4251963848908,896.0,960.0,448.0,0.109,93,15,74,1016.5,2.0,3.0,4.0,,
2022-10-26 17:05:32,52.392551667,13.041106667000001,41.4,1.9349001646041868,2.0460838079452515,2.0460857152938843,13.40081787109375,15.414177894592285,15.442140579223633,15.445377349853516,15.447561264038086,6.0,7.5,8.5,970.5,309.5,59.0,1.0,1.0,0.0,4.0,4.5,6.5,771.0,222.5,33.0,4.0,2.0,0.0,18.08126953125,71.99670279477678,1016.4168131988976,896.0,1120.0,448.0,0.109,93,15,74,1016.5,2.0,3.0,4.0,,
2022-10-26 17:05:36,52.392576667,13.04112,40.3,2.0015222430229187,2.1165342330932617,2.1165361404418945,13.862232208251953,15.944915771484375,15.973841190338135,15.977190017700195,15.979448318481445,6.0,8.0,9.0,1002.0,320.0,60.0,1.0,1.0,0.0,3.5,4.0,6.0,796.5,215.0,25.0,4.0,2.0,0.0,18.102265625,71.90194135287464,1016.4154499546457,832.0,992.0,416.0,0.109,93,15,74,1016.5,2.0,3.0,4.0,,
2022-10-26 17:05:39,52.392593333,13.041133333,39.9,2.239549279212952,2.3682388067245483,2.3682409524917603,15.510770320892336,17.84113311767578,17.87349796295166,17.87724494934082,17.879773139953613,6.0,8.0,8.0,996.0,318.0,56.0,0.0,0.0,0.0,4.5,5.5,7.0,919.5,251.0,26.0,4.0,2.0,0.0,18.113203125,71.83605168490197,1016.4125614622452,800.0,1056.0,384.0,0.109,93,15,74,1016.5,2.0,3.0,4.0,,
2022-10-26 17:05:39,52.392593333,13.041133333,39.9,2.4204272031784058,2.559510350227356,2.559512734413147,16.76350212097168,19.28207778930664,19.31705665588379,19.321106910705566,19.323838233947754,6.0,8.0,8.0,1005.0,320.0,53.0,0.5,0.0,0.0,4.0,4.5,5.5,868.5,230.0,14.0,2.0,2.0,0.0,18.121015625,71.70549226817921,1016.4095406378206,864.0,992.0,384.0,0.109,93,15,74,1016.5,2.0,3.0,4.0,,
2022-10-26 17:05:46,52.392653333,13.041153332999999,39.6,2.529203295707702,2.674536943435669,2.674539566040039,17.516868591308597,20.148632049560547,20.185182571411133,20.189414024353027,20.19226837158203,6.0,8.0,8.0,1014.0,322.0,50.0,1.0,0.0,0.0,4.0,5.0,6.0,882.0,237.5,15.0,2.0,2.0,0.0,18.13107421875,71.77465815643721,1016.4110634910156,992.0,1056.0,448.0,0.109,93,15,74,1016.5,2.0,3.0,4.0,,
2022-10-26 17:05:50,52.392685,13.041165,44.7,2.5896594524383545,2.7384670972824097,2.7384694814682007,17.935579299926758,20.6302490234375,20.667673110961914,20.672006607055664,20.674928665161133,6.0,8.0,8.0,1020.0,324.0,44.0,1.0,0.0,0.0,5.0,5.5,5.5,910.5,249.0,17.0,0.0,0.0,0.0,18.1438671875,71.9288057652502,1016.4137478858577,864.0,1088.0,448.0,0.109,93,15,74,1016.5,2.0,3.0,4.0,,
2022-10-26 17:05:53,52.392693333000004,13.041168333,45.8,2.629858493804932,2.7809760570526123,2.7809785604476933,18.21399211883545,20.950490951538086,20.98849582672119,20.992895126342773,20.995863914489746,5.5,7.5,7.5,991.5,314.5,41.0,1.0,0.0,0.0,5.0,6.0,6.0,906.0,265.0,20.0,0.0,0.0,0.0,18.13703125,72.08672626364947,1016.4074928016197,800.0,1024.0,448.0,0.109,93,15,74,1016.5,2.0,3.0,4.0,,
2022-10-26 17:05:57,52.392718333000005,13.041165,43.5,2.563913345336914,2.7120550870895386,2.713069558143616,17.755131721496582,20.42420959472656,20.46208095550537,20.46647357940674,20.469382286071774,5.0,7.0,7.0,963.0,305.0,38.0,1.0,0.0,0.0,4.5,5.0,5.0,807.0,236.5,19.0,0.0,0.0,0.0,18.12853515625,72.22417072749448,1016.4135739506747,832.0,992.0,480.0,0.109,93,15,74,1016.5,2.0,3.0,4.0,,
2022-10-26 17:05:57,52.392718333000005,13.041165,43.5,2.5922844409942627,2.743263363838196,2.745780348777771,17.948461532592773,20.648839950561523,20.688334465026852,20.6929292678833,20.69589138031006,5.0,7.0,7.0,915.0,291.0,35.0,1.0,0.0,0.0,3.0,4.0,4.0,804.0,235.0,21.0,0.0,0.0,0.0,18.12697265625,72.24085518617281,1016.4202085294197,928.0,1184.0,384.0,0.109,93,15,74,1016.5,2.0,3.0,4.0,,
2022-10-26 17:05:57,52.392718333000005,13.041165,43.5,2.5028711557388306,2.649571418762207,2.6531580686569214,17.326949119567868,19.93555355072021,19.974618911743164,19.979175567626953,19.98205089569092,5.0,7.0,7.0,910.5,289.5,35.0,1.0,0.0,0.0,3.5,4.5,4.5,747.0,215.5,22.0,0.0,0.0,0.0,18.1380078125,72.16811423204206,1016.4225052617408,896.0,1120.0,512.0,0.109,93,15,74,1016.5,2.0,3.0,4.0,,
2022-10-26 17:06:07,52.392833333,13.04115,44.7,2.4105898141860957,2.5525935888290405,2.556936502456665,16.686233520507812,19.199706077575684,19.2380485534668,19.24252796173096,19.245309829711914,5.0,7.0,7.0,906.0,288.0,35.0,1.0,0.0,0.0,3.0,4.0,4.0,703.5,197.0,20.0,0.0,0.0,0.0,18.1454296875,71.95273434684215,1016.4339152677447,864.0,1152.0,416.0,0.08900000000000001,94,15,73,1016.4,2.0,3.0,4.0,,
2022-10-26 17:06:11,52.392863333,13.041153332999999,46.3,2.3019737005233765,2.438198208808899,2.4431164264678955,15.932765007019045,18.33389663696289,18.37113380432129,18.37549114227295,18.37815761566162,5.0,7.0,7.0,894.0,284.0,35.0,1.0,0.0,0.0,2.5,3.5,4.5,706.5,195.5,21.0,2.0,2.0,0.0,18.16125,71.47886197333727,1016.4315438455393,992.0,1120.0,448.0,0.08900000000000001,94,15,73,1016.4,2.0,3.0,4.0,,
2022-10-26 17:06:14,52.39289,13.041155,48.9,2.1929365396499634,2.3231794834136963,2.3284507989883423,15.176846981048586,17.464938163757324,17.500885009765625,17.505097389221188,17.507645606994632,5.0,7.0,7.0,888.0,284.0,32.0,1.0,0.0,0.0,2.5,3.0,4.5,726.0,207.5,24.0,2.0,2.0,0.0,18.18439453125,71.16545340293557,1016.4370690458296,768.0,832.0,512.0,0.08900000000000001,94,15,73,1016.4,2.0,3.0,4.0,,
2022-10-26 17:06:18,52.392895,13.04117,49.3,2.200341820716858,2.331253409385681,2.3368273973464966,15.227497100830078,17.523652076721188,17.559950828552243,17.56420612335205,17.566767692565918,5.0,7.0,7.0,882.0,284.0,29.0,1.0,0.0,0.0,3.0,3.0,4.0,714.0,207.0,27.0,2.0,2.0,0.0,18.2091015625,71.00087394691421,1016.4326057714003,832.0,1120.0,448.0,0.08900000000000001,94,15,73,1016.4,2.0,3.0,4.0,,
2022-10-26 17:06:18,52.392895,13.04117,49.3,2.1812444925308228,2.311331272125244,2.317245841026306,15.094516277313232,17.371200561523438,17.40749740600586,17.41175651550293,17.414300918579098,4.0,7.0,7.0,870.0,280.0,35.0,2.0,0.0,0.0,4.0,4.0,5.0,757.5,220.5,20.0,2.0,2.0,0.0,18.23400390625,71.16651034183508,1016.4360009614264,864.0,1184.0,512.0,0.08900000000000001,94,15,73,1016.4,2.0,3.0,4.0,,
2022-10-26 17:06:24,52.392926667,13.041161667,48.9,2.1761893033981323,2.306354284286499,2.312726855278015,15.058539867401125,17.330507278442386,17.367101669311527,17.37139892578125,17.373944282531742,4.0,6.5,6.5,858.0,276.0,32.5,2.0,0.0,0.0,4.0,4.0,5.0,804.0,245.0,20.0,2.0,2.0,0.0,18.25841796875,71.24786174042484,1016.4419387972124,832.0,992.0,384.0,0.08900000000000001,94,15,73,1016.4,2.0,3.0,4.0,,
2022-10-26 17:06:28,52.39295,13.041160000000001,44.9,2.1989963054656982,2.331090569496155,2.3382341861724854,15.214874744415285,17.511484146118164,17.549030303955078,17.55344581604004,17.556028366088867,4.0,6.0,6.0,846.0,272.0,30.0,2.0,0.0,0.0,3.5,3.5,3.5,774.0,235.0,19.0,0.0,0.0,0.0,18.26779296875,71.1515813101503,1016.4473548516584,928.0,1152.0,480.0,0.08900000000000001,94,15,73,1016.4,2.0,3.0,4.0,,
2022-10-26 17:06:32,52.39298,13.041158333,42.6,2.2764699459075928,2.413508892059326,2.421265482902527,15.750153064727785,18.12810516357422,18.167266845703125,18.171874046325684,18.174551963806152,4.0,6.0,6.0,834.0,267.0,30.0,2.0,0.0,0.0,3.0,3.0,3.0,742.5,224.0,17.0,0.0,0.0,0.0,18.25548828125,71.02835463533394,1016.4496705595056,928.0,1152.0,448.0,0.08900000000000001,94,15,73,1016.4,2.0,3.0,4.0,,
2022-10-26 17:06:36,52.392998333,13.041156667000001,41.2,2.339360475540161,2.4803982973098755,2.4886349439620967,16.18471336364746,18.62867259979248,18.6691312789917,18.673893928527832,18.67664909362793,4.0,5.5,6.0,801.0,256.5,29.0,2.0,0.5,0.5,3.5,3.5,3.5,778.5,236.0,16.5,0.0,0.0,0.0,18.24728515625,70.70058492552961,1016.4445123615576,832.0,992.0,480.0,0.08900000000000001,94,15,73,1016.4,2.0,3.0,4.0,,
2022-10-26 17:06:39,52.393015000000005,13.041155,40.2,2.373892068862915,2.517124891281128,2.52562415599823,16.423321723937992,18.903523445129395,18.944690704345703,18.949539184570312,18.952338218688965,4.0,5.0,6.0,768.0,246.0,28.0,2.0,1.0,1.0,3.5,4.0,4.0,808.5,237.0,24.0,0.0,0.0,0.0,18.25197265625,70.70804820319603,1016.4405189261439,832.0,992.0,544.0,0.08900000000000001,94,15,73,1016.4,2.0,3.0,4.0,,
2022-10-26 17:06:39,52.393015000000005,13.041155,40.2,2.436704039573669,2.5831574201583862,2.5911731719970703,16.859367370605472,19.404354095458984,19.446041107177734,19.450942993164066,19.4538049697876,4.0,5.0,6.0,750.0,240.0,28.0,2.0,1.0,1.0,4.0,4.0,4.0,774.0,218.5,21.0,0.0,0.0,0.0,18.25587890625,70.76247351601535,1016.4377494055631,864.0,1088.0,512.0,0.08900000000000001,94,15,73,1016.4,2.0,3.0,4.0,,
2022-10-26 17:06:46,52.393053333000005,13.041153332999999,35.3,2.543680429458618,2.69377076625824,2.698660135269165,17.606847763061523,20.25945377349853,20.30016231536865,20.304920196533203,20.307859420776367,4.5,6.0,6.5,798.0,256.0,32.0,2.0,1.0,1.0,4.0,4.5,4.5,802.5,217.0,18.0,0.0,0.0,0.0,18.2653515625,70.7437697258773,1016.4315983502107,800.0,960.0,448.0,0.08900000000000001,94,15,73,1016.4,2.0,3.0,4.0,,
2022-10-26 17:06:49,52.393061667,13.041153332999999,36.0,2.5406368970870967,2.6885167360305786,2.690869808197021,17.59110450744629,20.237546920776367,20.27616310119629,20.28065490722656,20.283555030822754,5.0,7.0,7.0,846.0,272.0,36.0,2.0,1.0,1.0,4.0,4.5,4.5,817.5,214.0,21.0,0.0,0.0,0.0,18.27970703125,70.68883528638767,1016.4200991923042,832.0,1120.0,480.0,0.08900000000000001,94,15,73,1016.4,2.0,3.0,4.0,,
2022-10-26 17:06:53,52.393088333,13.041145,38.4,2.4980335235595703,2.6433409452438354,2.6455392837524414,17.296367645263672,19.89829444885254,19.936168670654297,19.940573692321774,19.94342422485352,5.0,7.0,8.0,864.0,272.0,39.0,2.0,1.0,1.0,4.0,4.5,4.5,789.0,206.0,20.5,0.0,0.0,0.0,18.2950390625,70.60380354896655,1016.4202629708163,736.0,1056.0,416.0,0.08900000000000001,94,15,73,1016.4,2.0,3.0,4.0,,
2022-10-26 17:06:57,52.39312,13.041141667,39.5,2.39260470867157,2.5324891805648804,2.5354783535003658,16.5645170211792,19.057676315307614,19.094667434692386,19.098977088928226,19.101719856262207,5.0,7.0,8.0,865.5,272.5,40.0,2.0,1.0,1.0,3.0,4.0,4.0,747.0,195.0,17.0,0.0,0.0,0.0,18.3173046875,70.60391916144759,1016.4310274874687,800.0,1056.0,416.0,0.08900000000000001,94,15,73,1016.4,2.0,3.0,4.0,,
2022-10-26 17:07:00,52.393143333000005,13.041138333,41.7,2.317290544509888,2.4539202451705933,2.4582473039627075,16.040090560913086,18.45646095275879,18.49344253540039,18.497764587402344,18.500441551208496,5.0,7.0,8.0,867.0,273.0,41.0,2.0,1.0,1.0,3.0,4.0,4.0,736.5,191.5,19.0,0.0,0.0,0.0,18.33498046875,70.64702678822837,1016.438407110365,896.0,1120.0,384.0,0.079,85,15,73,1016.4,10.0,12.0,13.0,,
2022-10-26 17:07:00,52.393143333000005,13.041138333,41.7,2.3386287689208984,2.4764599800109863,2.4807559251785283,16.187939643859867,18.62647819519043,18.663743019104004,18.668097496032715,18.670798301696774,5.0,6.0,7.0,843.0,267.0,37.0,2.0,1.0,1.0,3.0,4.0,4.0,687.0,186.0,21.0,0.0,0.0,0.0,18.346796875,70.66568827529541,1016.4327673807567,800.0,1024.0,416.0,0.079,85,15,73,1016.4,10.0,12.0,13.0,,
2022-10-26 17:07:07,52.393206667,13.041139999999999,42.2,2.378541588783264,2.5188566446304317,2.5233887434005737,16.463872909545902,18.94422149658203,18.982253074646,18.9867000579834,18.989447593688965,5.0,6.0,7.0,837.0,266.0,38.0,2.0,1.0,1.0,3.0,4.0,4.0,684.0,190.0,21.0,0.0,0.0,0.0,18.36134765625,70.75205729875088,1016.4366651772937,960.0,1152.0,480.0,0.079,85,15,73,1016.4,10.0,12.0,13.0,,
2022-10-26 17:07:10,52.393235,13.041136667,38.7,2.3822944164276123,2.523891925811768,2.529753565788269,16.487066268920902,18.972891807556152,19.012052536010746,19.016640663146973,19.019412994384766,5.0,6.0,7.0,831.0,265.0,39.0,2.0,1.0,1.0,3.0,3.0,3.0,657.0,174.0,18.0,0.0,0.0,0.0,18.370722656250006,70.77707731285042,1016.441239828736,992.0,1248.0,512.0,0.079,85,15,73,1016.4,10.0,12.0,13.0,,
2022-10-26 17:07:14,52.39327,13.04113,36.0,2.4331634044647217,2.5788400173187256,2.5861406326293945,16.836348533630368,19.37680721282959,19.417865753173828,19.42268848419189,19.425537109375,4.0,5.0,6.0,822.0,256.0,32.0,1.0,1.0,1.0,3.0,3.5,3.5,658.5,175.5,16.0,0.0,0.0,0.0,18.3762890625,70.83515857677088,1016.4520989802252,768.0,1056.0,416.0,0.079,85,15,73,1016.4,10.0,12.0,13.0,,
2022-10-26 17:07:18,52.39329,13.041135,40.5,2.4623316526412964,2.6106557846069336,2.6191670894622803,17.035816192626953,19.60805892944336,19.650513648986816,19.65550994873047,19.658409118652344,4.0,5.0,6.0,807.0,251.5,32.5,1.0,1.0,1.0,4.0,4.0,4.0,741.0,201.5,18.0,0.0,0.0,0.0,18.375703125,70.88555864219497,1016.454483790435,864.0,1088.0,448.0,0.079,85,15,73,1016.4,10.0,12.0,13.0,,
2022-10-26 17:07:18,52.39329,13.041135,40.5,2.412516236305237,2.5586671829223637,2.568036913871765,16.688996315002438,19.210415840148926,19.25284481048584,19.25784683227539,19.26070213317871,5.0,6.0,7.0,792.0,247.0,33.0,1.0,1.0,1.0,4.0,4.0,4.0,787.5,213.0,15.0,0.0,0.0,0.0,18.379609375,70.94004234772574,1016.4500359131176,832.0,1120.0,480.0,0.079,85,15,73,1016.4,10.0,12.0,13.0,,
2022-10-26 17:07:18,52.39329,13.041135,40.5,2.365744948387146,2.509616494178772,2.5194941759109497,16.363997459411618,18.83734893798828,18.879512786865234,18.88449001312256,18.88729763031006,5.0,6.0,7.0,852.0,268.0,33.0,2.0,1.0,1.0,4.0,4.0,4.0,787.5,219.5,18.0,0.0,0.0,0.0,18.38869140625,70.95830374783534,1016.4373689816147,832.0,960.0,512.0,0.079,85,15,73,1016.4,10.0,12.0,13.0,,
2022-10-26 17:07:28,52.393408333,13.041133333,33.6,2.327982306480408,2.470008850097656,2.480291247367859,16.101605415344242,18.5361442565918,18.578088760375977,18.583043098449707,18.585814476013184,5.0,6.0,6.5,861.0,270.5,35.0,1.5,0.5,0.5,4.0,5.0,5.0,841.5,248.5,29.0,0.0,0.0,0.0,18.4012890625,70.93670743023944,1016.4212841191187,960.0,1152.0,448.0,0.079,85,15,73,1016.4,10.0,12.0,13.0,,
2022-10-26 17:07:32,52.393476667,13.041133333,33.8,2.2920196056365967,2.429763436317444,2.437286138534546,15.858341693878176,18.252195358276367,18.29139232635498,18.29600143432617,18.298693656921387,5.0,6.0,6.0,870.0,273.0,37.0,1.0,0.0,0.0,3.0,4.0,4.0,793.5,240.0,31.0,0.0,0.0,0.0,18.41427734375,70.89160613573391,1016.419249156394,864.0,1120.0,416.0,0.079,85,15,73,1016.4,10.0,12.0,13.0,,
2022-10-26 17:07:35,52.393506667,13.04113,32.9,2.3224353790283203,2.459063172340393,2.4630190134048457,16.076504707336426,18.49778938293457,18.534546852111816,18.538838386535645,18.5415153503418,5.0,6.0,7.0,888.0,277.0,35.0,2.0,1.0,1.0,4.0,5.0,5.0,736.5,221.0,31.0,0.0,0.0,0.0,18.42287109375,70.85255653551249,1016.4309122532775,864.0,992.0,448.0,0.079,85,15,73,1016.4,10.0,12.0,13.0,,
2022-10-26 17:07:39,52.393536667,13.041128333,34.5,2.404292345046997,2.5439743995666504,2.545876979827881,16.64775562286377,19.15178871154785,19.18806934356689,19.192286491394047,19.19502830505371,4.5,5.5,6.5,834.0,259.0,29.5,2.0,1.0,1.0,3.0,3.5,3.5,726.0,217.5,30.0,0.0,0.0,0.0,18.4196484375,70.76455265151793,1016.4230821406315,864.0,1184.0,448.0,0.079,85,15,73,1016.4,10.0,12.0,13.0,,
2022-10-26 17:07:39,52.393536667,13.041128333,34.5,2.656089305877685,2.8096758127212524,2.8108747005462646,18.393141746521,21.158350944519047,21.19770336151123,21.202269554138184,21.205284118652344,4.0,5.0,6.0,780.0,241.0,24.0,2.0,1.0,1.0,4.5,4.5,4.5,777.0,230.5,30.0,0.0,0.0,0.0,18.420527343750006,70.77478177194732,1016.4287216939032,992.0,1312.0,384.0,0.079,85,15,73,1016.4,10.0,12.0,13.0,,
2022-10-26 17:07:45,52.393546666999995,13.041128333,35.2,3.3797402381896973,3.5748144388198853,3.575894832611084,23.405285835266113,26.923349380493164,26.973064422607425,26.978827476501465,26.982659339904785,4.0,5.0,6.0,762.0,237.0,30.0,3.0,1.0,1.0,5.0,5.0,5.0,916.5,269.5,37.5,0.0,0.0,0.0,18.434296875,70.77021034221136,1016.4338400443803,960.0,1280.0,544.0,0.079,85,15,73,1016.4,10.0,12.0,13.0,,
2022-10-26 17:07:49,52.393566666999995,13.041128333,39.7,4.3458027839660645,4.595987558364868,4.596567869186401,30.09713554382324,34.61984634399414,34.683115005493164,34.69044303894043,34.69536018371582,4.0,5.0,6.0,771.0,240.0,31.0,3.0,1.0,1.0,6.0,7.0,7.0,1068.0,315.5,56.0,1.0,0.0,0.0,18.455,70.6927084212922,1016.4227425243021,1024.0,1216.0,480.0,0.079,85,15,73,1016.4,10.0,12.0,13.0,,
2022-10-26 17:07:53,52.393584999999995,13.041131667,40.5,4.838693618774414,5.1172404289245605,5.117868900299072,33.51071834564209,38.546363830566406,38.616798400878906,38.62495613098145,38.63042640686035,4.0,5.0,6.0,780.0,243.0,32.0,3.0,1.0,1.0,8.5,11.0,11.0,1413.0,402.0,93.5,2.0,0.0,0.0,18.4778515625,70.56513533672563,1016.4252424455693,864.0,1024.0,416.0,0.079,85,15,73,1016.4,10.0,12.0,13.0,,
2022-10-26 17:07:57,52.393605,13.041139999999999,42.8,5.977337598800659,6.322521686553955,6.324657201766968,41.39362525939941,47.61586570739746,47.70396995544434,47.71418571472168,47.7209644317627,4.0,5.0,6.0,753.0,234.0,36.0,3.0,1.0,1.0,9.5,12.5,13.5,1768.5,505.0,120.5,3.0,1.0,1.0,18.50216796875,70.41433930634669,1016.4343466449692,896.0,992.0,416.0,0.079,85,15,73,1016.4,10.0,12.0,13.0,,
2022-10-26 17:08:00,52.393618333,13.041139999999999,42.0,6.55530571937561,6.9354400634765625,6.939741611480713,45.39198112487793,52.21818542480469,52.31639289855957,52.32779884338379,52.33526229858398,4.0,5.5,6.5,771.0,239.0,37.0,3.5,1.0,1.0,11.5,15.5,17.5,2034.0,569.5,139.0,4.0,2.0,2.0,18.5219921875,70.33345798237855,1016.436039073559,864.0,992.0,480.0,0.068,95,15,73,1016.4,3.0,4.0,5.0,,
2022-10-26 17:08:00,52.393618333,13.041139999999999,42.0,7.000315427780151,7.408755540847777,7.416463136672974,48.466880798339844,55.760169982910156,55.86755752563477,55.88006019592285,55.88807106018066,4.0,6.0,7.0,789.0,244.0,38.0,4.0,1.0,1.0,11.0,15.0,18.0,2053.5,566.0,130.5,6.0,4.0,2.0,18.54201171875,70.24592269185189,1016.4263187776303,864.0,1056.0,384.0,0.068,95,15,73,1016.4,3.0,4.0,5.0,,
2022-10-26 17:08:07,52.393625,13.041143332999999,45.4,7.060608386993407,7.473851203918457,7.4832236766815186,48.8809585571289,56.23894882202149,56.34855461120606,56.36133003234863,56.36943244934082,5.0,6.0,7.0,858.0,273.0,45.0,4.0,1.0,1.0,10.0,13.5,17.5,2074.5,563.5,115.0,7.0,6.0,2.0,18.565546875000006,70.14218669213673,1016.4408333486432,960.0,960.0,480.0,0.068,95,15,73,1016.4,3.0,4.0,5.0,,
2022-10-26 17:08:10,52.393640000000005,13.041135,45.3,6.960907936096191,7.369246482849121,7.379648447036742,48.18828010559082,55.44375038146973,55.55274391174317,55.56545639038086,55.57345962524414,5.0,6.5,7.5,861.0,273.5,47.0,4.0,1.0,1.0,8.5,11.0,15.5,1821.0,502.5,76.5,8.0,6.0,2.0,18.58966796875,70.21307498406277,1016.4496077589,800.0,992.0,448.0,0.068,95,15,73,1016.4,3.0,4.0,5.0,,
2022-10-26 17:08:14,52.393668333,13.041126667,44.2,6.786200523376465,7.1845741271972665,7.195067644119263,46.97809410095215,54.0518798828125,54.15842056274414,54.17085075378418,54.17866325378418,5.0,7.0,8.0,864.0,274.0,49.0,4.0,1.0,1.0,7.5,9.0,13.0,1591.5,440.5,51.5,7.0,5.0,1.0,18.6137890625,70.30077464794982,1016.4592183938023,960.0,1056.0,512.0,0.068,95,15,73,1016.4,3.0,4.0,5.0,,
2022-10-26 17:08:18,52.3937,13.041125,46.9,6.637732982635497,7.02800989151001,7.0390450954437265,45.94869041442871,52.86862564086914,52.97345733642578,52.98569679260254,52.99334716796875,4.0,6.0,7.0,810.0,258.0,49.0,3.0,1.0,1.0,7.0,8.0,11.0,1497.0,419.5,46.0,6.0,4.0,0.0,18.63546875,70.33438816357673,1016.4614476857204,928.0,1120.0,480.0,0.068,95,15,73,1016.4,3.0,4.0,5.0,,
2022-10-26 17:08:21,52.393723333000004,13.041118333,46.0,6.6096136569976816,6.998981475830077,7.010898113250732,45.75208854675293,52.6438045501709,52.74894523620606,52.76122665405274,52.76885795593262,4.0,6.0,7.0,799.5,255.5,48.0,3.0,1.0,1.0,7.5,9.0,11.5,1570.5,441.5,54.0,7.0,2.0,0.0,18.65626953125,70.29397784962921,1016.4546812630824,992.0,1184.0,416.0,0.068,95,15,73,1016.4,3.0,4.0,5.0,,
2022-10-26 17:08:21,52.393723333000004,13.041118333,46.0,6.617431879043579,7.0075509548187265,7.0198426246643075,45.805442810058594,52.70573997497559,52.8112964630127,52.82362937927246,52.83127021789551,4.0,6.0,7.0,789.0,253.0,47.0,3.0,1.0,1.0,8.5,10.0,12.5,1660.5,473.5,68.5,7.0,1.0,0.0,18.676484375,70.20312465278064,1016.4536523072184,928.0,1120.0,448.0,0.068,95,15,73,1016.4,3.0,4.0,5.0,,
2022-10-26 17:08:28,52.393778333,13.041101667000001,51.9,6.527627944946289,6.911253452301025,6.921879768371582,45.186973571777344,51.991859436035156,52.09477615356445,52.106788635253906,52.11430931091309,4.0,7.0,7.0,801.0,259.0,49.0,3.0,0.0,0.0,9.5,11.5,13.5,1693.5,482.0,71.0,6.0,2.0,0.0,18.69513671875,70.11877154150517,1016.4559126623178,864.0,1024.0,512.0,0.068,95,15,73,1016.4,3.0,4.0,5.0,,
2022-10-26 17:08:31,52.393805,13.041091667,50.7,6.310059547424316,6.6774635314941415,6.683459758758545,43.689870834350586,50.26289558410645,50.358924865722656,50.37009811401367,50.37730407714844,4.5,7.0,7.0,829.5,267.5,51.5,3.0,0.0,0.0,9.0,11.5,13.5,1683.0,477.0,74.5,7.0,3.0,0.0,18.70900390625,70.0538311000918,1016.4544715589792,1056.0,1376.0,512.0,0.068,95,15,73,1016.4,3.0,4.0,5.0,,
2022-10-26 17:08:35,52.393836666999995,13.041080000000001,47.1,6.128206729888916,6.482443332672119,6.485057353973389,42.43751335144043,48.81730651855469,48.9079761505127,48.91849708557129,48.92544937133789,5.0,7.0,7.0,858.0,276.0,54.0,3.0,0.0,0.0,8.5,10.5,13.5,1539.0,433.0,68.0,8.0,4.0,0.0,18.7192578125,69.95481298878839,1016.4554539513271,992.0,1312.0,480.0,0.068,95,15,73,1016.4,3.0,4.0,5.0,,
2022-10-26 17:08:39,52.393878333,13.041076667,43.3,5.8229713439941415,6.158503532409668,6.159664630889893,40.32655334472656,46.38701820373535,46.47210693359375,46.48196601867676,46.48855400085449,5.0,7.0,7.0,843.0,273.0,45.0,2.0,0.0,0.0,7.5,8.5,11.0,1329.0,376.5,48.0,5.0,4.0,0.0,18.73,69.87266907807654,1016.4547260892081,896.0,1120.0,448.0,0.068,95,15,73,1016.4,3.0,4.0,5.0,,
2022-10-26 17:08:39,52.393878333,13.041076667,43.3,5.415060043334961,5.726608753204347,5.727092981338501,37.502851486206055,43.1380615234375,43.21670722961426,43.225812911987305,43.23193550109863,5.0,7.0,7.0,843.0,273.0,45.0,2.0,0.0,0.0,6.0,7.0,8.5,1149.0,328.5,28.5,3.0,3.0,0.0,18.74123046875,69.79063368091056,1016.4522879426137,768.0,864.0,448.0,0.068,95,15,73,1016.4,3.0,4.0,5.0,,
2022-10-26 17:08:39,52.393878333,13.041076667,43.3,4.950189113616943,5.234803676605225,5.235011100769043,34.2838077545166,39.43497276306152,39.50667572021485,39.51497459411621,39.52056694030762,5.0,7.0,7.0,843.0,273.0,45.0,2.0,0.0,0.0,6.0,7.0,8.0,1020.0,300.5,30.5,2.0,2.0,0.0,18.75392578125,69.71555331418335,1016.4539414841651,896.0,1216.0,544.0,0.068,95,15,73,1016.4,3.0,4.0,5.0,,
2022-10-26 17:08:49,52.39393,13.041056667000001,53.0,4.4559736251831055,4.712088584899902,4.712171792984009,30.86120796203613,35.49796867370605,35.562429428100586,35.56989097595215,35.57492256164551,5.0,7.0,7.0,894.0,290.0,45.0,2.0,0.0,0.0,5.0,6.0,6.5,907.5,264.0,32.5,1.0,1.0,0.0,18.76544921875,69.63027258096007,1016.4553386542636,864.0,1088.0,416.0,0.068,95,15,73,1016.4,3.0,4.0,5.0,,
2022-10-26 17:08:53,52.393933333,13.041056667000001,53.2,4.1419293880462655,4.3799612522125235,4.379998207092285,28.6862850189209,32.9962100982666,33.05609893798828,33.06302833557129,33.067703247070305,5.0,6.5,6.5,882.0,286.0,43.0,1.5,0.0,0.0,4.0,4.0,4.0,835.5,251.0,25.0,0.0,0.0,0.0,18.77296875,69.54105143388526,1016.4501326549021,896.0,1088.0,416.0,0.068,95,15,73,1016.4,3.0,4.0,5.0,,
2022-10-26 17:08:56,52.393936667,13.041058332999999,56.3,3.923046231269837,4.148483276367188,4.14849853515625,27.17038154602051,31.25252246856689,31.30922794342041,31.315789222717285,31.32021903991699,5.0,6.0,6.0,870.0,282.0,41.0,1.0,0.0,0.0,3.5,4.0,4.0,796.5,235.5,29.0,0.0,0.0,0.0,18.77912109375,69.52192536758429,1016.4527325686653,960.0,1152.0,384.0,0.068,95,15,73,1016.4,3.0,4.0,5.0,,
2022-10-26 17:09:00,52.393951666999996,13.041053332999999,60.4,3.680703043937683,3.892208814620972,3.892215251922608,25.491966247558594,29.321929931640625,29.37512493133545,29.38128089904785,29.385437965393066,4.0,6.0,6.0,801.0,257.0,35.0,1.0,0.0,0.0,3.5,4.5,4.5,774.0,223.0,33.0,0.0,0.0,0.0,18.78322265625,69.51921517751862,1016.45614260056,896.0,1088.0,416.0,0.067,95,15,72,1016.4,2.0,3.0,4.0,,
2022-10-26 17:09:00,52.393951666999996,13.041053332999999,60.4,3.4580007791519165,3.6567058563232417,3.656708598136902,23.949573516845703,27.5477991104126,27.5977725982666,27.603557586669922,27.60746097564697,4.0,6.0,6.0,798.0,256.5,36.0,1.0,0.0,0.0,3.5,4.5,4.5,802.5,226.0,32.5,0.0,0.0,0.0,18.78947265625,69.4967603802611,1016.463095431315,896.0,1120.0,480.0,0.067,95,15,72,1016.4,2.0,3.0,4.0,,
2022-10-26 17:09:06,52.393995000000004,13.041046667,62.4,3.3143794536590576,3.5048311948776245,3.5048344135284424,22.95487689971924,26.40365505218506,26.45155239105225,26.45709800720215,26.46083831787109,4.0,6.0,6.0,795.0,256.0,37.0,1.0,0.0,0.0,3.5,3.5,3.5,772.5,217.5,26.0,0.0,0.0,0.0,18.79484375,69.39388069890433,1016.4635683426013,960.0,1216.0,416.0,0.067,95,15,72,1016.4,2.0,3.0,4.0,,
2022-10-26 17:09:10,52.394026667,13.041036667,57.2,3.1454682350158687,3.3262139558792114,3.32621705532074,21.785024642944336,25.0580415725708,25.103498458862305,25.10876178741455,25.11231136322021,4.0,6.0,6.0,783.0,252.0,33.0,1.0,0.0,0.0,2.5,3.0,3.0,747.0,208.0,24.0,0.0,0.0,0.0,18.797578125,69.29064117275334,1016.462208434084,864.0,1056.0,416.0,0.067,95,15,72,1016.4,2.0,3.0,4.0,,
2022-10-26 17:09:14,52.394066667,13.041035,53.3,3.1437456607818604,3.3243923187255864,3.3243954181671143,21.773094177246094,25.044318199157715,25.08975124359131,25.09501075744629,25.09855842590332,4.0,6.0,6.0,787.5,253.5,33.0,1.0,0.0,0.0,3.0,3.5,5.0,678.0,191.0,23.0,2.0,2.0,0.0,18.7969921875,69.22035460091521,1016.4671111855484,864.0,1184.0,544.0,0.067,95,15,72,1016.4,2.0,3.0,4.0,,
2022-10-26 17:09:17,52.394088333,13.041033333,54.1,3.2186076641082764,3.403555989265442,3.40355920791626,22.29157543182373,25.640698432922363,25.687211990356445,25.692596435546875,25.696228981018066,4.0,6.0,6.0,792.0,255.0,33.0,1.0,0.0,0.0,2.0,2.0,3.0,598.5,164.0,18.0,2.0,2.0,0.0,18.79748046875,69.11350983888236,1016.4737853516724,960.0,1344.0,448.0,0.067,95,15,72,1016.4,2.0,3.0,4.0,,
2022-10-26 17:09:21,52.394116667,13.041026667,50.4,3.2543669939041138,3.441370248794556,3.441373348236084,22.53924083709717,25.92557239532471,25.972601890563965,25.978047370910645,25.98172092437744,4.0,5.0,5.0,774.0,247.0,31.0,0.0,0.0,0.0,1.0,1.0,2.0,528.0,137.0,10.0,2.0,2.0,0.0,18.80275390625,69.00411687979059,1016.4640359396768,864.0,1056.0,448.0,0.067,95,15,72,1016.4,2.0,3.0,4.0,,
2022-10-26 17:09:21,52.394116667,13.041026667,50.4,3.158316731452942,3.3398008346557617,3.3398038148880005,21.874011039733887,25.16039752960205,25.20604038238525,25.21132469177246,25.21488952636719,3.5,5.0,5.0,748.5,237.5,29.0,0.0,0.0,0.0,1.5,2.0,3.0,579.0,161.5,16.0,2.0,2.0,0.0,18.810859375,68.93526493982525,1016.4631484524657,928.0,1152.0,512.0,0.067,95,15,72,1016.4,2.0,3.0,4.0,,
2022-10-26 17:09:28,52.394171666999995,13.041003332999999,45.9,3.0955668687820435,3.2734450101852417,3.27344810962677,21.43941593170166,24.66050720214844,24.70524311065674,24.710421562194824,24.713915824890137,3.0,5.0,5.0,723.0,228.0,27.0,0.0,0.0,0.0,2.0,2.0,3.0,601.5,170.5,13.0,2.0,2.0,0.0,18.8200390625,68.84658138020873,1016.4606781927713,960.0,1280.0,480.0,0.067,95,15,72,1016.4,2.0,3.0,4.0,,
2022-10-26 17:09:31,52.394206667,13.040986667,45.9,3.0251331329345703,3.1989641189575195,3.1989669799804688,20.9516019821167,24.09940433502197,24.14312171936035,24.14818286895752,24.15159702301025,3.0,5.0,5.0,738.0,233.0,28.0,0.0,0.0,0.0,2.0,2.0,2.0,651.0,185.0,11.0,0.0,0.0,0.0,18.830390625,68.80814310216988,1016.4618168196276,832.0,896.0,448.0,0.067,95,15,72,1016.4,2.0,3.0,4.0,,
2022-10-26 17:09:35,52.39424,13.040993333,44.3,2.88904869556427,3.055060029029846,3.0550628900527954,20.009102821350094,23.01530265808105,23.057053565979004,23.06188774108887,23.06514835357666,3.0,5.0,5.0,724.5,228.5,28.0,0.5,0.0,0.0,3.0,3.0,3.0,700.5,208.0,13.0,0.0,0.0,0.0,18.83703125,68.86588205577553,1016.4702515063063,896.0,960.0,448.0,0.067,95,15,72,1016.4,2.0,3.0,4.0,,
2022-10-26 17:09:39,52.394281667,13.040981667,43.3,2.676570773124695,2.8303725719451904,2.8303750753402714,18.53751277923584,21.322619438171387,21.361299514770508,21.365777015686035,21.36879825592041,3.0,5.0,5.0,711.0,224.0,28.0,1.0,0.0,0.0,4.0,4.5,4.5,760.5,233.0,17.0,0.0,0.0,0.0,18.84318359375,68.84681129489138,1016.4669807074972,896.0,1024.0,512.0,0.067,95,15,72,1016.4,2.0,3.0,4.0,,
2022-10-26 17:09:42,52.394304999999996,13.040980000000001,45.5,2.562648057937622,2.7099034786224365,2.709906101226806,17.748501777648926,20.415064811706547,20.452099800109863,20.45638656616211,20.45927906036377,3.0,5.0,5.0,699.0,220.0,24.0,1.0,0.0,0.0,2.5,3.5,3.5,696.0,206.5,10.0,0.0,0.0,0.0,18.85021484375,68.83121383168648,1016.4676744235173,800.0,864.0,416.0,0.067,95,15,72,1016.4,2.0,3.0,4.0,,
2022-10-26 17:09:42,52.394304999999996,13.040980000000001,45.5,2.5337263345718384,2.679319977760315,2.679322361946106,17.548194885253903,20.184663772583008,20.221280097961426,20.22551918029785,20.228379249572754,3.0,5.0,5.0,676.5,213.5,24.0,1.0,0.0,0.0,3.5,3.5,3.5,753.0,217.5,13.0,0.0,0.0,0.0,18.85548828125,68.83870053324318,1016.4713389654112,768.0,864.0,448.0,0.067,95,15,72,1016.4,2.0,3.0,4.0,,
2022-10-26 17:09:49,52.394376666999996,13.041003332999999,43.6,2.5885554552078247,2.7372995615005493,2.73730206489563,17.927931785583496,20.621453285217285,20.65886211395264,20.66319274902344,20.66611385345459,3.0,5.0,5.0,654.0,207.0,24.0,1.0,0.0,0.0,4.0,5.0,5.0,810.0,233.0,22.0,0.0,0.0,0.0,18.85275390625,68.84495084325215,1016.4718611514253,800.0,832.0,448.0,0.067,95,15,72,1016.4,2.0,3.0,4.0,,
2022-10-26 17:09:52,52.394408333,13.040999999999999,43.5,2.7045345306396484,2.8599431514739986,2.8599457740783687,18.731185913085934,21.54538917541504,21.58447360992432,21.588998794555664,21.59205150604248,3.0,5.0,5.0,681.0,218.0,26.0,1.0,0.0,0.0,3.0,4.0,4.0,837.0,235.5,32.0,0.0,0.0,0.0,18.84640625,68.71723134088111,1016.4706177169162,832.0,1024.0,448.0,0.067,95,15,72,1016.4,2.0,3.0,4.0,,
2022-10-26 17:09:56,52.39448,13.04096,43.0,2.79532790184021,2.9559537172317505,2.9559563398361206,19.36000633239746,22.268685340881348,22.30908203125,22.31375789642334,22.316913604736328,3.5,5.0,5.0,690.0,219.5,24.0,1.0,0.0,0.0,3.5,5.0,5.0,804.0,225.0,32.0,0.0,0.0,0.0,18.85275390625,68.62485748319341,1016.4710226496867,864.0,960.0,416.0,0.067,95,15,72,1016.4,2.0,3.0,4.0,,
2022-10-26 17:10:00,52.394513333,13.040918332999999,40.2,2.843536853790283,3.006932854652405,3.0069355964660645,19.693894386291504,22.65273761749268,22.693830490112305,22.69858741760254,22.70179748535156,4.0,5.0,5.0,699.0,221.0,22.0,1.0,0.0,0.0,3.5,4.5,4.5,829.5,232.0,35.0,0.0,0.0,0.0,18.8661328125,68.47697888571207,1016.4645740579632,800.0,992.0,512.0,0.067,95,15,72,1016.4,2.0,3.0,4.0,,
2022-10-26 17:10:00,52.394513333,13.040918332999999,40.2,2.9102379083633423,3.0774667263031006,3.07746958732605,20.155856132507324,23.18410396575928,23.226161003112797,23.23102951049805,23.234314918518066,3.0,5.0,5.0,696.0,216.0,24.0,2.0,0.0,0.0,3.0,4.0,4.0,754.5,215.5,32.0,0.0,0.0,0.0,18.8817578125,68.42942062636429,1016.4660205786934,896.0,1024.0,384.0,0.067,95,15,72,1016.4,2.0,3.0,4.0,,
2022-10-26 17:10:00,52.394513333,13.040918332999999,40.2,2.9322444200515747,3.100737810134888,3.100740671157837,20.308269500732425,23.359416007995605,23.40179252624512,23.406697273254395,23.41000747680664,3.0,5.0,5.0,676.5,209.5,22.5,2.0,0.0,0.0,3.0,4.0,4.0,742.5,212.0,25.0,0.0,0.0,0.0,18.89103515625,68.50745420064014,1016.4679009726759,864.0,1088.0,448.0,0.067,95,15,72,1016.4,2.0,3.0,4.0,,
2022-10-26 17:10:10,52.39462,13.040848333,40.0,2.91443395614624,3.08190393447876,3.0819066762924194,20.18491744995117,23.217531204223636,23.2596492767334,23.264525413513184,23.26781463623047,3.0,5.0,5.0,657.0,203.0,21.0,2.0,0.0,0.0,4.0,4.5,5.0,751.5,211.0,19.0,1.0,1.0,0.0,18.9028515625,68.58590577912264,1016.4613890608777,832.0,928.0,416.0,0.067,95,15,72,1016.4,2.0,3.0,4.0,,
2022-10-26 17:10:14,52.394641666999995,13.040808333,38.2,2.840614318847656,3.0038423538208012,3.0038450956344604,19.673653602600094,22.629453659057614,22.67050552368164,22.67525768280029,22.67846393585205,3.0,4.0,5.0,624.0,194.0,19.0,3.0,1.0,0.0,3.0,3.5,4.5,777.0,216.0,19.0,2.0,2.0,0.0,18.91603515625,68.60459870007102,1016.459646246248,960.0,1184.0,512.0,0.067,95,15,72,1016.4,2.0,3.0,4.0,,
2022-10-26 17:10:17,52.394661667,13.040775,36.1,2.821964263916016,2.984120607376098,2.9841233491897583,19.5444860458374,22.480880737304688,22.52166175842285,22.52638339996338,22.529568672180176,3.0,4.5,5.0,634.5,199.5,22.0,3.0,1.0,0.0,4.0,5.0,6.0,874.5,241.5,21.0,2.0,2.0,0.0,18.9278515625,68.57309091678249,1016.4732589421332,832.0,1024.0,384.0,0.067,95,15,72,1016.4,2.0,3.0,4.0,,
2022-10-26 17:10:21,52.394686666999995,13.040738333,34.9,2.797877550125122,2.9586498737335205,2.95865261554718,19.37766456604004,22.288996696472168,22.32943058013916,22.33411121368408,22.33726978302002,3.0,5.0,5.0,645.0,205.0,25.0,3.0,1.0,0.0,4.0,5.0,6.0,921.0,253.5,21.0,2.0,2.0,0.0,18.93078125,68.49024497821874,1016.4713805970352,864.0,1120.0,480.0,0.067,95,15,72,1016.4,2.0,3.0,4.0,,
2022-10-26 17:10:21,52.394686666999995,13.040738333,34.9,2.7708113193511963,2.9300284385681152,2.9300310611724854,19.190208435058594,22.073376655578613,22.11341953277588,22.11805534362793,22.121182441711426,4.0,5.0,6.0,699.0,221.0,27.0,3.0,1.0,0.0,4.0,5.0,6.0,913.5,250.0,20.0,2.0,2.0,0.0,18.92560546875,68.43948732982233,1016.4687169783953,832.0,1024.0,384.0,0.067,95,15,72,1016.4,2.0,3.0,4.0,,
2022-10-26 17:10:27,52.394715000000005,13.040685,38.1,2.7950750589370728,2.9556864500045776,2.955689072608948,19.35825538635254,22.266671180725094,22.307064056396484,22.311739921569824,22.314894676208496,4.0,5.0,5.5,702.0,222.0,26.0,2.5,1.0,0.0,4.0,4.0,4.5,846.0,229.0,15.0,1.0,1.0,0.0,18.91603515625,68.5079702515317,1016.4747407026747,896.0,1184.0,416.0,0.067,95,15,72,1016.4,2.0,3.0,4.0,,
2022-10-26 17:10:31,52.394728333,13.040655000000001,39.9,2.8664629459381104,3.0311763286590576,3.0311790704727173,19.85267639160156,22.83537483215332,22.87679958343506,22.881595611572266,22.8848295211792,4.0,5.0,5.0,705.0,223.0,25.0,2.0,1.0,0.0,4.0,4.0,4.0,831.0,228.5,19.0,0.0,0.0,0.0,18.90568359375,68.68301112916276,1016.4828299160204,832.0,992.0,480.0,0.067,95,15,72,1016.4,2.0,3.0,4.0,,
2022-10-26 17:10:35,52.394754999999996,13.040621667,41.6,2.8953025341033936,3.0616729259490967,3.0616757869720463,20.052414894104004,23.0651216506958,23.10696315765381,23.11180782318115,23.115074157714844,3.0,4.0,5.0,693.0,219.0,25.0,2.0,1.0,0.0,3.5,3.5,3.5,700.5,192.5,14.0,0.0,0.0,0.0,18.89103515625,68.69075706987883,1016.4821562687014,928.0,1216.0,480.0,0.067,95,15,72,1016.4,2.0,3.0,4.0,,
2022-10-26 17:10:38,52.394768333,13.040593333,40.5,2.871476531028748,3.0364780426025386,3.0364806652069087,19.88740062713623,22.87531471252441,22.916810989379886,22.921615600585934,22.9248571395874,3.5,4.5,5.5,738.0,234.0,28.0,2.5,1.0,0.0,3.0,3.0,3.0,664.5,178.5,16.5,0.0,0.0,0.0,18.87775390625,68.55873233464595,1016.4854131343867,832.0,928.0,384.0,0.067,95,15,72,1016.4,2.0,3.0,4.0,,
2022-10-26 17:10:42,52.394786667,13.040566667,40.9,2.809604525566101,2.97105085849762,2.9710534811019897,19.458884239196774,22.382418632507324,22.42302227020264,22.427722930908203,22.430892944335934,4.0,5.0,6.0,783.0,249.0,31.0,3.0,1.0,0.0,3.0,3.0,3.0,645.0,172.5,20.0,0.0,0.0,0.0,18.86662109375,68.50036937279133,1016.4938887564964,768.0,896.0,384.0,0.067,95,15,72,1016.4,2.0,3.0,4.0,,
2022-10-26 17:10:42,52.394786667,13.040566667,40.9,2.784324288368225,2.9443179368972783,2.944320559501648,19.28379726409912,22.181026458740234,22.221263885498047,22.22592163085937,22.22906494140625,4.0,6.0,6.0,765.0,243.0,33.0,4.0,1.0,0.0,3.5,4.0,4.0,685.5,188.0,22.0,0.0,0.0,0.0,18.86310546875,68.46318934985453,1016.4956383294676,992.0,1152.0,448.0,0.067,95,15,72,1016.4,2.0,3.0,4.0,,
2022-10-26 17:10:49,52.394818333,13.040518333,45.4,2.802363872528076,2.9633939266204834,2.963396668434143,19.40873622894287,22.32473659515381,22.365234375,22.369922637939453,22.373085975646973,4.0,6.0,6.0,754.5,241.5,33.0,4.0,1.0,0.0,3.5,4.0,5.0,714.0,197.0,18.0,2.0,2.0,0.0,18.8645703125,68.43344107062845,1016.4955382430452,960.0,1120.0,448.0,0.067,95,15,72,1016.4,2.0,3.0,4.0,,
2022-10-26 17:10:52,52.394836667,13.040496667000001,47.8,2.89435613155365,3.0606722831726074,3.060675024986267,20.04586124420166,23.05758285522461,23.09941005706787,23.104252815246586,23.107519149780273,4.0,6.0,6.0,744.0,240.0,33.0,4.0,1.0,0.0,4.0,4.0,5.0,781.5,223.5,17.0,2.0,2.0,0.0,18.8653515625,68.45687312587549,1016.4951494532843,768.0,832.0,448.0,0.067,95,15,72,1016.4,2.0,3.0,4.0,,
2022-10-26 17:10:56,52.394856667,13.040461667,52.8,2.915427803993225,3.08295476436615,3.0829576253890987,20.19180011749268,23.22544765472412,23.26758098602295,23.27245807647705,23.27574920654297,4.0,6.0,6.0,813.0,263.0,31.0,3.0,1.0,0.0,4.0,4.0,5.0,795.0,230.5,17.5,2.0,2.0,0.0,18.8628125,68.49312148902538,1016.4968322448019,896.0,1280.0,512.0,0.067,95,15,72,1016.4,2.0,3.0,4.0,,
2022-10-26 17:11:00,52.394884999999995,13.040433333,56.0,2.8972309827804565,3.063712239265442,3.063715100288391,20.065771102905273,23.080485343933105,23.12235355377197,23.127202033996586,23.130471229553226,4.5,6.0,6.5,832.5,269.5,33.5,3.0,1.0,0.0,4.0,4.0,5.0,771.0,224.5,14.0,2.0,2.0,0.0,18.85353515625,68.51834551168778,1016.5033353551967,832.0,960.0,480.0,0.067,95,15,72,1016.4,2.0,3.0,4.0,,
2022-10-26 17:11:03,52.3949,13.040408333,50.4,2.948159456253052,3.1175674200057983,3.117570281028748,20.418495178222656,23.486202239990234,23.528807640075684,23.533740043640137,23.537067413330078,5.0,6.0,7.0,852.0,276.0,36.0,3.0,1.0,0.0,3.5,4.0,5.0,738.0,215.0,10.0,2.0,2.0,0.0,18.84328125,68.48012802522257,1016.5015196751832,864.0,992.0,416.0,0.067,95,15,72,1016.4,2.0,3.0,4.0,,
2022-10-26 17:11:03,52.3949,13.040408333,50.4,3.0443947315216064,3.219332456588745,3.219335436820984,21.08500576019287,24.252849578857425,24.29684638977051,24.30193901062012,24.30537509918213,5.0,6.0,7.0,864.0,280.0,40.0,3.0,1.0,1.0,3.0,3.0,3.0,708.0,205.0,6.0,0.0,0.0,0.0,18.83341796875,68.39536735098635,1016.4995092348296,832.0,992.0,416.0,0.067,95,15,72,1016.4,2.0,3.0,4.0,,
2022-10-26 17:11:10,52.394898333,13.040396667000001,43.1,3.04263687133789,3.2174735069274902,3.2174763679504395,21.072830200195312,24.23884582519531,24.28281593322754,24.28790664672852,24.29134082794189,4.5,5.5,6.5,876.0,284.0,39.0,3.0,1.0,1.0,3.0,3.0,3.0,657.0,178.5,6.0,0.0,0.0,0.0,18.8423046875,68.29021950400467,1016.4999092721615,800.0,1024.0,544.0,0.067,95,15,72,1016.4,2.0,3.0,4.0,,
2022-10-26 17:11:14,52.394896667,13.040398332999999,45.5,2.9835245609283447,3.1549646854400635,3.1549675464630127,20.66342830657959,23.76793384552002,23.811050415039066,23.81604290008545,23.81941032409668,4.0,5.0,6.0,888.0,288.0,38.0,3.0,1.0,1.0,2.5,2.5,2.5,606.0,161.5,5.0,0.0,0.0,0.0,18.85958984375,68.37941801437913,1016.4789405613112,800.0,992.0,1088.0,0.067,95,15,72,1016.4,2.0,3.0,4.0,,
